id,food_code,description,weight_g
1,BRC0001C,Colher sopa cheia,45.00
2,BRC0001C,Copo americano duplo,200.00
3,BRC0001C,Copo americano pequeno,130.00
4,BRC0001C,Pedaço/ Unidade/ Fatia (M),370.00
5,BRC0001C,Prato fundo,450.00
6,BRC0001C,Prato raso,350.00
7,BRC0195C,Pedaço/ Unidade/ Fatia (M),80.00
8,BRC0300C,Porção média,80.00
9,BRC0054C,Pedaço/ Unidade/ Fatia (M),100.00
10,BRC0264C,Porção média,30.00
11,BRC0218C,Fatia média,70.00
12,BRC0002C,Pedaço/ Unidade/ Fatia (M),75.00
13,BRC0069C,Pedaço/ Unidade/ Fatia (M),20.00
14,BRC0069C,Porção média,60.00
15,BRC0680B,Porção média,90.00
16,BRC0059B,Colher sopa cheia,36.00
17,BRC0059B,Colher sopa rasa,16.00
18,BRC0059B,Escumadeira cheia,100.00
19,BRC0059B,Escumadeira rasa,70.00
20,BRC0002B,Colher sopa cheia,28.00
21,BRC0002B,Colher sopa rasa,18.00
22,BRC0003B,Colher sopa cheia,28.00
23,BRC0003B,Colher sopa rasa,18.00
24,BRC0151B,Colher sopa cheia,30.00
25,BRC0151B,Colher sopa rasa,20.00
26,BRC0151B,Escumadeira cheia,105.00
27,BRC0151B,Escumadeira rasa,70.00
28,BRC0101B,Colher sopa cheia,30.00
29,BRC0101B,Colher sopa rasa,20.00
30,BRC0101B,Escumadeira cheia,105.00
31,BRC0101B,Escumadeira rasa,70.00
32,BRC0270B,Colher sopa cheia,36.00
33,BRC0270B,Colher sopa rasa,16.00
34,BRC0270B,Escumadeira cheia,100.00
35,BRC0270B,Escumadeira rasa,70.00
36,BRC0269B,Colher sopa cheia,36.00
37,BRC0269B,Colher sopa rasa,16.00
38,BRC0269B,Escumadeira cheia,100.00
39,BRC0269B,Escumadeira rasa,70.00
40,BRC0355B,Colher sopa cheia,30.00
41,BRC0355B,Colher sopa rasa,20.00
42,BRC0355B,Escumadeira cheia,105.00
43,BRC0355B,Escumadeira rasa,70.00
44,BRC0354B,Colher sobremesa rasa,20.00
45,BRC0354B,Colher sopa cheia,30.00
46,BRC0354B,Escumadeira cheia,105.00
47,BRC0354B,Escumadeira rasa,70.00
48,BRC0226B,Colher sopa cheia,36.00
49,BRC0226B,Colher sopa rasa,16.00
50,BRC0226B,Escumadeira cheia,100.00
51,BRC0226B,Escumadeira rasa,70.00
52,BRC0226B,Pedaço/ Unidade/ Fatia (M),50.00
53,BRC0225B,Colher sopa cheia,36.00
54,BRC0225B,Colher sopa rasa,16.00
55,BRC0225B,Escumadeira cheia,100.00
56,BRC0225B,Escumadeira rasa,70.00
57,BRC0225B,Pedaço/ Unidade/ Fatia (M),50.00
58,BRC0166B,Colher sopa cheia,36.00
59,BRC0166B,Colher sopa rasa,16.00
60,BRC0166B,Escumadeira cheia,100.00
61,BRC0166B,Escumadeira rasa,70.00
62,BRC0166B,Pedaço/ Unidade/ Fatia (M),50.00
63,BRC0165B,Colher sopa cheia,36.00
64,BRC0165B,Colher sopa rasa,16.00
65,BRC0165B,Escumadeira cheia,100.00
66,BRC0165B,Escumadeira rasa,70.00
67,BRC0165B,Pedaço/ Unidade/ Fatia (M),50.00
68,BRC0004B,Colher sopa cheia,28.00
69,BRC0004B,Colher sopa rasa,18.00
70,BRC0064B,Colher sopa cheia,36.00
71,BRC0064B,Colher sopa rasa,16.00
72,BRC0064B,Escumadeira cheia,100.00
73,BRC0064B,Escumadeira rasa,70.00
74,BRC0228B,Colher sopa cheia,36.00
75,BRC0228B,Colher sopa rasa,16.00
76,BRC0228B,Escumadeira cheia,100.00
77,BRC0228B,Escumadeira rasa,70.00
78,BRC0228B,Pedaço/ Unidade/ Fatia (M),50.00
79,BRC0227B,Colher sopa cheia,36.00
80,BRC0227B,Colher sopa rasa,16.00
81,BRC0227B,Escumadeira cheia,100.00
82,BRC0227B,Escumadeira rasa,70.00
83,BRC0227B,Pedaço/ Unidade/ Fatia (M),50.00
84,BRC0005B,Colher sopa cheia,28.00
85,BRC0005B,Colher sopa rasa,18.00
86,BRC0001B,Colher sopa cheia,28.00
87,BRC0001B,Colher sopa rasa,18.00
88,BRC0725B,Porção média,120.00
89,BRC0266B,Pedaço/ Unidade/ Fatia (M),25.00
90,BRC0265B,Pedaço/ Unidade/ Fatia (M),25.00
91,BRC0232B,Pedaço/ Unidade/ Fatia (M),25.00
92,BRC0231B,Pedaço/ Unidade/ Fatia (M),25.00
93,BRC0152B,Pedaço/ Unidade/ Fatia (M),25.00
94,BRC0040B,Colher servir cheia,70.00
95,BRC0040B,Colher servir rasa,35.00
96,BRC0040B,Colher sopa cheia,30.00
97,BRC0040B,Colher sopa rasa,20.00
98,BRC0040B,Escumadeira cheia,90.00
99,BRC0040B,Escumadeira rasa,40.00
100,BRC0006B,Colher sopa cheia,16.00
101,BRC0006B,Colher sopa rasa,11.00
102,BRC0264B,Colher servir cheia,50.00
103,BRC0264B,Colher servir rasa,35.00
104,BRC0264B,Colher sopa cheia,30.00
105,BRC0264B,Colher sopa rasa,20.00
106,BRC0264B,Escumadeira cheia,70.00
107,BRC0264B,Escumadeira rasa,35.00
108,BRC0263B,Colher servir cheia,70.00
109,BRC0263B,Colher servir rasa,35.00
110,BRC0263B,Colher sopa cheia,30.00
111,BRC0263B,Colher sopa rasa,20.00
112,BRC0263B,Escumadeira cheia,70.00
113,BRC0263B,Escumadeira rasa,35.00
114,BRC0153B,Colher servir cheia,70.00
115,BRC0153B,Colher servir rasa,35.00
116,BRC0153B,Colher sopa cheia,30.00
117,BRC0153B,Colher sopa rasa,20.00
118,BRC0153B,Escumadeira cheia,70.00
119,BRC0153B,Escumadeira rasa,35.00
120,BRC0104B,Colher servir cheia,70.00
121,BRC0104B,Colher servir rasa,35.00
122,BRC0104B,Colher sopa cheia,30.00
123,BRC0104B,Colher sopa rasa,20.00
124,BRC0104B,Escumadeira cheia,90.00
125,BRC0104B,Escumadeira rasa,40.00
126,BRC0800B,Colher café cheia,4.00
127,BRC0800B,Colher café rasa,1.00
128,BRC0003C,Pedaço/ Unidade/ Fatia (M),200.00
129,BRC0185C,Porção média,200.00
130,BRC0201C,Pedaço/ Unidade/ Fatia (M),200.00
131,BRC0177C,Pedaço/ Unidade/ Fatia (M),200.00
132,BRC0095C,Copo americano duplo,240.00
133,BRC0095C,Copo americano pequeno,165.00
134,BRC0203T,Pedaço/ Unidade/ Fatia (M),80.00
135,BRC0061T,Pedaço/ Unidade/ Fatia (M),80.00
136,BRC0212B,Colher sopa cheia,25.00
137,BRC0211B,Colher sopa cheia,25.00
138,BRC0007B,Colher servir cheia,10.00
139,BRC0007B,Colher sopa cheia,6.00
140,BRC0202B,Colher sopa cheia,25.00
141,BRC0201B,Colher sopa cheia,25.00
142,BRC0004C,Pedaço/ Unidade/ Fatia (M),36.00
143,BRC0001K,Colher café cheia,2.00
144,BRC0001K,Colher chá cheia,4.00
145,BRC0001K,Colher chá rasa,2.00
146,BRC0001K,Colher sobremesa cheia,10.00
147,BRC0001K,Colher sobremesa rasa,7.00
148,BRC0001K,Colher sopa cheia,15.00
149,BRC0001K,Colher sopa rasa,10.00
150,BRC0002K,Colher café cheia,2.00
151,BRC0002K,Colher chá cheia,4.00
152,BRC0002K,Colher chá rasa,2.00
153,BRC0002K,Colher sobremesa cheia,10.00
154,BRC0002K,Colher sobremesa rasa,7.00
155,BRC0002K,Colher sopa cheia,15.00
156,BRC0002K,Colher sopa rasa,10.00
157,BRC0003K,Colher café cheia,2.00
158,BRC0003K,Colher chá cheia,4.00
159,BRC0003K,Colher chá rasa,2.00
160,BRC0003K,Colher sobremesa cheia,10.00
161,BRC0003K,Colher sobremesa rasa,7.00
162,BRC0003K,Colher sopa cheia,15.00
163,BRC0003K,Colher sopa rasa,10.00
164,BRC0129K,Colher café cheia,2.00
165,BRC0129K,Colher chá cheia,4.00
166,BRC0129K,Colher chá rasa,2.00
167,BRC0129K,Colher sobremesa cheia,10.00
168,BRC0129K,Colher sobremesa rasa,7.00
169,BRC0129K,Colher sopa cheia,15.00
170,BRC0129K,Colher sopa rasa,10.00
171,BRC0101N,Colher sopa rasa,10.00
172,BRC0004K,Colher café cheia,2.00
173,BRC0004K,Colher café rasa,1.00
174,BRC0004K,Colher chá cheia,5.00
175,BRC0004K,Colher chá rasa,3.00
176,BRC0004K,Colher sobremesa cheia,16.00
177,BRC0004K,Colher sobremesa rasa,9.00
178,BRC0004K,Colher sopa cheia,24.00
179,BRC0004K,Colher sopa rasa,15.00
180,BRC0004K,Xícara chá,170.00
181,BRC0005K,Colher café cheia,2.00
182,BRC0005K,Colher café rasa,1.00
183,BRC0005K,Colher chá cheia,5.00
184,BRC0005K,Colher chá rasa,3.00
185,BRC0005K,Colher sobremesa cheia,16.00
186,BRC0005K,Colher sobremesa rasa,9.00
187,BRC0005K,Colher sopa cheia,24.00
188,BRC0005K,Colher sopa rasa,15.00
189,BRC0005K,Copo americano duplo,219.00
190,BRC0005K,Copo americano pequeno,160.00
191,BRC0005K,Xícara chá,170.00
192,BRC0704N,Colher café cheia,2.00
193,BRC0704N,Colher café rasa,1.00
194,BRC0704N,Colher chá cheia,5.00
195,BRC0704N,Colher chá rasa,3.00
196,BRC0704N,Colher sobremesa cheia,16.00
197,BRC0704N,Colher sobremesa rasa,9.00
198,BRC0704N,Colher sopa cheia,24.00
199,BRC0704N,Colher sopa rasa,15.00
200,BRC0704N,Copo americano duplo,219.00
201,BRC0704N,Copo americano pequeno,160.00
202,BRC0704N,Xícara chá,170.00
203,BRC0703N,Colher café cheia,2.00
204,BRC0703N,Colher café rasa,1.00
205,BRC0703N,Colher chá cheia,5.00
206,BRC0703N,Colher chá rasa,3.00
207,BRC0703N,Colher sobremesa cheia,16.00
208,BRC0703N,Colher sobremesa rasa,9.00
209,BRC0703N,Colher sopa cheia,24.00
210,BRC0703N,Colher sopa rasa,15.00
211,BRC0703N,Xícara chá,170.00
212,BRC0006K,Colher café rasa,1.00
213,BRC0006K,Colher chá cheia,4.00
214,BRC0006K,Colher sobremesa rasa,7.00
215,BRC0006K,Colher sopa cheia,19.00
216,BRC0006K,Colher sopa rasa,11.00
217,BRC0006K,Xícara chá,170.00
218,BRC0232K,Colher sopa rasa,15.00
219,BRC0007K,Colher café cheia,2.00
220,BRC0007K,Colher café rasa,1.00
221,BRC0007K,Colher chá cheia,5.00
222,BRC0007K,Colher chá rasa,3.00
223,BRC0007K,Colher sobremesa cheia,16.00
224,BRC0007K,Colher sobremesa rasa,9.00
225,BRC0007K,Colher sopa cheia,24.00
226,BRC0007K,Colher sopa rasa,15.00
227,BRC0007K,Copo americano duplo,219.00
228,BRC0007K,Copo americano pequeno,160.00
229,BRC0007K,Xícara chá,170.00
230,BRC0090N,Colher café cheia,4.00
231,BRC0090N,Colher café rasa,1.00
232,BRC0042N,Colher café cheia,4.00
233,BRC0042N,Colher café rasa,1.00
234,BRC0056N,Colher café cheia,4.00
235,BRC0056N,Colher café rasa,1.00
236,BRC0220B,Colher sopa cheia,25.00
237,BRC0219B,Colher sopa cheia,25.00
238,BRC0914B,Colher sopa cheia,20.00
239,BRC0162B,Colher sopa cheia,25.00
240,BRC0008B,Colher sopa cheia,7.00
241,BRC0175H,Copo americano pequeno,165.00
242,BRC0214B,Colher sopa cheia,25.00
243,BRC0213B,Colher sopa cheia,25.00
244,BRC0065B,Colher sopa cheia,19.00
245,BRC0216B,Colher sopa cheia,25.00
246,BRC0215B,Colher sopa cheia,25.00
247,BRC0915B,Pedaço/ Unidade/ Fatia (M),90.00
248,BRC0460B,Pedaço/ Unidade/ Fatia (M),50.00
249,BRC1117B,Unidade média,90.00
250,BRC0703B,Colher sopa rasa,30.00
251,BRC0824B,Colher café cheia,4.00
252,BRC0824B,Colher café rasa,1.00
253,BRC0063B,Colher sopa cheia,8.00
254,BRC0060B,Colher sopa cheia,8.00
255,BRC0009B,Colher servir rasa,22.00
256,BRC0009B,Colher sopa cheia,8.00
257,BRC0061B,Colher sopa cheia,8.00
258,BRC0062B,Colher sopa cheia,8.00
259,BRC0067B,Colher sopa cheia,6.00
260,BRC0067B,Colher sopa rasa,4.00
261,BRC1061B,Colher sopa rasa,14.00
262,BRC0222K,Porção média,50.00
263,BRC0115B,Colher sopa cheia,24.00
264,BRC0115B,Colher sopa rasa,19.00
265,BRC0010B,Colher sopa cheia,24.00
266,BRC0010B,Colher sopa rasa,19.00
267,BRC1074B,Colher café cheia,4.00
268,BRC1074B,Colher café rasa,1.00
269,BRC0113B,Colher sopa cheia,24.00
270,BRC0113B,Colher sopa rasa,19.00
271,BRC0714B,Colher sopa cheia,30.00
272,BRC0068B,Colher sopa cheia,19.00
273,BRC0068B,Colher sopa rasa,12.00
274,BRC0011B,Colher sopa cheia,6.00
275,BRC0011B,Colher sopa rasa,3.00
276,BRC0105B,Colher servir rasa,30.00
277,BRC0105B,Colher sopa rasa,10.00
278,BRC0149B,Colher sopa cheia,25.00
279,BRC0210B,Colher sopa cheia,25.00
280,BRC0209B,Colher sopa cheia,25.00
281,BRC0206T,Pedaço/ Unidade/ Fatia (M),50.00
282,BRC0206T,Porção média,100.00
283,BRC0205T,Pedaço/ Unidade/ Fatia (M),50.00
284,BRC0205T,Porção média,100.00
285,BRC0204T,Pedaço/ Unidade/ Fatia (M),50.00
286,BRC0204T,Porção média,100.00
287,BRC0887F,Pedaço/ Unidade/ Fatia (M),50.00
288,BRC0887F,Porção média,100.00
289,BRC1097F,Porção média,100.00
290,BRC0990F,Pedaço/ Unidade/ Fatia (M),50.00
291,BRC0991F,Porção média,100.00
292,BRC0002F,Pedaço/ Unidade/ Fatia (M),45.00
293,BRC0003F,Pedaço/ Unidade/ Fatia (M),45.00
294,BRC0001F,Pedaço/ Unidade/ Fatia (M),45.00
295,BRC0004F,Pedaço/ Unidade/ Fatia (M),50.00
296,BRC0401A,Colher sopa cheia,25.00
297,BRC0400A,Colher sopa cheia,25.00
298,BRC0213K,Pedaço/ Unidade/ Fatia (M),50.00
299,BRC0005C,Pedaço/ Unidade/ Fatia (M),45.00
300,BRC0186C,Pedaço/ Unidade/ Fatia (M),50.00
301,BRC0181C,Porção média,30.00
302,BRC0011U,Porção média,30.00
303,BRC0001U,Porção média,30.00
304,BRC0018U,Pedaço/ Unidade/ Fatia (M),30.00
305,BRC0192T,Pedaço/ Unidade/ Fatia (M),30.00
306,BRC0020T,Colher sopa cheia,19.00
307,BRC0020T,Colher sopa rasa,13.00
308,BRC0021T,Colher sopa cheia,19.00
309,BRC0021T,Colher sopa rasa,14.00
310,BRC0170C,Xícara chá,100.00
311,BRC0265T,Porção média,25.00
312,BRC0033T,Pedaço/ Unidade/ Fatia (M),50.00
313,BRC0034T,Pedaço/ Unidade/ Fatia (M),50.00
314,BRC0038T,Pedaço/ Unidade/ Fatia (M),40.00
315,BRC0669A,Porção média,100.00
316,BRC0816B,Porção média,100.00
317,BRC1108B,Unidade média,5.00
318,BRC0006F,Pedaço/ Unidade/ Fatia (M),20.00
319,BRC0007F,Pedaço/ Unidade/ Fatia (M),20.00
320,BRC0008F,Pedaço/ Unidade/ Fatia (M),20.00
321,BRC0009F,Pedaço/ Unidade/ Fatia (M),20.00
322,BRC0228C,Porção média,50.00
323,BRC1221A,Colher sopa rasa,6.00
324,BRC0506A,Colher servir cheia,55.00
325,BRC0506A,Colher servir rasa,40.00
326,BRC0858A,Colher servir cheia,55.00
327,BRC0858A,Colher servir rasa,40.00
328,BRC0503A,Colher servir cheia,55.00
329,BRC0503A,Colher servir rasa,40.00
330,BRC0504A,Colher servir cheia,55.00
331,BRC0504A,Colher servir rasa,40.00
332,BRC0716A,Colher servir cheia,55.00
333,BRC0716A,Colher servir rasa,40.00
334,BRC1116A,Colher servir cheia,55.00
335,BRC0511A,Colher servir cheia,55.00
336,BRC0511A,Colher servir rasa,40.00
337,BRC0512A,Colher servir cheia,55.00
338,BRC0512A,Colher servir rasa,40.00
339,BRC0509A,Colher servir cheia,55.00
340,BRC0509A,Colher servir rasa,40.00
341,BRC0510A,Colher servir cheia,55.00
342,BRC0510A,Colher servir rasa,40.00
343,BRC0887A,Colher servir cheia,55.00
344,BRC0187A,Colher servir cheia,55.00
345,BRC0514A,Colher servir cheia,55.00
346,BRC0514A,Colher servir rasa,40.00
347,BRC0515A,Colher servir cheia,55.00
348,BRC0515A,Colher servir rasa,40.00
349,BRC0717A,Colher servir cheia,55.00
350,BRC0717A,Colher servir rasa,40.00
351,BRC0513A,Colher servir cheia,55.00
352,BRC0513A,Colher servir rasa,40.00
353,BRC1025A,Colher servir rasa,40.00
354,BRC1026A,Colher servir cheia,55.00
355,BRC1026A,Colher servir rasa,40.00
356,BRC0931A,Colher servir cheia,55.00
357,BRC0931A,Colher servir rasa,40.00
358,BRC0929A,Colher servir cheia,55.00
359,BRC0929A,Colher servir rasa,40.00
360,BRC0930A,Colher servir cheia,55.00
361,BRC0930A,Colher servir rasa,40.00
362,BRC0547A,Colher servir cheia,55.00
363,BRC0547A,Colher servir rasa,40.00
364,BRC0548A,Colher servir cheia,55.00
365,BRC0548A,Colher servir rasa,40.00
366,BRC0545A,Colher servir cheia,55.00
367,BRC0545A,Colher servir rasa,40.00
368,BRC0546A,Colher servir cheia,55.00
369,BRC0546A,Colher servir rasa,40.00
370,BRC1029A,Colher servir rasa,40.00
371,BRC1030A,Colher servir rasa,40.00
372,BRC1027A,Colher servir rasa,40.00
373,BRC1028A,Colher servir rasa,40.00
374,BRC0539A,Colher servir cheia,55.00
375,BRC0539A,Colher servir rasa,40.00
376,BRC0540A,Colher servir cheia,55.00
377,BRC0540A,Colher servir rasa,40.00
378,BRC0551A,Colher servir cheia,55.00
379,BRC0551A,Colher servir rasa,40.00
380,BRC0552A,Colher servir cheia,55.00
381,BRC0552A,Colher servir rasa,40.00
382,BRC0549A,Colher servir cheia,55.00
383,BRC0549A,Colher servir rasa,40.00
384,BRC0550A,Colher servir cheia,55.00
385,BRC0550A,Colher servir rasa,40.00
386,BRC0934A,Colher servir cheia,55.00
387,BRC0934A,Colher servir rasa,40.00
388,BRC0935A,Colher servir cheia,55.00
389,BRC0935A,Colher servir rasa,40.00
390,BRC0932A,Colher servir cheia,55.00
391,BRC0932A,Colher sobremesa rasa,40.00
392,BRC0933A,Colher servir cheia,55.00
393,BRC0933A,Colher servir rasa,40.00
394,BRC0724A,Colher servir cheia,55.00
395,BRC0724A,Colher servir rasa,40.00
396,BRC0725A,Colher servir cheia,55.00
397,BRC0725A,Colher servir rasa,40.00
398,BRC0722A,Colher servir cheia,55.00
399,BRC0722A,Colher servir rasa,40.00
400,BRC0723A,Colher servir cheia,55.00
401,BRC0723A,Colher servir rasa,40.00
402,BRC0543A,Colher servir cheia,55.00
403,BRC0543A,Colher servir rasa,40.00
404,BRC0544A,Colher servir cheia,55.00
405,BRC0544A,Colher servir rasa,40.00
406,BRC0541A,Colher servir cheia,55.00
407,BRC0541A,Colher servir rasa,40.00
408,BRC0542A,Colher servir cheia,55.00
409,BRC0542A,Colher servir rasa,40.00
410,BRC0522A,Colher servir cheia,55.00
411,BRC0522A,Colher servir rasa,40.00
412,BRC0523A,Colher servir cheia,55.00
413,BRC0523A,Colher servir rasa,40.00
414,BRC0520A,Colher servir cheia,60.00
415,BRC0520A,Colher servir rasa,45.00
416,BRC0521A,Colher servir cheia,55.00
417,BRC0521A,Colher servir rasa,40.00
418,BRC0720A,Colher servir cheia,55.00
419,BRC0720A,Colher servir rasa,40.00
420,BRC0721A,Colher servir cheia,55.00
421,BRC0721A,Colher servir rasa,40.00
422,BRC0718A,Colher servir cheia,55.00
423,BRC0718A,Colher servir rasa,40.00
424,BRC0719A,Colher servir cheia,55.00
425,BRC0719A,Colher servir rasa,40.00
426,BRC0526A,Colher servir cheia,55.00
427,BRC0526A,Colher servir rasa,40.00
428,BRC0527A,Colher servir cheia,55.00
429,BRC0527A,Colher servir rasa,40.00
430,BRC0524A,Colher servir cheia,55.00
431,BRC0524A,Colher servir rasa,40.00
432,BRC0525A,Colher servir cheia,55.00
433,BRC0525A,Colher servir rasa,40.00
434,BRC0528A,Colher servir cheia,55.00
435,BRC0528A,Colher servir rasa,40.00
436,BRC0529A,Colher servir cheia,55.00
437,BRC0529A,Colher servir rasa,40.00
438,BRC0532A,Colher servir cheia,55.00
439,BRC0532A,Colher servir rasa,40.00
440,BRC0533A,Colher servir cheia,55.00
441,BRC0533A,Colher servir rasa,40.00
442,BRC0530A,Colher servir cheia,55.00
443,BRC0530A,Colher servir rasa,40.00
444,BRC0531A,Colher servir cheia,55.00
445,BRC0531A,Colher servir rasa,40.00
446,BRC0731A,Colher servir cheia,55.00
447,BRC0731A,Colher servir rasa,40.00
448,BRC0714A,Colher servir cheia,55.00
449,BRC0714A,Colher servir rasa,40.00
450,BRC0715A,Colher servir cheia,55.00
451,BRC0715A,Colher servir rasa,40.00
452,BRC0534A,Colher servir cheia,55.00
453,BRC0534A,Colher servir rasa,40.00
454,BRC0535A,Colher servir cheia,55.00
455,BRC0535A,Colher servir rasa,40.00
456,BRC0536A,Colher servir cheia,55.00
457,BRC0536A,Colher servir rasa,40.00
458,BRC0537A,Colher servir cheia,55.00
459,BRC0537A,Colher servir rasa,40.00
460,BRC0518A,Colher servir cheia,55.00
461,BRC0518A,Colher servir rasa,40.00
462,BRC0519A,Colher servir cheia,55.00
463,BRC0519A,Colher servir rasa,40.00
464,BRC0516A,Colher servir cheia,55.00
465,BRC0516A,Colher servir rasa,40.00
466,BRC0517A,Colher servir cheia,55.00
467,BRC0517A,Colher servir rasa,40.00
468,BRC0728A,Colher servir cheia,55.00
469,BRC0728A,Colher servir rasa,40.00
470,BRC0729A,Colher servir cheia,55.00
471,BRC0729A,Colher servir rasa,40.00
472,BRC0726A,Colher servir cheia,55.00
473,BRC0726A,Colher servir rasa,40.00
474,BRC0727A,Colher servir cheia,55.00
475,BRC0727A,Colher servir rasa,40.00
476,BRC0538A,Colher servir cheia,55.00
477,BRC0538A,Colher servir rasa,40.00
478,BRC0901A,Colher servir cheia,55.00
479,BRC0901A,Colher servir rasa,40.00
480,BRC0902A,Colher servir cheia,55.00
481,BRC0902A,Colher servir rasa,40.00
482,BRC0505A,Colher servir cheia,55.00
483,BRC0505A,Colher servir rasa,40.00
484,BRC0555A,Colher servir cheia,55.00
485,BRC0555A,Colher servir rasa,40.00
486,BRC0556A,Colher servir cheia,55.00
487,BRC0556A,Colher servir rasa,40.00
488,BRC0553A,Colher servir cheia,55.00
489,BRC0553A,Colher servir rasa,40.00
490,BRC0554A,Colher servir cheia,55.00
491,BRC0554A,Colher servir rasa,40.00
492,BRC0997A,Colher servir cheia,55.00
493,BRC0997A,Colher servir rasa,40.00
494,BRC0805A,Colher servir cheia,55.00
495,BRC0805A,Colher servir rasa,40.00
496,BRC0913A,Colher servir cheia,60.00
497,BRC0913A,Colher servir rasa,40.00
498,BRC0806A,Colher servir cheia,60.00
499,BRC0806A,Colher servir rasa,40.00
500,BRC0914A,Colher servir cheia,60.00
501,BRC0914A,Colher servir rasa,40.00
502,BRC0897A,Colher servir cheia,60.00
503,BRC0897A,Colher servir rasa,40.00
504,BRC0100N,Colher servir cheia,60.00
505,BRC0100N,Colher servir rasa,40.00
506,BRC0092N,Colher servir cheia,60.00
507,BRC0092N,Colher servir rasa,40.00
508,BRC1212A,Colher sopa cheia,25.00
509,BRC0899A,Colher servir cheia,55.00
510,BRC0899A,Colher servir rasa,40.00
511,BRC0900A,Colher servir cheia,55.00
512,BRC0900A,Colher servir rasa,40.00
513,BRC0574A,Colher servir cheia,55.00
514,BRC0574A,Colher servir rasa,40.00
515,BRC0711A,Colher sopa rasa,25.00
516,BRC0209A,Colher servir cheia,55.00
517,BRC0209A,Colher sopa cheia,20.00
518,BRC0018A,Colher servir cheia,55.00
519,BRC0018A,Colher sopa cheia,20.00
520,BRC0018A,Escumadeira cheia,85.00
521,BRC0995A,Colher servir cheia,55.00
522,BRC0995A,Colher servir rasa,40.00
523,BRC0996A,Colher servir cheia,55.00
524,BRC0996A,Colher servir rasa,40.00
525,BRC0994A,Colher servir cheia,55.00
526,BRC0994A,Colher servir rasa,40.00
527,BRC0015A,Colher sopa cheia,15.00
528,BRC1115A,Colher sopa cheia,20.00
529,BRC0456A,Colher servir cheia,90.00
530,BRC0457A,Colher servir cheia,55.00
531,BRC0457A,Colher servir rasa,40.00
532,BRC0458A,Colher sopa cheia,55.00
533,BRC0458A,Colher sopa rasa,40.00
534,BRC0012A,Colher sopa cheia,25.00
535,BRC0792A,Colher servir rasa,12.00
536,BRC0792A,Colher sopa cheia,20.00
537,BRC0013A,Colher sopa rasa,10.00
538,BRC0014A,Colher sopa cheia,15.00
539,BRC0211A,Colher servir cheia,55.00
540,BRC0211A,Colher sopa cheia,20.00
541,BRC0210A,Colher servir cheia,55.00
542,BRC0210A,Colher sopa cheia,20.00
543,BRC0016A,Colher servir cheia,55.00
544,BRC0016A,Colher sopa cheia,20.00
545,BRC0016A,Escumadeira cheia,85.00
546,BRC0017A,Colher sopa cheia,23.00
547,BRC0017A,Colher sopa rasa,17.00
548,BRC1210A,Colher servir rasa,55.00
549,BRC0208A,Colher servir cheia,55.00
550,BRC0208A,Colher sopa cheia,20.00
551,BRC0001A,Colher sopa cheia,23.00
552,BRC0001A,Colher sopa rasa,17.00
553,BRC1211A,Colher sopa cheia,25.00
554,BRC0136T,Porção média,100.00
555,BRC0507F,Porção média,100.00
556,BRC0508F,Porção média,110.00
557,BRC1113F,Porção média,100.00
558,BRC0462B,Porção média,50.00
559,BRC0922B,Pedaço/ Unidade/ Fatia (M),80.00
560,BRC1164B,Porção média,70.00
561,BRC0461B,Porção média,70.00
562,BRC0070C,Pedaço/ Unidade/ Fatia (M),60.00
563,BRC0942F,Pedaço/ Unidade/ Fatia (M),110.00
564,BRC0943F,Pedaço/ Unidade/ Fatia (M),110.00
565,BRC0019A,Colher sopa cheia,25.00
566,BRC0021A,Colher chá cheia,4.00
567,BRC0021A,Colher sobremesa cheia,7.00
568,BRC0021A,Colher sobremesa rasa,5.00
569,BRC0021A,Colher sopa cheia,15.00
570,BRC0021A,Colher sopa rasa,7.00
571,BRC0020A,Colher sopa cheia,25.00
572,BRC0022A,Colher sopa cheia,15.00
573,BRC0023A,Colher sopa cheia,15.00
574,BRC0024A,Colher chá cheia,4.00
575,BRC0024A,Colher sobremesa cheia,7.00
576,BRC0024A,Colher sobremesa rasa,5.00
577,BRC0024A,Colher sopa cheia,15.00
578,BRC0024A,Colher sopa rasa,7.00
579,BRC0026A,Colher chá cheia,4.00
580,BRC0026A,Colher sobremesa cheia,7.00
581,BRC0026A,Colher sobremesa rasa,5.00
582,BRC0026A,Colher sopa cheia,15.00
583,BRC0026A,Colher sopa rasa,7.00
584,BRC0025A,Colher chá cheia,4.00
585,BRC0025A,Colher sobremesa cheia,7.00
586,BRC0025A,Colher sobremesa rasa,5.00
587,BRC0025A,Colher sopa cheia,15.00
588,BRC0025A,Colher sopa rasa,7.00
589,BRC0013U,Pedaço/ Unidade/ Fatia (M),30.00
590,BRC0213C,Colher sopa cheia,45.00
591,BRC0213C,Pedaço/ Unidade/ Fatia (M),370.00
592,BRC0213C,Prato fundo,450.00
593,BRC0213C,Prato raso,350.00
594,BRC0001D,Colher café rasa,1.00
595,BRC0001D,Colher chá rasa,2.00
596,BRC0001D,Colher sobremesa rasa,5.00
597,BRC0001D,Colher sopa rasa,8.00
598,BRC0049D,Colher sobremesa rasa,8.00
599,BRC0002D,Colher café rasa,1.00
600,BRC0002D,Colher chá rasa,2.00
601,BRC0002D,Colher sobremesa rasa,5.00
602,BRC0002D,Colher sopa rasa,8.00
603,BRC0039D,Colher sobremesa rasa,8.00
604,BRC0044D,Colher sobremesa rasa,8.00
605,BRC0120B,Porção média,20.00
606,BRC0121B,Porção média,20.00
607,BRC0127K,Colher servir cheia,60.00
608,BRC0127K,Colher servir rasa,40.00
609,BRC0017U,Colher sopa rasa,15.00
610,BRC0545E,Porção média,100.00
611,BRC0224E,Colher servir cheia,60.00
612,BRC0224E,Colher servir rasa,45.00
613,BRC0953F,Porção média,100.00
614,BRC0232C,Porção média,50.00
615,BRC0188A,Colher servir cheia,90.00
616,BRC0198K,Pedaço/ Unidade/ Fatia (M),5.00
617,BRC0132K,Pedaço/ Unidade/ Fatia (M),5.00
618,BRC0218K,Pedaço/ Unidade/ Fatia (M),5.00
619,BRC0061N,Unidade média,5.00
620,BRC0178K,Unidade média,5.00
621,BRC0137K,Unidade média,5.00
622,BRC0102K,Pedaço/ Unidade/ Fatia (M),80.00
623,BRC0265C,Porção média,30.00
624,BRC0266C,Porção média,60.00
625,BRC0314C,Unidade média,30.00
626,BRC0192C,Pedaço/ Unidade/ Fatia (M),80.00
627,BRC0276C,Porção média,100.00
628,BRC0107C,Pedaço/ Unidade/ Fatia (M),80.00
629,BRC0104C,Pedaço/ Unidade/ Fatia (M),80.00
630,BRC0103C,Pedaço/ Unidade/ Fatia (M),80.00
631,BRC0008C,Pedaço/ Unidade/ Fatia (M),80.00
632,BRC0094C,Pedaço/ Unidade/ Fatia (M),50.00
633,BRC0093C,Pedaço/ Unidade/ Fatia (M),60.00
634,BRC0006C,Pedaço/ Unidade/ Fatia (M),65.00
635,BRC0275C,Unidade média,130.00
636,BRC0009C,Pedaço/ Unidade/ Fatia (M),65.00
637,BRC0106C,Pedaço/ Unidade/ Fatia (M),80.00
638,BRC0010C,Pedaço/ Unidade/ Fatia (M),40.00
639,BRC0092C,Pedaço/ Unidade/ Fatia (M),100.00
640,BRC0313C,Unidade média,10.00
641,BRC0011C,Pedaço/ Unidade/ Fatia (M),40.00
642,BRC0007C,Pedaço/ Unidade/ Fatia (M),50.00
643,BRC0105C,Pedaço/ Unidade/ Fatia (M),70.00
644,BRC0035D,Colher café rasa,2.00
645,BRC0035D,Colher chá cheia,8.00
646,BRC0035D,Colher chá rasa,3.00
647,BRC0035D,Colher sobremesa cheia,21.00
648,BRC0035D,Colher sobremesa rasa,11.00
649,BRC0035D,Colher sopa cheia,22.00
650,BRC0035D,Colher sopa rasa,17.00
651,BRC0064N,Unidade média,30.00
652,BRC0922F,Concha cheia,150.00
653,BRC0221F,Concha cheia,150.00
654,BRC0911B,Colher sopa rasa,30.00
655,BRC0878B,Colher servir cheia,60.00
656,BRC0878B,Colher servir rasa,40.00
657,BRC0879B,Colher servir cheia,60.00
658,BRC0879B,Colher servir rasa,40.00
659,BRC0874B,Colher servir cheia,60.00
660,BRC0874B,Colher servir rasa,40.00
661,BRC0875B,Colher servir cheia,60.00
662,BRC0875B,Colher servir rasa,40.00
663,BRC0876B,Colher servir cheia,60.00
664,BRC0876B,Colher servir rasa,40.00
665,BRC0877B,Colher servir cheia,60.00
666,BRC0877B,Colher servir rasa,40.00
667,BRC0884B,Colher servir cheia,60.00
668,BRC0884B,Colher servir rasa,40.00
669,BRC0302B,Colher sopa cheia,42.00
670,BRC0302B,Colher sopa rasa,30.00
671,BRC0006M,Colher servir cheia,50.00
672,BRC0006M,Colher servir rasa,35.00
673,BRC0006M,Colher sopa cheia,25.00
674,BRC0006M,Colher sopa rasa,15.00
675,BRC0006M,Escumadeira cheia,65.00
676,BRC0049B,Colher sopa cheia,25.00
677,BRC0049B,Colher sopa rasa,15.00
678,BRC0170B,Colher servir cheia,55.00
679,BRC0170B,Colher servir rasa,35.00
680,BRC0170B,Colher sopa cheia,35.00
681,BRC0170B,Colher sopa rasa,25.00
682,BRC0690B,Colher servir cheia,70.00
683,BRC0690B,Colher servir rasa,50.00
684,BRC0687B,Colher servir cheia,70.00
685,BRC0687B,Colher servir rasa,50.00
686,BRC0686B,Colher servir cheia,70.00
687,BRC0686B,Colher servir rasa,50.00
688,BRC0688B,Colher servir cheia,70.00
689,BRC0688B,Colher servir rasa,50.00
690,BRC0689B,Colher servir cheia,70.00
691,BRC0689B,Colher servir rasa,50.00
692,BRC0297B,Colher servir cheia,60.00
693,BRC0297B,Colher sopa cheia,37.00
694,BRC0297B,Colher sopa rasa,22.00
695,BRC0296B,Colher servir cheia,55.00
696,BRC0296B,Colher servir rasa,35.00
697,BRC0296B,Colher sopa cheia,37.00
698,BRC0296B,Colher sopa rasa,22.00
699,BRC0054B,Colher servir cheia,55.00
700,BRC0054B,Colher servir rasa,35.00
701,BRC0054B,Colher sopa cheia,35.00
702,BRC0054B,Colher sopa rasa,25.00
703,BRC0028B,Colher sopa cheia,30.00
704,BRC0028B,Colher sopa rasa,20.00
705,BRC0317B,Colher sopa cheia,25.00
706,BRC0317B,Pedaço/ Unidade/ Fatia (M),70.00
707,BRC0316B,Colher sopa cheia,25.00
708,BRC0316B,Pedaço/ Unidade/ Fatia (M),70.00
709,BRC0295B,Colher servir cheia,60.00
710,BRC0295B,Colher sopa cheia,37.00
711,BRC0295B,Colher sopa rasa,22.00
712,BRC0294B,Colher servir cheia,60.00
713,BRC0294B,Colher sopa cheia,37.00
714,BRC0294B,Colher sopa rasa,22.00
715,BRC0303B,Colher sopa cheia,42.00
716,BRC0303B,Colher sopa rasa,30.00
717,BRC0882B,Colher servir cheia,60.00
718,BRC0882B,Colher servir rasa,40.00
719,BRC0883B,Colher servir cheia,60.00
720,BRC0883B,Colher servir rasa,40.00
721,BRC0881B,Colher servir cheia,60.00
722,BRC0881B,Colher servir rasa,40.00
723,BRC0880B,Colher servir cheia,60.00
724,BRC0880B,Colher servir rasa,40.00
725,BRC0885B,Colher servir cheia,60.00
726,BRC0885B,Colher servir rasa,40.00
727,BRC0299B,Colher sopa cheia,42.00
728,BRC0299B,Colher sopa rasa,30.00
729,BRC0298B,Colher sopa cheia,42.00
730,BRC0298B,Colher sopa rasa,30.00
731,BRC0907B,Colher sopa cheia,30.00
732,BRC0042B,Colher sopa cheia,42.00
733,BRC0042B,Colher sopa rasa,30.00
734,BRC0012B,Colher sopa cheia,24.00
735,BRC0012B,Colher sopa rasa,17.00
736,BRC0305B,Pedaço/ Unidade/ Fatia (M),65.00
737,BRC0304B,Pedaço/ Unidade/ Fatia (M),65.00
738,BRC0301B,Colher sopa cheia,42.00
739,BRC0301B,Colher sopa rasa,30.00
740,BRC0300B,Colher sopa cheia,42.00
741,BRC0300B,Colher sopa rasa,30.00
742,BRC0685B,Colher servir cheia,70.00
743,BRC0685B,Colher servir rasa,40.00
744,BRC0293B,Colher servir cheia,60.00
745,BRC0293B,Colher servir rasa,40.00
746,BRC0293B,Colher sopa cheia,30.00
747,BRC0293B,Escumadeira cheia,80.00
748,BRC0293B,Escumadeira rasa,50.00
749,BRC0292B,Colher servir cheia,60.00
750,BRC0292B,Colher servir rasa,40.00
751,BRC0292B,Colher sopa cheia,30.00
752,BRC0292B,Escumadeira cheia,80.00
753,BRC0292B,Escumadeira rasa,50.00
754,BRC0290B,Colher servir cheia,60.00
755,BRC0290B,Colher servir rasa,40.00
756,BRC0290B,Colher sopa cheia,30.00
757,BRC0290B,Escumadeira cheia,80.00
758,BRC0290B,Escumadeira rasa,50.00
759,BRC0118B,Colher servir cheia,50.00
760,BRC0118B,Colher servir rasa,35.00
761,BRC0118B,Colher sopa cheia,25.00
762,BRC0118B,Colher sopa rasa,15.00
763,BRC0118B,Escumadeira cheia,65.00
764,BRC0048B,Colher servir cheia,50.00
765,BRC0048B,Colher servir rasa,35.00
766,BRC0048B,Colher sopa cheia,25.00
767,BRC0048B,Colher sopa rasa,15.00
768,BRC0048B,Escumadeira cheia,65.00
769,BRC0864B,Colher servir cheia,60.00
770,BRC0864B,Colher servir rasa,40.00
771,BRC0865B,Colher servir cheia,60.00
772,BRC0865B,Colher servir rasa,40.00
773,BRC0862B,Colher servir cheia,60.00
774,BRC0862B,Colher servir rasa,40.00
775,BRC0863B,Colher servir cheia,60.00
776,BRC0863B,Colher servir rasa,40.00
777,BRC0866B,Colher servir cheia,60.00
778,BRC0866B,Colher servir rasa,40.00
779,BRC0867B,Colher servir cheia,60.00
780,BRC0867B,Colher servir rasa,40.00
781,BRC1092B,Colher sopa cheia,42.00
782,BRC1092B,Colher sopa rasa,30.00
783,BRC1093B,Colher sopa cheia,42.00
784,BRC1093B,Colher sopa rasa,30.00
785,BRC0141B,Colher servir cheia,60.00
786,BRC0141B,Colher servir rasa,40.00
787,BRC0141B,Colher sopa cheia,30.00
788,BRC0141B,Escumadeira cheia,80.00
789,BRC0141B,Escumadeira rasa,50.00
790,BRC0140B,Colher servir cheia,60.00
791,BRC0140B,Colher servir rasa,40.00
792,BRC0140B,Colher sopa cheia,30.00
793,BRC0140B,Escumadeira cheia,80.00
794,BRC0140B,Escumadeira rasa,50.00
795,BRC0291B,Colher servir cheia,60.00
796,BRC0291B,Colher servir rasa,40.00
797,BRC0291B,Colher sopa cheia,30.00
798,BRC0291B,Escumadeira cheia,80.00
799,BRC0291B,Escumadeira rasa,50.00
800,BRC0315B,Colher servir cheia,60.00
801,BRC0315B,Colher servir rasa,40.00
802,BRC0315B,Colher sopa cheia,30.00
803,BRC0315B,Escumadeira cheia,80.00
804,BRC0315B,Escumadeira rasa,50.00
805,BRC0314B,Colher servir cheia,60.00
806,BRC0314B,Colher servir rasa,40.00
807,BRC0314B,Colher sopa cheia,30.00
808,BRC0314B,Escumadeira cheia,80.00
809,BRC0314B,Escumadeira rasa,50.00
810,BRC0117B,Colher servir cheia,60.00
811,BRC0117B,Colher servir rasa,40.00
812,BRC0117B,Colher sopa cheia,30.00
813,BRC0117B,Escumadeira cheia,80.00
814,BRC0117B,Escumadeira rasa,50.00
815,BRC0041B,Colher servir rasa,40.00
816,BRC0041B,Colher sopa cheia,30.00
817,BRC0041B,Escumadeira cheia,50.00
818,BRC0013B,Colher sopa cheia,24.00
819,BRC0013B,Colher sopa rasa,17.00
820,BRC0103B,Colher servir cheia,55.00
821,BRC0103B,Colher servir rasa,35.00
822,BRC0103B,Colher sopa cheia,35.00
823,BRC0103B,Colher sopa rasa,25.00
824,BRC0141H,Pedaço/ Unidade/ Fatia (M),100.00
825,BRC0027L,Colher sopa rasa,15.00
826,BRC0006H,Dose / Taça,50.00
827,BRC0160H,Dose / Taça,50.00
828,BRC0046H,Cálice,50.00
829,BRC0133H,Copo americano duplo,240.00
830,BRC0133H,Copo americano pequeno,165.00
831,BRC0707N,Copo americano pequeno,165.00
832,BRC0009H,Copo americano duplo,240.00
833,BRC0009H,Copo americano pequeno,165.00
834,BRC0009H,Dose / Taça,350.00
835,BRC0056H,Cálice,50.00
836,BRC0137H,Pedaço/ Unidade/ Fatia (M),100.00
837,BRC0002H,Dose / Taça,50.00
838,BRC0003H,Dose / Taça,50.00
839,BRC0004H,Dose / Taça,50.00
840,BRC0005H,Dose / Taça,50.00
841,BRC0155H,Dose / Taça,50.00
842,BRC0134H,Copo americano duplo,240.00
843,BRC0134H,Copo americano pequeno,165.00
844,BRC0138H,Porção média,50.00
845,BRC0088H,Copo americano pequeno,165.00
846,BRC0167H,Cálice,50.00
847,BRC0142H,Copo americano pequeno,165.00
848,BRC0139H,Pedaço/ Unidade/ Fatia (M),100.00
849,BRC0166H,Cálice,50.00
850,BRC0147H,Cálice,50.00
851,BRC0034H,Copo americano duplo,240.00
852,BRC0034H,Copo americano pequeno,165.00
853,BRC0034H,Dose / Taça,100.00
854,BRC0035H,Copo americano duplo,240.00
855,BRC0035H,Copo americano pequeno,165.00
856,BRC0035H,Dose / Taça,100.00
857,BRC0116H,Copo americano duplo,240.00
858,BRC0116H,Copo americano pequeno,165.00
859,BRC0038H,Copo americano duplo,240.00
860,BRC0038H,Copo americano pequeno,165.00
861,BRC0038H,Dose / Taça,100.00
862,BRC0036H,Copo americano duplo,240.00
863,BRC0036H,Copo americano pequeno,165.00
864,BRC0036H,Dose / Taça,100.00
865,BRC0037H,Copo americano duplo,240.00
866,BRC0037H,Copo americano pequeno,165.00
867,BRC0037H,Dose / Taça,100.00
868,BRC0040H,Copo americano duplo,240.00
869,BRC0040H,Copo americano pequeno,165.00
870,BRC0040H,Dose / Taça,100.00
871,BRC0041H,Copo americano duplo,240.00
872,BRC0041H,Copo americano pequeno,165.00
873,BRC0041H,Dose / Taça,100.00
874,BRC0039H,Copo americano duplo,240.00
875,BRC0039H,Copo americano pequeno,165.00
876,BRC0039H,Dose / Taça,100.00
877,BRC0143H,Copo americano duplo,240.00
878,BRC0143H,Copo americano pequeno,165.00
879,BRC0001H,Copo americano duplo,240.00
880,BRC0001H,Copo americano pequeno,165.00
881,BRC0001G,Copo americano duplo,240.00
882,BRC0001G,Copo americano pequeno,165.00
883,BRC0002G,Copo americano duplo,240.00
884,BRC0002G,Copo americano pequeno,165.00
885,BRC0003G,Copo americano duplo,240.00
886,BRC0003G,Copo americano pequeno,165.00
887,BRC0034N,Copo americano duplo,240.00
888,BRC0034N,Copo americano pequeno,165.00
889,BRC1214A,Copo americano pequeno,165.00
890,BRC0028U,Copo americano duplo,240.00
891,BRC0028U,Copo americano pequeno,165.00
892,BRC0240T,Copo americano duplo,240.00
893,BRC0240T,Copo americano pequeno,165.00
894,BRC0176H,Copo americano pequeno,165.00
895,BRC0171H,Copo americano duplo,165.00
896,BRC0145H,Copo americano duplo,240.00
897,BRC0145H,Copo americano pequeno,165.00
898,BRC0089H,Xícara chá,200.00
899,BRC0090H,Xícara chá,200.00
900,BRC0163H,Xícara chá,200.00
901,BRC0162H,Xícara chá,200.00
902,BRC0164H,Xícara chá,200.00
903,BRC0165H,Xícara chá,200.00
904,BRC0069H,Xícara chá,200.00
905,BRC0068H,Xícara chá,200.00
906,BRC0080H,Xícara chá,200.00
907,BRC0079H,Xícara chá,200.00
908,BRC0083H,Xícara chá,200.00
909,BRC0086H,Xícara chá,200.00
910,BRC0081H,Xícara chá,200.00
911,BRC0082H,Xícara chá,200.00
912,BRC0085H,Xícara chá,200.00
913,BRC0084H,Xícara chá,200.00
914,BRC0092H,Xícara chá,200.00
915,BRC0091H,Xícara chá,200.00
916,BRC0093H,Xícara chá,200.00
917,BRC0094H,Xícara chá,200.00
918,BRC0096H,Xícara chá,200.00
919,BRC0095H,Xícara chá,200.00
920,BRC0098H,Xícara chá,200.00
921,BRC0097H,Xícara chá,200.00
922,BRC0100H,Xícara chá,200.00
923,BRC0099H,Xícara chá,200.00
924,BRC0102H,Xícara chá,200.00
925,BRC0101H,Xícara chá,200.00
926,BRC0043H,Copo americano duplo,240.00
927,BRC0043H,Copo americano pequeno,165.00
928,BRC0043H,Xícara chá,200.00
929,BRC0044H,Copo americano duplo,240.00
930,BRC0044H,Copo americano pequeno,165.00
931,BRC0044H,Xícara chá,200.00
932,BRC0070H,Xícara chá,200.00
933,BRC0073H,Xícara chá,200.00
934,BRC0072H,Xícara chá,200.00
935,BRC0104H,Xícara chá,200.00
936,BRC0103H,Xícara chá,200.00
937,BRC0071H,Xícara chá,200.00
938,BRC0059H,Xícara chá,200.00
939,BRC0173H,Copo americano pequeno,165.00
940,BRC0042H,Copo americano duplo,240.00
941,BRC0042H,Copo americano pequeno,165.00
942,BRC0042H,Xícara chá,200.00
943,BRC0007H,Copo americano duplo,240.00
944,BRC0007H,Copo americano pequeno,165.00
945,BRC0007H,Xícara chá,200.00
946,BRC0159H,Copo americano duplo,240.00
947,BRC0159H,Copo americano pequeno,165.00
948,BRC0159H,Xícara chá,200.00
949,BRC0061H,Xícara chá,200.00
950,BRC0060H,Xícara chá,200.00
951,BRC0063H,Xícara chá,200.00
952,BRC0062H,Xícara chá,200.00
953,BRC0051L,Colher sobremesa cheia,4.00
954,BRC0065H,Xícara chá,200.00
955,BRC0067H,Xícara chá,200.00
956,BRC0066H,Xícara chá,200.00
957,BRC0064H,Xícara chá,200.00
958,BRC0108H,Xícara chá,200.00
959,BRC0106H,Xícara chá,200.00
960,BRC0107H,Xícara chá,200.00
961,BRC0105H,Xícara chá,200.00
962,BRC0077H,Xícara chá,200.00
963,BRC0075H,Xícara chá,200.00
964,BRC0076H,Xícara chá,200.00
965,BRC0074H,Xícara chá,200.00
966,BRC0047H,Copo americano duplo,240.00
967,BRC0047H,Copo americano pequeno,165.00
968,BRC0047H,Xícara chá,200.00
969,BRC0045H,Copo americano duplo,240.00
970,BRC0045H,Copo americano pequeno,165.00
971,BRC0045H,Xícara chá,200.00
972,BRC0111H,Xícara chá,200.00
973,BRC0087H,Xícara chá,200.00
974,BRC0109H,Xícara chá,200.00
975,BRC0113H,Xícara chá,200.00
976,BRC0112H,Xícara chá,200.00
977,BRC0110H,Xícara chá,200.00
978,BRC0115H,Xícara chá,200.00
979,BRC0114H,Xícara chá,200.00
980,BRC0156H,Copo americano duplo,240.00
981,BRC0156H,Copo americano pequeno,165.00
982,BRC0156H,Dose / Taça,350.00
983,BRC0058H,Copo americano duplo,240.00
984,BRC0058H,Copo americano pequeno,165.00
985,BRC0058H,Xícara chá,200.00
986,BRC0057H,Xícara chá,200.00
987,BRC0053H,Copo americano duplo,240.00
988,BRC0053H,Copo americano pequeno,165.00
989,BRC0053H,Xícara chá,200.00
990,BRC0021H,Xícara chá,200.00
991,BRC0050H,Copo americano duplo,240.00
992,BRC0050H,Copo americano pequeno,165.00
993,BRC0050H,Xícara chá,200.00
994,BRC0051H,Copo americano duplo,240.00
995,BRC0051H,Copo americano pequeno,165.00
996,BRC0051H,Xícara chá,200.00
997,BRC0052H,Copo americano duplo,240.00
998,BRC0052H,Copo americano pequeno,165.00
999,BRC0052H,Xícara chá,200.00
1000,BRC0015H,Xícara chá,200.00
1001,BRC0045N,Copo americano duplo,240.00
1002,BRC0045N,Copo americano pequeno,165.00
1003,BRC0045N,Pedaço/ Unidade/ Fatia (M),350.00
1004,BRC0010H,Copo americano duplo,240.00
1005,BRC0010H,Copo americano pequeno,165.00
1006,BRC0010H,Pedaço/ Unidade/ Fatia (M),350.00
1007,BRC0012H,Copo americano duplo,240.00
1008,BRC0012H,Copo americano pequeno,165.00
1009,BRC0012H,Pedaço/ Unidade/ Fatia (M),350.00
1010,BRC0046N,Copo americano duplo,240.00
1011,BRC0046N,Copo americano pequeno,165.00
1012,BRC0046N,Pedaço/ Unidade/ Fatia (M),350.00
1013,BRC0055H,Copo americano duplo,240.00
1014,BRC0055H,Copo americano pequeno,165.00
1015,BRC0055H,Xícara chá,200.00
1016,BRC0011H,Copo americano duplo,240.00
1017,BRC0011H,Copo americano pequeno,165.00
1018,BRC0011H,Xícara chá,200.00
1019,BRC0049H,Copo americano duplo,240.00
1020,BRC0049H,Copo americano pequeno,165.00
1021,BRC0049H,Xícara chá,200.00
1022,BRC0013H,Copo americano duplo,240.00
1023,BRC0013H,Copo americano pequeno,165.00
1024,BRC0013H,Xícara chá,200.00
1025,BRC0022H,Xícara chá,200.00
1026,BRC0104G,Copo americano duplo,240.00
1027,BRC0104G,Copo americano pequeno,165.00
1028,BRC0104G,Pedaço/ Unidade/ Fatia (M),200.00
1029,BRC0099G,Copo americano duplo,240.00
1030,BRC0099G,Copo americano pequeno,165.00
1031,BRC0099G,Pedaço/ Unidade/ Fatia (M),200.00
1032,BRC0097G,Copo americano duplo,240.00
1033,BRC0097G,Copo americano pequeno,165.00
1034,BRC0097G,Pedaço/ Unidade/ Fatia (M),200.00
1035,BRC0098G,Copo americano duplo,240.00
1036,BRC0098G,Copo americano pequeno,165.00
1037,BRC0098G,Pedaço/ Unidade/ Fatia (M),200.00
1038,BRC0160G,Copo americano duplo,240.00
1039,BRC0160G,Copo americano pequeno,165.00
1040,BRC0160G,Pedaço/ Unidade/ Fatia (M),200.00
1041,BRC0095G,Copo americano duplo,240.00
1042,BRC0095G,Copo americano pequeno,165.00
1043,BRC0095G,Xícara chá,200.00
1044,BRC0103G,Copo americano duplo,240.00
1045,BRC0103G,Copo americano pequeno,165.00
1046,BRC0103G,Pedaço/ Unidade/ Fatia (M),200.00
1047,BRC0101G,Copo americano duplo,240.00
1048,BRC0101G,Copo americano pequeno,165.00
1049,BRC0101G,Pedaço/ Unidade/ Fatia (M),200.00
1050,BRC0102G,Copo americano duplo,240.00
1051,BRC0102G,Copo americano pequeno,165.00
1052,BRC0102G,Pedaço/ Unidade/ Fatia (M),200.00
1053,BRC0100G,Copo americano duplo,240.00
1054,BRC0100G,Copo americano pequeno,165.00
1055,BRC0100G,Pedaço/ Unidade/ Fatia (M),200.00
1056,BRC0048H,Copo americano duplo,240.00
1057,BRC0048H,Copo americano pequeno,165.00
1058,BRC0048H,Xícara chá,200.00
1059,BRC0363B,Copo americano duplo,240.00
1060,BRC0363B,Copo americano pequeno,165.00
1061,BRC0362B,Copo americano duplo,240.00
1062,BRC0362B,Copo americano pequeno,165.00
1063,BRC0148H,Pedaço/ Unidade/ Fatia (M),200.00
1064,BRC0154H,Copo americano duplo,240.00
1065,BRC0154H,Copo americano pequeno,165.00
1066,BRC0057N,Colher sopa rasa,15.00
1067,BRC0710N,Copo americano duplo,240.00
1068,BRC0710N,Copo americano pequeno,165.00
1069,BRC1122A,Copo americano duplo,240.00
1070,BRC1122A,Copo americano pequeno,165.00
1071,BRC1121A,Copo americano duplo,240.00
1072,BRC1121A,Copo americano pequeno,165.00
1073,BRC0142T,Copo americano duplo,240.00
1074,BRC0142T,Copo americano pequeno,165.00
1075,BRC0142T,Xícara chá,200.00
1076,BRC0144T,Copo americano duplo,240.00
1077,BRC0144T,Copo americano pequeno,165.00
1078,BRC0144T,Xícara chá,200.00
1079,BRC0143T,Copo americano duplo,240.00
1080,BRC0143T,Copo americano pequeno,165.00
1081,BRC0143T,Xícara chá,200.00
1082,BRC0141T,Copo americano duplo,240.00
1083,BRC0141T,Copo americano pequeno,165.00
1084,BRC0141T,Xícara chá,200.00
1085,BRC0109T,Copo americano duplo,240.00
1086,BRC0109T,Copo americano pequeno,165.00
1087,BRC0109T,Xícara chá,200.00
1088,BRC0033U,Copo americano duplo,240.00
1089,BRC0033U,Copo americano pequeno,165.00
1090,BRC0032U,Copo americano duplo,240.00
1091,BRC0032U,Copo americano pequeno,165.00
1092,BRC0191K,Pedaço/ Unidade/ Fatia (M),25.00
1093,BRC0143K,Pedaço/ Unidade/ Fatia (M),30.00
1094,BRC0693B,Porção média,90.00
1095,BRC0692B,Porção média,90.00
1096,BRC0695B,Porção média,90.00
1097,BRC0694B,Pedaço/ Unidade/ Fatia (M),90.00
1098,BRC0696B,Porção média,90.00
1099,BRC0697B,Pedaço/ Unidade/ Fatia (M),90.00
1100,BRC0168B,Pedaço/ Unidade/ Fatia (M),30.00
1101,BRC0167B,Pedaço/ Unidade/ Fatia (M),30.00
1102,BRC0222B,Colher sopa cheia,25.00
1103,BRC0221B,Colher sopa cheia,25.00
1104,BRC0157B,Colher sopa cheia,25.00
1105,BRC0014B,Colher sopa cheia,10.00
1106,BRC0287B,Pedaço/ Unidade/ Fatia (M),20.00
1107,BRC0156B,Pedaço/ Unidade/ Fatia (M),20.00
1108,BRC0043B,Colher servir cheia,75.00
1109,BRC0043B,Colher servir rasa,60.00
1110,BRC0043B,Colher sopa cheia,25.00
1111,BRC0043B,Colher sopa rasa,20.00
1112,BRC0043B,Escumadeira cheia,125.00
1113,BRC0043B,Escumadeira rasa,75.00
1114,BRC0359B,Colher sopa cheia,25.00
1115,BRC0358B,Colher sopa cheia,25.00
1116,BRC0912B,Colher sopa cheia,20.00
1117,BRC0327B,Colher servir cheia,38.00
1118,BRC0327B,Colher sopa cheia,20.00
1119,BRC0327B,Colher sopa rasa,14.00
1120,BRC0327B,Escumadeira rasa,45.00
1121,BRC0326B,Colher servir cheia,38.00
1122,BRC0326B,Colher sopa cheia,20.00
1123,BRC0326B,Colher sopa rasa,14.00
1124,BRC0326B,Escumadeira rasa,45.00
1125,BRC0044B,Colher servir cheia,38.00
1126,BRC0044B,Colher sopa cheia,20.00
1127,BRC0044B,Colher sopa rasa,14.00
1128,BRC0044B,Escumadeira rasa,45.00
1129,BRC0015B,Colher sopa cheia,25.00
1130,BRC0015B,Colher sopa rasa,16.00
1131,BRC0923F,Porção média,110.00
1132,BRC0222F,Pedaço/ Unidade/ Fatia (M),130.00
1133,BRC0293F,Pedaço/ Unidade/ Fatia (M),110.00
1134,BRC0312F,Pedaço/ Unidade/ Fatia (M),110.00
1135,BRC0401F,Pedaço/ Unidade/ Fatia (M),110.00
1136,BRC0402F,Pedaço/ Unidade/ Fatia (M),110.00
1137,BRC1018A,Pedaço/ Unidade/ Fatia (M),7.00
1138,BRC0415A,Unidade média,10.00
1139,BRC1019A,Pedaço/ Unidade/ Fatia (M),7.00
1140,BRC0029A,Pedaço/ Unidade/ Fatia (M),6.00
1141,BRC0030A,Pedaço/ Unidade/ Fatia (M),6.00
1142,BRC0039A,Pedaço/ Unidade/ Fatia (M),8.00
1143,BRC0031A,Pedaço/ Unidade/ Fatia (M),6.00
1144,BRC0033A,Pedaço/ Unidade/ Fatia (M),6.00
1145,BRC0036A,Pedaço/ Unidade/ Fatia (M),6.00
1146,BRC0037A,Pedaço/ Unidade/ Fatia (M),6.00
1147,BRC0038A,Pedaço/ Unidade/ Fatia (M),6.00
1148,BRC0032A,Pedaço/ Unidade/ Fatia (M),6.00
1149,BRC0034A,Pedaço/ Unidade/ Fatia (M),6.00
1150,BRC0041A,Pedaço/ Unidade/ Fatia (M),8.00
1151,BRC0040A,Pedaço/ Unidade/ Fatia (M),8.00
1152,BRC0042A,Pedaço/ Unidade/ Fatia (M),13.00
1153,BRC0069N,Porção média,30.00
1154,BRC0072N,Porção média,30.00
1155,BRC0200A,Pedaço/ Unidade/ Fatia (M),5.00
1156,BRC0028A,Pedaço/ Unidade/ Fatia (M),5.00
1157,BRC0045A,Pedaço/ Unidade/ Fatia (M),13.00
1158,BRC0071N,Porção média,30.00
1159,BRC0067N,Porção média,30.00
1160,BRC0044A,Pedaço/ Unidade/ Fatia (M),13.00
1161,BRC0046A,Pedaço/ Unidade/ Fatia (M),13.00
1162,BRC0047A,Pedaço/ Unidade/ Fatia (M),13.00
1163,BRC0048A,Pedaço/ Unidade/ Fatia (M),7.00
1164,BRC0043A,Pedaço/ Unidade/ Fatia (M),13.00
1165,BRC0027A,Pedaço/ Unidade/ Fatia (M),5.00
1166,BRC0049A,Pedaço/ Unidade/ Fatia (M),10.00
1167,BRC0050A,Pedaço/ Unidade/ Fatia (M),10.00
1168,BRC0068N,Pedaço/ Unidade/ Fatia (M),30.00
1169,BRC0051A,Pedaço/ Unidade/ Fatia (M),10.00
1170,BRC0052A,Pedaço/ Unidade/ Fatia (M),10.00
1171,BRC0053A,Pedaço/ Unidade/ Fatia (M),10.00
1172,BRC0054A,Pedaço/ Unidade/ Fatia (M),10.00
1173,BRC0836A,Porção média,30.00
1174,BRC0969A,Pedaço/ Unidade/ Fatia (M),7.00
1175,BRC0947A,Pedaço/ Unidade/ Fatia (M),7.00
1176,BRC0946A,Pedaço/ Unidade/ Fatia (M),7.00
1177,BRC0096B,Pedaço/ Unidade/ Fatia (M),100.00
1178,BRC0055A,Pedaço/ Unidade/ Fatia (M),7.00
1179,BRC0070N,Porção média,30.00
1180,BRC0057A,Pedaço/ Unidade/ Fatia (M),7.00
1181,BRC0058A,Pedaço/ Unidade/ Fatia (M),7.00
1182,BRC0056A,Pedaço/ Unidade/ Fatia (M),7.00
1183,BRC0060A,Pedaço/ Unidade/ Fatia (M),7.00
1184,BRC0061A,Pedaço/ Unidade/ Fatia (M),7.00
1185,BRC0201A,Pedaço/ Unidade/ Fatia (M),7.00
1186,BRC0059A,Pedaço/ Unidade/ Fatia (M),7.00
1187,BRC0973A,Pedaço/ Unidade/ Fatia (M),7.00
1188,BRC0188K,Pedaço/ Unidade/ Fatia (M),7.00
1189,BRC0974A,Pedaço/ Unidade/ Fatia (M),7.00
1190,BRC0189K,Pedaço/ Unidade/ Fatia (M),7.00
1191,BRC0972A,Pedaço/ Unidade/ Fatia (M),7.00
1192,BRC0187K,Pedaço/ Unidade/ Fatia (M),7.00
1193,BRC0010F,Pedaço/ Unidade/ Fatia (M),5.00
1194,BRC0769B,Colher servir cheia,70.00
1195,BRC0769B,Colher servir rasa,50.00
1196,BRC0770B,Colher servir cheia,70.00
1197,BRC0770B,Colher servir rasa,50.00
1198,BRC0773B,Colher servir cheia,70.00
1199,BRC0773B,Colher servir rasa,50.00
1200,BRC0774B,Colher servir cheia,70.00
1201,BRC0774B,Colher servir rasa,50.00
1202,BRC0771B,Colher servir cheia,70.00
1203,BRC0771B,Colher servir rasa,50.00
1204,BRC0772B,Colher servir cheia,70.00
1205,BRC0772B,Colher servir rasa,50.00
1206,BRC0732A,Pedaço/ Unidade/ Fatia (M),40.00
1207,BRC0888A,Pedaço/ Unidade/ Fatia (M),60.00
1208,BRC0189A,Pedaço/ Unidade/ Fatia (M),60.00
1209,BRC0223E,Pedaço/ Unidade/ Fatia (M),60.00
1210,BRC0871A,Porção média,60.00
1211,BRC0477F,Pedaço/ Unidade/ Fatia (M),50.00
1212,BRC0464E,Pedaço/ Unidade/ Fatia (M),60.00
1213,BRC0221T,Pedaço/ Unidade/ Fatia (M),60.00
1214,BRC0720B,Pedaço/ Unidade/ Fatia (M),50.00
1215,BRC0009K,Colher chá cheia,15.00
1216,BRC0009K,Colher sobremesa cheia,30.00
1217,BRC0009K,Colher sopa cheia,50.00
1218,BRC0009K,Pedaço/ Unidade/ Fatia (M),20.00
1219,BRC0857B,Porção média,80.00
1220,BRC0858B,Porção média,80.00
1221,BRC0859B,Porção média,80.00
1222,BRC0860B,Porção média,80.00
1223,BRC1071A,Pedaço/ Unidade/ Fatia (M),50.00
1224,BRC1073A,Pedaço/ Unidade/ Fatia (M),50.00
1225,BRC1072A,Pedaço/ Unidade/ Fatia (M),50.00
1226,BRC0853B,Porção média,80.00
1227,BRC0854B,Porção média,80.00
1228,BRC0855B,Porção média,80.00
1229,BRC0856B,Porção média,80.00
1230,BRC1070B,Pedaço/ Unidade/ Fatia (M),50.00
1231,BRC0216K,Pedaço/ Unidade/ Fatia (M),70.00
1232,BRC1033A,Pedaço/ Unidade/ Fatia (M),50.00
1233,BRC1034A,Pedaço/ Unidade/ Fatia (M),50.00
1234,BRC0829A,Pedaço/ Unidade/ Fatia (M),50.00
1235,BRC1032A,Pedaço/ Unidade/ Fatia (M),50.00
1236,BRC1031A,Pedaço/ Unidade/ Fatia (M),50.00
1237,BRC0467A,Pedaço/ Unidade/ Fatia (M),50.00
1238,BRC0002R,Colher sopa rasa,12.00
1239,BRC0064A,Pedaço/ Unidade/ Fatia (M),50.00
1240,BRC0070A,Pedaço/ Unidade/ Fatia (M),50.00
1241,BRC0071A,Pedaço/ Unidade/ Fatia (M),80.00
1242,BRC1017A,Pedaço/ Unidade/ Fatia (M),50.00
1243,BRC0822A,Pedaço/ Unidade/ Fatia (M),50.00
1244,BRC0821A,Pedaço/ Unidade/ Fatia (M),50.00
1245,BRC0072A,Pedaço/ Unidade/ Fatia (M),50.00
1246,BRC0083N,Fatia média,50.00
1247,BRC0461A,Pedaço/ Unidade/ Fatia (M),50.00
1248,BRC1012A,Pedaço/ Unidade/ Fatia (M),50.00
1249,BRC1000A,Pedaço/ Unidade/ Fatia (M),50.00
1250,BRC1009A,Pedaço/ Unidade/ Fatia (M),50.00
1251,BRC0823A,Pedaço/ Unidade/ Fatia (M),50.00
1252,BRC1011A,Pedaço/ Unidade/ Fatia (M),50.00
1253,BRC1008A,Pedaço/ Unidade/ Fatia (M),50.00
1254,BRC1001A,Pedaço/ Unidade/ Fatia (M),50.00
1255,BRC0214K,Pedaço/ Unidade/ Fatia (M),50.00
1256,BRC0078A,Pedaço/ Unidade/ Fatia (M),50.00
1257,BRC0003R,Colher sopa rasa,12.00
1258,BRC0065A,Pedaço/ Unidade/ Fatia (M),50.00
1259,BRC0073A,Pedaço/ Unidade/ Fatia (M),50.00
1260,BRC0074A,Pedaço/ Unidade/ Fatia (M),40.00
1261,BRC0081N,Fatia média,50.00
1262,BRC0460A,Pedaço/ Unidade/ Fatia (M),50.00
1263,BRC0004R,Colher sopa rasa,12.00
1264,BRC0066A,Pedaço/ Unidade/ Fatia (M),50.00
1265,BRC0079A,Porção média,50.00
1266,BRC0227A,Pedaço/ Unidade/ Fatia (M),50.00
1267,BRC0197A,Fatia média,50.00
1268,BRC1063A,Pedaço/ Unidade/ Fatia (M),50.00
1269,BRC0226A,Pedaço/ Unidade/ Fatia (M),50.00
1270,BRC0069A,Pedaço/ Unidade/ Fatia (M),50.00
1271,BRC1002A,Pedaço/ Unidade/ Fatia (M),50.00
1272,BRC0005R,Colher sopa rasa,12.00
1273,BRC0067A,Pedaço/ Unidade/ Fatia (M),50.00
1274,BRC0671A,Pedaço/ Unidade/ Fatia (M),50.00
1275,BRC0082N,Pedaço/ Unidade/ Fatia (M),50.00
1276,BRC1006A,Pedaço/ Unidade/ Fatia (M),50.00
1277,BRC1005A,Pedaço/ Unidade/ Fatia (M),50.00
1278,BRC1003A,Pedaço/ Unidade/ Fatia (M),50.00
1279,BRC0459A,Pedaço/ Unidade/ Fatia (M),50.00
1280,BRC0077A,Porção média,50.00
1281,BRC0006R,Colher sopa rasa,12.00
1282,BRC0068A,Pedaço/ Unidade/ Fatia (M),50.00
1283,BRC0080A,Porção média,50.00
1284,BRC0001R,Colher sopa cheia,20.00
1285,BRC0001R,Colher sopa rasa,12.00
1286,BRC0076R,Colher sopa cheia,20.00
1287,BRC0076R,Colher sopa rasa,10.00
1288,BRC0076A,Pedaço/ Unidade/ Fatia (M),50.00
1289,BRC0063A,Pedaço/ Unidade/ Fatia (M),50.00
1290,BRC0417A,Pedaço/ Unidade/ Fatia (M),40.00
1291,BRC0416A,Pedaço/ Unidade/ Fatia (M),40.00
1292,BRC0075A,Pedaço/ Unidade/ Fatia (M),50.00
1293,BRC1010A,Pedaço/ Unidade/ Fatia (M),50.00
1294,BRC1145A,Porção média,50.00
1295,BRC1020A,Pedaço/ Unidade/ Fatia (M),50.00
1296,BRC0999A,Pedaço/ Unidade/ Fatia (M),50.00
1297,BRC1061A,Pedaço/ Unidade/ Fatia (M),50.00
1298,BRC1007A,Pedaço/ Unidade/ Fatia (M),50.00
1299,BRC1013A,Pedaço/ Unidade/ Fatia (M),50.00
1300,BRC1004A,Pedaço/ Unidade/ Fatia (M),50.00
1301,BRC1014A,Pedaço/ Unidade/ Fatia (M),50.00
1302,BRC1015A,Pedaço/ Unidade/ Fatia (M),50.00
1303,BRC0998A,Pedaço/ Unidade/ Fatia (M),50.00
1304,BRC1149A,Pedaço/ Unidade/ Fatia (M),50.00
1305,BRC0153K,Pedaço/ Unidade/ Fatia (M),60.00
1306,BRC0192K,Pedaço/ Unidade/ Fatia (M),60.00
1307,BRC0085K,Pedaço/ Unidade/ Fatia (M),60.00
1308,BRC0196K,Pedaço/ Unidade/ Fatia (M),60.00
1309,BRC0135K,Pedaço/ Unidade/ Fatia (M),50.00
1310,BRC0175K,Pedaço/ Unidade/ Fatia (M),50.00
1311,BRC0160K,Pedaço/ Unidade/ Fatia (M),50.00
1312,BRC0163K,Pedaço/ Unidade/ Fatia (M),50.00
1313,BRC0166K,Pedaço/ Unidade/ Fatia (M),50.00
1314,BRC0172K,Pedaço/ Unidade/ Fatia (M),50.00
1315,BRC0173K,Pedaço/ Unidade/ Fatia (M),50.00
1316,BRC0709N,Unidade média,30.00
1317,BRC0161K,Pedaço/ Unidade/ Fatia (M),50.00
1318,BRC0162K,Pedaço/ Unidade/ Fatia (M),50.00
1319,BRC0171K,Pedaço/ Unidade/ Fatia (M),50.00
1320,BRC0167K,Pedaço/ Unidade/ Fatia (M),50.00
1321,BRC0170K,Pedaço/ Unidade/ Fatia (M),50.00
1322,BRC0165K,Pedaço/ Unidade/ Fatia (M),50.00
1323,BRC0168K,Pedaço/ Unidade/ Fatia (M),50.00
1324,BRC0169K,Pedaço/ Unidade/ Fatia (M),50.00
1325,BRC0174K,Pedaço/ Unidade/ Fatia (M),50.00
1326,BRC0164K,Pedaço/ Unidade/ Fatia (M),50.00
1327,BRC0145K,Pedaço/ Unidade/ Fatia (M),50.00
1328,BRC0144K,Pedaço/ Unidade/ Fatia (M),50.00
1329,BRC0182K,Pedaço/ Unidade/ Fatia (M),50.00
1330,BRC0159K,Pedaço/ Unidade/ Fatia (M),50.00
1331,BRC0146K,Pedaço/ Unidade/ Fatia (M),50.00
1332,BRC0190K,Pedaço/ Unidade/ Fatia (M),25.00
1333,BRC1215B,Xícara chá,90.00
1334,BRC0016B,Xícara chá,90.00
1335,BRC0262B,Pedaço/ Unidade/ Fatia (M),40.00
1336,BRC0261B,Pedaço/ Unidade/ Fatia (M),40.00
1337,BRC0150B,Colher sopa cheia,15.00
1338,BRC0045B,Colher sopa cheia,15.00
1339,BRC0164B,Colher sopa cheia,15.00
1340,BRC0163B,Colher sopa cheia,15.00
1341,BRC0955B,Pedaço/ Unidade/ Fatia (M),70.00
1342,BRC0954B,Pedaço/ Unidade/ Fatia (M),70.00
1343,BRC0964B,Pedaço/ Unidade/ Fatia (M),70.00
1344,BRC0953B,Pedaço/ Unidade/ Fatia (M),70.00
1345,BRC1016A,Pedaço médio,50.00
1346,BRC0971A,Pedaço/ Unidade/ Fatia (M),50.00
1347,BRC0212K,Pedaço/ Unidade/ Fatia (M),50.00
1348,BRC0734A,Pedaço/ Unidade/ Fatia (M),70.00
1349,BRC0735A,Pedaço/ Unidade/ Fatia (M),70.00
1350,BRC0736A,Pedaço/ Unidade/ Fatia (M),70.00
1351,BRC1092F,Porção média,100.00
1352,BRC0235C,Porção média,50.00
1353,BRC0090K,Colher café cheia,2.00
1354,BRC0090K,Colher chá cheia,4.00
1355,BRC0090K,Colher chá rasa,2.00
1356,BRC0090K,Colher sobremesa cheia,10.00
1357,BRC0090K,Colher sobremesa rasa,7.00
1358,BRC0090K,Colher sopa cheia,15.00
1359,BRC0090K,Colher sopa rasa,10.00
1360,BRC0071C,Pedaço/ Unidade/ Fatia (M),100.00
1361,BRC0044L,Colher sobremesa cheia,8.00
1362,BRC0044L,Colher sobremesa rasa,5.00
1363,BRC0044L,Colher sopa cheia,10.00
1364,BRC0044L,Colher sopa rasa,5.00
1365,BRC0001L,Colher sobremesa cheia,8.00
1366,BRC0001L,Colher sobremesa rasa,5.00
1367,BRC0001L,Colher sopa cheia,10.00
1368,BRC0001L,Colher sopa rasa,5.00
1369,BRC0073C,Pedaço/ Unidade/ Fatia (M),100.00
1370,BRC0072C,Pedaço/ Unidade/ Fatia (M),55.00
1371,BRC0002U,Porção média,30.00
1372,BRC0051C,Pedaço/ Unidade/ Fatia (M),100.00
1373,BRC0049C,Pedaço/ Unidade/ Fatia (M),100.00
1374,BRC0050C,Copo americano duplo,240.00
1375,BRC0050C,Copo americano pequeno,165.00
1376,BRC0116K,Pedaço/ Unidade/ Fatia (M),30.00
1377,BRC0211K,Colher sopa rasa,15.00
1378,BRC0151K,Colher sopa rasa,20.00
1379,BRC0098K,Colher sopa rasa,15.00
1380,BRC0136K,Colher sopa rasa,20.00
1381,BRC0584F,Porção média,110.00
1382,BRC0585F,Porção média,110.00
1383,BRC0591F,Porção média,110.00
1384,BRC0590F,Porção média,110.00
1385,BRC0375E,Concha cheia,110.00
1386,BRC0374E,Concha cheia,110.00
1387,BRC0385E,Concha cheia,110.00
1388,BRC0391E,Concha cheia,110.00
1389,BRC0381E,Concha cheia,110.00
1390,BRC0382E,Concha cheia,110.00
1391,BRC0383E,Concha cheia,110.00
1392,BRC0384E,Concha cheia,110.00
1393,BRC0373E,Concha cheia,130.00
1394,BRC0495F,Concha cheia,130.00
1395,BRC0918F,Concha cheia,130.00
1396,BRC0731B,Concha cheia,130.00
1397,BRC0125T,Colher sopa cheia,20.00
1398,BRC0125T,Concha cheia,130.00
1399,BRC0124T,Colher sopa cheia,20.00
1400,BRC0124T,Concha cheia,130.00
1401,BRC0496F,Concha cheia,130.00
1402,BRC0245E,Concha cheia,130.00
1403,BRC0730B,Concha cheia,130.00
1404,BRC0681B,Colher sopa cheia,20.00
1405,BRC0681B,Concha cheia,130.00
1406,BRC0002L,Pedaço/ Unidade/ Fatia (M),5.00
1407,BRC0912F,Concha cheia,130.00
1408,BRC0878F,Concha cheia,130.00
1409,BRC0632A,Porção média,120.00
1410,BRC0105K,Pedaço/ Unidade/ Fatia (M),30.00
1411,BRC0393E,Colher servir cheia,45.00
1412,BRC0083E,Colher servir cheia,45.00
1413,BRC0288E,Colher servir cheia,45.00
1414,BRC0288E,Colher servir cheia,60.00
1415,BRC0289E,Colher servir cheia,45.00
1416,BRC0289E,Colher servir cheia,60.00
1417,BRC0390E,Colher servir cheia,45.00
1418,BRC0287E,Colher servir cheia,45.00
1419,BRC0287E,Colher servir cheia,60.00
1420,BRC0290E,Colher servir cheia,45.00
1421,BRC0290E,Colher servir cheia,60.00
1422,BRC0291E,Colher servir cheia,45.00
1423,BRC0291E,Colher servir cheia,60.00
1424,BRC0389E,Colher servir cheia,45.00
1425,BRC0377E,Colher servir cheia,45.00
1426,BRC0387E,Colher servir cheia,45.00
1427,BRC0547E,Porção média,100.00
1428,BRC0294E,Colher servir cheia,45.00
1429,BRC0294E,Colher servir cheia,60.00
1430,BRC0295E,Colher servir cheia,45.00
1431,BRC0295E,Colher servir cheia,60.00
1432,BRC0546E,Porção média,100.00
1433,BRC0379E,Colher servir cheia,45.00
1434,BRC0552E,Porção média,100.00
1435,BRC0548E,Porção média,100.00
1436,BRC0260E,Porção média,110.00
1437,BRC0259E,Colher servir cheia,40.00
1438,BRC0259E,Colher sopa cheia,20.00
1439,BRC0008H,Copo americano duplo,240.00
1440,BRC0008H,Copo americano pequeno,165.00
1441,BRC0706A,Pedaço/ Unidade/ Fatia (M),30.00
1442,BRC0508A,Pedaço/ Unidade/ Fatia (M),30.00
1443,BRC0778B,Colher café cheia,4.00
1444,BRC0778B,Colher café rasa,1.00
1445,BRC0564A,Pedaço/ Unidade/ Fatia (M),50.00
1446,BRC0565A,Pedaço/ Unidade/ Fatia (M),50.00
1447,BRC0590A,Pedaço/ Unidade/ Fatia (M),50.00
1448,BRC0592A,Pedaço/ Unidade/ Fatia (M),50.00
1449,BRC0569A,Pedaço/ Unidade/ Fatia (M),50.00
1450,BRC0568A,Pedaço/ Unidade/ Fatia (M),50.00
1451,BRC0591A,Pedaço/ Unidade/ Fatia (M),50.00
1452,BRC0567A,Pedaço/ Unidade/ Fatia (M),50.00
1453,BRC0566A,Pedaço/ Unidade/ Fatia (M),50.00
1454,BRC0572A,Pedaço/ Unidade/ Fatia (M),50.00
1455,BRC0573A,Pedaço/ Unidade/ Fatia (M),50.00
1456,BRC0571A,Pedaço/ Unidade/ Fatia (M),50.00
1457,BRC0570A,Pedaço/ Unidade/ Fatia (M),50.00
1458,BRC0563A,Pedaço/ Unidade/ Fatia (M),50.00
1459,BRC0562A,Pedaço/ Unidade/ Fatia (M),50.00
1460,BRC0952A,Pedaço/ Unidade/ Fatia (M),50.00
1461,BRC0529F,Pedaço/ Unidade/ Fatia (M),110.00
1462,BRC0184A,Colher sopa cheia,25.00
1463,BRC0184A,Concha cheia,120.00
1464,BRC0185A,Colher sopa cheia,25.00
1465,BRC0185A,Concha cheia,120.00
1466,BRC0126A,Colher sopa cheia,25.00
1467,BRC0147K,Pedaço/ Unidade/ Fatia (M),80.00
1468,BRC0148K,Pedaço/ Unidade/ Fatia (M),80.00
1469,BRC0089K,Pedaço/ Unidade/ Fatia (M),80.00
1470,BRC0631A,Porção média,100.00
1471,BRC0630A,Porção média,100.00
1472,BRC0648A,Porção média,100.00
1473,BRC0647A,Porção média,100.00
1474,BRC0834B,Colher servir cheia,50.00
1475,BRC0835B,Colher servir cheia,50.00
1476,BRC0012C,Pedaço/ Unidade/ Fatia (M),110.00
1477,BRC0046B,Colher sopa cheia,27.00
1478,BRC0046B,Colher sopa rasa,19.00
1479,BRC0017B,Colher sopa cheia,24.00
1480,BRC0017B,Colher sopa rasa,17.00
1481,BRC0910B,Colher sopa rasa,30.00
1482,BRC0353B,Colher sopa cheia,27.00
1483,BRC0353B,Colher sopa rasa,19.00
1484,BRC0352B,Colher sopa cheia,27.00
1485,BRC0352B,Colher sopa rasa,19.00
1486,BRC0351B,Colher sopa cheia,27.00
1487,BRC0351B,Colher sopa rasa,19.00
1488,BRC0350B,Colher sopa cheia,27.00
1489,BRC0350B,Colher sopa rasa,19.00
1490,BRC0055C,Pedaço/ Unidade/ Fatia (M),120.00
1491,BRC1213B,Colher sopa rasa,6.00
1492,BRC1086F,Porção média,100.00
1493,BRC1089F,Porção média,110.00
1494,BRC0526F,Pedaço/ Unidade/ Fatia (M),110.00
1495,BRC0527F,Pedaço/ Unidade/ Fatia (M),110.00
1496,BRC1075F,Porção média,100.00
1497,BRC1088F,Porção média,100.00
1498,BRC0012F,Porção média,100.00
1499,BRC0013F,Pedaço/ Unidade/ Fatia (M),100.00
1500,BRC0014F,Porção média,100.00
1501,BRC0011F,Porção média,100.00
1502,BRC0015F,Porção média,100.00
1503,BRC0016F,Porção média,100.00
1504,BRC0017F,Pedaço/ Unidade/ Fatia (M),100.00
1505,BRC0364F,Pedaço/ Unidade/ Fatia (M),110.00
1506,BRC0365F,Pedaço/ Unidade/ Fatia (M),110.00
1507,BRC0356F,Pedaço/ Unidade/ Fatia (M),110.00
1508,BRC0357F,Pedaço/ Unidade/ Fatia (M),110.00
1509,BRC0358F,Pedaço/ Unidade/ Fatia (M),110.00
1510,BRC0359F,Pedaço/ Unidade/ Fatia (M),110.00
1511,BRC0362F,Pedaço/ Unidade/ Fatia (M),110.00
1512,BRC0363F,Pedaço/ Unidade/ Fatia (M),110.00
1513,BRC0355F,Pedaço/ Unidade/ Fatia (M),110.00
1514,BRC0360F,Pedaço/ Unidade/ Fatia (M),110.00
1515,BRC0361F,Pedaço/ Unidade/ Fatia (M),110.00
1516,BRC0053F,Porção média,120.00
1517,BRC0054F,Pedaço/ Unidade/ Fatia (M),120.00
1518,BRC0654F,Pedaço/ Unidade/ Fatia (M),110.00
1519,BRC0653F,Pedaço/ Unidade/ Fatia (M),110.00
1520,BRC0309F,Pedaço/ Unidade/ Fatia (M),110.00
1521,BRC0307F,Pedaço/ Unidade/ Fatia (M),110.00
1522,BRC0517F,Pedaço/ Unidade/ Fatia (M),110.00
1523,BRC0026F,Pedaço/ Unidade/ Fatia (M),110.00
1524,BRC0652F,Pedaço/ Unidade/ Fatia (M),110.00
1525,BRC0651F,Pedaço/ Unidade/ Fatia (M),110.00
1526,BRC0610F,Pedaço/ Unidade/ Fatia (M),110.00
1527,BRC0609F,Pedaço/ Unidade/ Fatia (M),110.00
1528,BRC0055F,Porção média,120.00
1529,BRC0608F,Pedaço/ Unidade/ Fatia (M),110.00
1530,BRC0607F,Pedaço/ Unidade/ Fatia (M),110.00
1531,BRC0613F,Porção média,100.00
1532,BRC0890F,Concha rasa,60.00
1533,BRC0891F,Concha rasa,60.00
1534,BRC0889F,Concha rasa,60.00
1535,BRC0027F,Concha rasa,60.00
1536,BRC0056F,Colher sopa cheia,20.00
1537,BRC0057F,Porção média,120.00
1538,BRC0324F,Pedaço/ Unidade/ Fatia (M),110.00
1539,BRC0322F,Pedaço/ Unidade/ Fatia (M),110.00
1540,BRC0323F,Pedaço/ Unidade/ Fatia (M),110.00
1541,BRC0319F,Pedaço/ Unidade/ Fatia (M),110.00
1542,BRC0320F,Pedaço/ Unidade/ Fatia (M),110.00
1543,BRC0321F,Pedaço/ Unidade/ Fatia (M),110.00
1544,BRC0028F,Pedaço/ Unidade/ Fatia (M),110.00
1545,BRC0058F,Porção média,120.00
1546,BRC0333F,Pedaço/ Unidade/ Fatia (M),110.00
1547,BRC0331F,Pedaço/ Unidade/ Fatia (M),110.00
1548,BRC0332F,Pedaço/ Unidade/ Fatia (M),110.00
1549,BRC0328F,Pedaço/ Unidade/ Fatia (M),110.00
1550,BRC0327F,Pedaço/ Unidade/ Fatia (M),110.00
1551,BRC0329F,Pedaço/ Unidade/ Fatia (M),110.00
1552,BRC0330F,Pedaço/ Unidade/ Fatia (M),110.00
1553,BRC0325F,Pedaço/ Unidade/ Fatia (M),110.00
1554,BRC0326F,Pedaço/ Unidade/ Fatia (M),110.00
1555,BRC0029F,Porção média,100.00
1556,BRC0524F,Porção média,110.00
1557,BRC0523F,Porção média,110.00
1558,BRC0525F,Pedaço/ Unidade/ Fatia (M),110.00
1559,BRC0662F,Pedaço/ Unidade/ Fatia (M),110.00
1560,BRC0660F,Pedaço/ Unidade/ Fatia (M),110.00
1561,BRC0661F,Pedaço/ Unidade/ Fatia (M),110.00
1562,BRC0084F,Pedaço/ Unidade/ Fatia (M),60.00
1563,BRC0340F,Pedaço/ Unidade/ Fatia (M),110.00
1564,BRC0341F,Pedaço/ Unidade/ Fatia (M),110.00
1565,BRC0342F,Pedaço/ Unidade/ Fatia (M),110.00
1566,BRC0337F,Pedaço/ Unidade/ Fatia (M),110.00
1567,BRC0336F,Pedaço/ Unidade/ Fatia (M),110.00
1568,BRC0338F,Pedaço/ Unidade/ Fatia (M),110.00
1569,BRC0339F,Pedaço/ Unidade/ Fatia (M),110.00
1570,BRC0334F,Pedaço/ Unidade/ Fatia (M),110.00
1571,BRC0335F,Pedaço/ Unidade/ Fatia (M),110.00
1572,BRC0030F,Pedaço/ Unidade/ Fatia (M),110.00
1573,BRC0022F,Pedaço/ Unidade/ Fatia (M),110.00
1574,BRC0292F,Pedaço/ Unidade/ Fatia (M),110.00
1575,BRC0060F,Porção média,120.00
1576,BRC0059F,Porção média,120.00
1577,BRC0023F,Pedaço/ Unidade/ Fatia (M),110.00
1578,BRC0302F,Pedaço/ Unidade/ Fatia (M),110.00
1579,BRC0303F,Pedaço/ Unidade/ Fatia (M),110.00
1580,BRC0299F,Pedaço/ Unidade/ Fatia (M),110.00
1581,BRC0298F,Pedaço/ Unidade/ Fatia (M),110.00
1582,BRC0300F,Pedaço/ Unidade/ Fatia (M),110.00
1583,BRC0301F,Pedaço/ Unidade/ Fatia (M),110.00
1584,BRC0304F,Pedaço/ Unidade/ Fatia (M),110.00
1585,BRC0296F,Pedaço/ Unidade/ Fatia (M),110.00
1586,BRC0297F,Pedaço/ Unidade/ Fatia (M),110.00
1587,BRC0294F,Pedaço/ Unidade/ Fatia (M),110.00
1588,BRC0295F,Pedaço/ Unidade/ Fatia (M),110.00
1589,BRC0061F,Porção média,120.00
1590,BRC0349F,Pedaço/ Unidade/ Fatia (M),110.00
1591,BRC0350F,Pedaço/ Unidade/ Fatia (M),110.00
1592,BRC0346F,Pedaço/ Unidade/ Fatia (M),110.00
1593,BRC0345F,Pedaço/ Unidade/ Fatia (M),110.00
1594,BRC0347F,Pedaço/ Unidade/ Fatia (M),110.00
1595,BRC0348F,Pedaço/ Unidade/ Fatia (M),110.00
1596,BRC0351F,Pedaço/ Unidade/ Fatia (M),110.00
1597,BRC0344F,Pedaço/ Unidade/ Fatia (M),110.00
1598,BRC0031F,Pedaço/ Unidade/ Fatia (M),110.00
1599,BRC0619F,Pedaço/ Unidade/ Fatia (M),110.00
1600,BRC0618F,Pedaço/ Unidade/ Fatia (M),110.00
1601,BRC0623F,Pedaço/ Unidade/ Fatia (M),110.00
1602,BRC0622F,Pedaço/ Unidade/ Fatia (M),110.00
1603,BRC0621F,Pedaço/ Unidade/ Fatia (M),110.00
1604,BRC0578F,Pedaço/ Unidade/ Fatia (M),110.00
1605,BRC0579F,Pedaço/ Unidade/ Fatia (M),110.00
1606,BRC0580F,Pedaço/ Unidade/ Fatia (M),110.00
1607,BRC0581F,Pedaço/ Unidade/ Fatia (M),110.00
1608,BRC0353F,Pedaço/ Unidade/ Fatia (M),110.00
1609,BRC0032F,Pedaço/ Unidade/ Fatia (M),110.00
1610,BRC0858F,Porção média,110.00
1611,BRC0857F,Pedaço/ Unidade/ Fatia (M),110.00
1612,BRC0868F,Pedaço/ Unidade/ Fatia (M),110.00
1613,BRC0869F,Pedaço/ Unidade/ Fatia (M),110.00
1614,BRC0062F,Porção média,120.00
1615,BRC0680F,Pedaço/ Unidade/ Fatia (M),110.00
1616,BRC0679F,Pedaço/ Unidade/ Fatia (M),110.00
1617,BRC0063F,Porção média,120.00
1618,BRC0367F,Pedaço/ Unidade/ Fatia (M),110.00
1619,BRC0033F,Pedaço/ Unidade/ Fatia (M),110.00
1620,BRC0371F,Pedaço/ Unidade/ Fatia (M),110.00
1621,BRC0369F,Pedaço/ Unidade/ Fatia (M),110.00
1622,BRC0370F,Pedaço/ Unidade/ Fatia (M),110.00
1623,BRC0034F,Pedaço/ Unidade/ Fatia (M),110.00
1624,BRC0064F,Porção média,120.00
1625,BRC0924F,Pedaço/ Unidade/ Fatia (M),110.00
1626,BRC0925F,Pedaço/ Unidade/ Fatia (M),110.00
1627,BRC0930F,Pedaço/ Unidade/ Fatia (M),110.00
1628,BRC0931F,Pedaço/ Unidade/ Fatia (M),110.00
1629,BRC0926F,Pedaço/ Unidade/ Fatia (M),110.00
1630,BRC0927F,Pedaço/ Unidade/ Fatia (M),110.00
1631,BRC0645F,Pedaço/ Unidade/ Fatia (M),110.00
1632,BRC0644F,Pedaço/ Unidade/ Fatia (M),110.00
1633,BRC0648F,Pedaço/ Unidade/ Fatia (M),110.00
1634,BRC0641F,Pedaço/ Unidade/ Fatia (M),110.00
1635,BRC0643F,Pedaço/ Unidade/ Fatia (M),110.00
1636,BRC0642F,Pedaço/ Unidade/ Fatia (M),110.00
1637,BRC0305F,Pedaço/ Unidade/ Fatia (M),110.00
1638,BRC0024F,Pedaço/ Unidade/ Fatia (M),110.00
1639,BRC0051F,Pedaço/ Unidade/ Fatia (M),120.00
1640,BRC0808F,Pedaço/ Unidade/ Fatia (M),110.00
1641,BRC0807F,Pedaço/ Unidade/ Fatia (M),110.00
1642,BRC0731F,Pedaço/ Unidade/ Fatia (M),110.00
1643,BRC0727F,Pedaço/ Unidade/ Fatia (M),110.00
1644,BRC0728F,Pedaço/ Unidade/ Fatia (M),110.00
1645,BRC0730F,Porção média,100.00
1646,BRC0729F,Pedaço/ Unidade/ Fatia (M),110.00
1647,BRC0732F,Pedaço/ Unidade/ Fatia (M),110.00
1648,BRC0734F,Pedaço/ Unidade/ Fatia (M),110.00
1649,BRC0733F,Pedaço/ Unidade/ Fatia (M),110.00
1650,BRC0735F,Pedaço/ Unidade/ Fatia (M),110.00
1651,BRC0755F,Pedaço/ Unidade/ Fatia (M),110.00
1652,BRC0754F,Pedaço/ Unidade/ Fatia (M),110.00
1653,BRC0052F,Pedaço/ Unidade/ Fatia (M),70.00
1654,BRC0753F,Pedaço/ Unidade/ Fatia (M),110.00
1655,BRC0759F,Pedaço/ Unidade/ Fatia (M),110.00
1656,BRC0758F,Pedaço/ Unidade/ Fatia (M),110.00
1657,BRC0372F,Pedaço/ Unidade/ Fatia (M),110.00
1658,BRC0373F,Pedaço/ Unidade/ Fatia (M),110.00
1659,BRC0751F,Pedaço/ Unidade/ Fatia (M),110.00
1660,BRC0757F,Pedaço/ Unidade/ Fatia (M),110.00
1661,BRC0756F,Pedaço/ Unidade/ Fatia (M),110.00
1662,BRC0599F,Pedaço/ Unidade/ Fatia (M),110.00
1663,BRC0598F,Pedaço/ Unidade/ Fatia (M),110.00
1664,BRC0065F,Porção média,120.00
1665,BRC0597F,Pedaço/ Unidade/ Fatia (M),110.00
1666,BRC0596F,Pedaço/ Unidade/ Fatia (M),110.00
1667,BRC0380F,Pedaço/ Unidade/ Fatia (M),110.00
1668,BRC0381F,Pedaço/ Unidade/ Fatia (M),110.00
1669,BRC0376F,Pedaço/ Unidade/ Fatia (M),110.00
1670,BRC0378F,Pedaço/ Unidade/ Fatia (M),110.00
1671,BRC0379F,Pedaço/ Unidade/ Fatia (M),110.00
1672,BRC0382F,Pedaço/ Unidade/ Fatia (M),110.00
1673,BRC0374F,Pedaço/ Unidade/ Fatia (M),110.00
1674,BRC0375F,Pedaço/ Unidade/ Fatia (M),110.00
1675,BRC0377F,Pedaço/ Unidade/ Fatia (M),110.00
1676,BRC0602F,Pedaço/ Unidade/ Fatia (M),110.00
1677,BRC0595F,Pedaço/ Unidade/ Fatia (M),110.00
1678,BRC0389F,Pedaço/ Unidade/ Fatia (M),110.00
1679,BRC0390F,Pedaço/ Unidade/ Fatia (M),110.00
1680,BRC0388F,Pedaço/ Unidade/ Fatia (M),110.00
1681,BRC0386F,Pedaço/ Unidade/ Fatia (M),110.00
1682,BRC0387F,Pedaço/ Unidade/ Fatia (M),110.00
1683,BRC0385F,Pedaço/ Unidade/ Fatia (M),110.00
1684,BRC0383F,Pedaço/ Unidade/ Fatia (M),110.00
1685,BRC0384F,Pedaço/ Unidade/ Fatia (M),110.00
1686,BRC0037F,Pedaço/ Unidade/ Fatia (M),110.00
1687,BRC0066F,Porção média,120.00
1688,BRC0393F,Pedaço/ Unidade/ Fatia (M),110.00
1689,BRC0394F,Pedaço/ Unidade/ Fatia (M),110.00
1690,BRC0391F,Pedaço/ Unidade/ Fatia (M),110.00
1691,BRC0392F,Pedaço/ Unidade/ Fatia (M),110.00
1692,BRC0800F,Pedaço/ Unidade/ Fatia (M),110.00
1693,BRC0038F,Pedaço/ Unidade/ Fatia (M),110.00
1694,BRC0067F,Porção média,120.00
1695,BRC0804F,Pedaço/ Unidade/ Fatia (M),110.00
1696,BRC0803F,Pedaço/ Unidade/ Fatia (M),110.00
1697,BRC0397F,Pedaço/ Unidade/ Fatia (M),110.00
1698,BRC0398F,Pedaço/ Unidade/ Fatia (M),110.00
1699,BRC0631F,Pedaço/ Unidade/ Fatia (M),110.00
1700,BRC0630F,Pedaço/ Unidade/ Fatia (M),110.00
1701,BRC0395F,Pedaço/ Unidade/ Fatia (M),110.00
1702,BRC0396F,Pedaço/ Unidade/ Fatia (M),110.00
1703,BRC0625F,Pedaço/ Unidade/ Fatia (M),110.00
1704,BRC0039F,Pedaço/ Unidade/ Fatia (M),110.00
1705,BRC0068F,Porção média,120.00
1706,BRC0627F,Pedaço/ Unidade/ Fatia (M),110.00
1707,BRC0626F,Pedaço/ Unidade/ Fatia (M),110.00
1708,BRC0629F,Pedaço/ Unidade/ Fatia (M),110.00
1709,BRC0628F,Pedaço/ Unidade/ Fatia (M),110.00
1710,BRC0836F,Pedaço/ Unidade/ Fatia (M),110.00
1711,BRC0399F,Pedaço/ Unidade/ Fatia (M),110.00
1712,BRC0400F,Pedaço/ Unidade/ Fatia (M),110.00
1713,BRC0810F,Pedaço/ Unidade/ Fatia (M),110.00
1714,BRC0490F,Pedaço/ Unidade/ Fatia (M),110.00
1715,BRC0491F,Pedaço/ Unidade/ Fatia (M),110.00
1716,BRC0834F,Pedaço/ Unidade/ Fatia (M),110.00
1717,BRC0040F,Pedaço/ Unidade/ Fatia (M),90.00
1718,BRC0835F,Pedaço/ Unidade/ Fatia (M),110.00
1719,BRC0070F,Porção média,120.00
1720,BRC0818F,Pedaço/ Unidade/ Fatia (M),110.00
1721,BRC0817F,Pedaço/ Unidade/ Fatia (M),110.00
1722,BRC0409F,Pedaço/ Unidade/ Fatia (M),110.00
1723,BRC0410F,Pedaço/ Unidade/ Fatia (M),110.00
1724,BRC0406F,Pedaço/ Unidade/ Fatia (M),110.00
1725,BRC0405F,Pedaço/ Unidade/ Fatia (M),110.00
1726,BRC0407F,Pedaço/ Unidade/ Fatia (M),110.00
1727,BRC0408F,Pedaço/ Unidade/ Fatia (M),110.00
1728,BRC0411F,Pedaço/ Unidade/ Fatia (M),110.00
1729,BRC0403F,Pedaço/ Unidade/ Fatia (M),110.00
1730,BRC0404F,Pedaço/ Unidade/ Fatia (M),110.00
1731,BRC0819F,Pedaço/ Unidade/ Fatia (M),110.00
1732,BRC0816F,Pedaço/ Unidade/ Fatia (M),110.00
1733,BRC0594F,Pedaço/ Unidade/ Fatia (M),110.00
1734,BRC0041F,Pedaço/ Unidade/ Fatia (M),110.00
1735,BRC0932F,Pedaço/ Unidade/ Fatia (M),110.00
1736,BRC0933F,Pedaço/ Unidade/ Fatia (M),110.00
1737,BRC0606F,Pedaço/ Unidade/ Fatia (M),110.00
1738,BRC0418F,Pedaço/ Unidade/ Fatia (M),110.00
1739,BRC0419F,Pedaço/ Unidade/ Fatia (M),110.00
1740,BRC0415F,Pedaço/ Unidade/ Fatia (M),110.00
1741,BRC0414F,Pedaço/ Unidade/ Fatia (M),110.00
1742,BRC0416F,Pedaço/ Unidade/ Fatia (M),110.00
1743,BRC0417F,Pedaço/ Unidade/ Fatia (M),110.00
1744,BRC0420F,Pedaço/ Unidade/ Fatia (M),110.00
1745,BRC0412F,Pedaço/ Unidade/ Fatia (M),110.00
1746,BRC0413F,Pedaço/ Unidade/ Fatia (M),110.00
1747,BRC0042F,Pedaço/ Unidade/ Fatia (M),110.00
1748,BRC0855F,Pedaço/ Unidade/ Fatia (M),110.00
1749,BRC0854F,Pedaço/ Unidade/ Fatia (M),110.00
1750,BRC0071F,Colher servir cheia,60.00
1751,BRC0071F,Colher servir rasa,40.00
1752,BRC0071F,Colher sopa cheia,25.00
1753,BRC0071F,Colher sopa rasa,15.00
1754,BRC0427F,Pedaço/ Unidade/ Fatia (M),110.00
1755,BRC0428F,Pedaço/ Unidade/ Fatia (M),110.00
1756,BRC0425F,Pedaço/ Unidade/ Fatia (M),110.00
1757,BRC0426F,Pedaço/ Unidade/ Fatia (M),110.00
1758,BRC0429F,Pedaço/ Unidade/ Fatia (M),110.00
1759,BRC0430F,Pedaço/ Unidade/ Fatia (M),110.00
1760,BRC0423F,Pedaço/ Unidade/ Fatia (M),110.00
1761,BRC0424F,Pedaço/ Unidade/ Fatia (M),110.00
1762,BRC0674F,Pedaço/ Unidade/ Fatia (M),110.00
1763,BRC0673F,Pedaço/ Unidade/ Fatia (M),110.00
1764,BRC0421F,Pedaço/ Unidade/ Fatia (M),110.00
1765,BRC0422F,Pedaço/ Unidade/ Fatia (M),110.00
1766,BRC0043F,Pedaço/ Unidade/ Fatia (M),110.00
1767,BRC0072F,Porção média,120.00
1768,BRC0073F,Porção média,120.00
1769,BRC0437F,Pedaço/ Unidade/ Fatia (M),110.00
1770,BRC0438F,Pedaço/ Unidade/ Fatia (M),110.00
1771,BRC0435F,Pedaço/ Unidade/ Fatia (M),110.00
1772,BRC0436F,Pedaço/ Unidade/ Fatia (M),110.00
1773,BRC0439F,Pedaço/ Unidade/ Fatia (M),110.00
1774,BRC0440F,Pedaço/ Unidade/ Fatia (M),110.00
1775,BRC0433F,Pedaço/ Unidade/ Fatia (M),110.00
1776,BRC0434F,Pedaço/ Unidade/ Fatia (M),110.00
1777,BRC0669F,Pedaço/ Unidade/ Fatia (M),110.00
1778,BRC0668F,Pedaço/ Unidade/ Fatia (M),110.00
1779,BRC0432F,Pedaço/ Unidade/ Fatia (M),110.00
1780,BRC0431F,Porção média,110.00
1781,BRC0044F,Pedaço/ Unidade/ Fatia (M),110.00
1782,BRC0074F,Porção média,120.00
1783,BRC0665F,Pedaço/ Unidade/ Fatia (M),110.00
1784,BRC0664F,Pedaço/ Unidade/ Fatia (M),110.00
1785,BRC0635F,Pedaço/ Unidade/ Fatia (M),110.00
1786,BRC0634F,Pedaço/ Unidade/ Fatia (M),110.00
1787,BRC0633F,Pedaço/ Unidade/ Fatia (M),110.00
1788,BRC0447F,Pedaço/ Unidade/ Fatia (M),110.00
1789,BRC0448F,Pedaço/ Unidade/ Fatia (M),110.00
1790,BRC0444F,Pedaço/ Unidade/ Fatia (M),110.00
1791,BRC0443F,Pedaço/ Unidade/ Fatia (M),110.00
1792,BRC0445F,Pedaço/ Unidade/ Fatia (M),110.00
1793,BRC0446F,Pedaço/ Unidade/ Fatia (M),110.00
1794,BRC0449F,Pedaço/ Unidade/ Fatia (M),110.00
1795,BRC0441F,Pedaço/ Unidade/ Fatia (M),110.00
1796,BRC0442F,Pedaço/ Unidade/ Fatia (M),110.00
1797,BRC0045F,Porção média,100.00
1798,BRC0640F,Pedaço/ Unidade/ Fatia (M),110.00
1799,BRC0639F,Pedaço/ Unidade/ Fatia (M),110.00
1800,BRC0632F,Pedaço/ Unidade/ Fatia (M),110.00
1801,BRC0076F,Porção média,120.00
1802,BRC0677F,Pedaço/ Unidade/ Fatia (M),110.00
1803,BRC0676F,Pedaço/ Unidade/ Fatia (M),110.00
1804,BRC0455F,Pedaço/ Unidade/ Fatia (M),110.00
1805,BRC0456F,Pedaço/ Unidade/ Fatia (M),110.00
1806,BRC0452F,Pedaço/ Unidade/ Fatia (M),110.00
1807,BRC0451F,Pedaço/ Unidade/ Fatia (M),110.00
1808,BRC0453F,Pedaço/ Unidade/ Fatia (M),110.00
1809,BRC0454F,Pedaço/ Unidade/ Fatia (M),110.00
1810,BRC0457F,Pedaço/ Unidade/ Fatia (M),110.00
1811,BRC0458F,Pedaço/ Unidade/ Fatia (M),110.00
1812,BRC0450F,Pedaço/ Unidade/ Fatia (M),110.00
1813,BRC0046F,Porção média,100.00
1814,BRC0461F,Pedaço/ Unidade/ Fatia (M),110.00
1815,BRC0462F,Pedaço/ Unidade/ Fatia (M),110.00
1816,BRC0463F,Pedaço/ Unidade/ Fatia (M),110.00
1817,BRC0459F,Pedaço/ Unidade/ Fatia (M),110.00
1818,BRC0460F,Pedaço/ Unidade/ Fatia (M),110.00
1819,BRC0047F,Pedaço/ Unidade/ Fatia (M),110.00
1820,BRC0077F,Porção média,120.00
1821,BRC0823F,Pedaço/ Unidade/ Fatia (M),110.00
1822,BRC0822F,Pedaço/ Unidade/ Fatia (M),110.00
1823,BRC0466F,Pedaço/ Unidade/ Fatia (M),110.00
1824,BRC0467F,Pedaço/ Unidade/ Fatia (M),110.00
1825,BRC0468F,Pedaço/ Unidade/ Fatia (M),110.00
1826,BRC0464F,Pedaço/ Unidade/ Fatia (M),110.00
1827,BRC0465F,Pedaço/ Unidade/ Fatia (M),110.00
1828,BRC0048F,Pedaço/ Unidade/ Fatia (M),110.00
1829,BRC0078F,Porção média,120.00
1830,BRC0832F,Pedaço/ Unidade/ Fatia (M),110.00
1831,BRC0565F,Pedaço/ Unidade/ Fatia (M),110.00
1832,BRC0049F,Porção média,120.00
1833,BRC0260F,Pedaço/ Unidade/ Fatia (M),110.00
1834,BRC0258F,Pedaço/ Unidade/ Fatia (M),110.00
1835,BRC0259F,Pedaço/ Unidade/ Fatia (M),110.00
1836,BRC0257F,Pedaço/ Unidade/ Fatia (M),110.00
1837,BRC0255F,Pedaço/ Unidade/ Fatia (M),110.00
1838,BRC0256F,Pedaço/ Unidade/ Fatia (M),110.00
1839,BRC0276F,Pedaço/ Unidade/ Fatia (M),110.00
1840,BRC0277F,Pedaço/ Unidade/ Fatia (M),110.00
1841,BRC0273F,Pedaço/ Unidade/ Fatia (M),110.00
1842,BRC0272F,Pedaço/ Unidade/ Fatia (M),110.00
1843,BRC0274F,Pedaço/ Unidade/ Fatia (M),110.00
1844,BRC0275F,Pedaço/ Unidade/ Fatia (M),110.00
1845,BRC0278F,Pedaço/ Unidade/ Fatia (M),110.00
1846,BRC0279F,Pedaço/ Unidade/ Fatia (M),110.00
1847,BRC0270F,Pedaço/ Unidade/ Fatia (M),110.00
1848,BRC0271F,Pedaço/ Unidade/ Fatia (M),110.00
1849,BRC0267F,Pedaço/ Unidade/ Fatia (M),110.00
1850,BRC0268F,Pedaço/ Unidade/ Fatia (M),110.00
1851,BRC0269F,Pedaço/ Unidade/ Fatia (M),110.00
1852,BRC0020F,Pedaço/ Unidade/ Fatia (M),110.00
1853,BRC0050F,Pedaço/ Unidade/ Fatia (M),120.00
1854,BRC0266F,Pedaço/ Unidade/ Fatia (M),110.00
1855,BRC0264F,Pedaço/ Unidade/ Fatia (M),110.00
1856,BRC0265F,Pedaço/ Unidade/ Fatia (M),110.00
1857,BRC0263F,Pedaço/ Unidade/ Fatia (M),110.00
1858,BRC0261F,Pedaço/ Unidade/ Fatia (M),110.00
1859,BRC0262F,Pedaço/ Unidade/ Fatia (M),110.00
1860,BRC0019F,Pedaço/ Unidade/ Fatia (M),110.00
1861,BRC0289F,Pedaço/ Unidade/ Fatia (M),110.00
1862,BRC0290F,Pedaço/ Unidade/ Fatia (M),110.00
1863,BRC0286F,Pedaço/ Unidade/ Fatia (M),110.00
1864,BRC0285F,Pedaço/ Unidade/ Fatia (M),110.00
1865,BRC0287F,Pedaço/ Unidade/ Fatia (M),110.00
1866,BRC0288F,Pedaço/ Unidade/ Fatia (M),110.00
1867,BRC0291F,Pedaço/ Unidade/ Fatia (M),110.00
1868,BRC0283F,Pedaço/ Unidade/ Fatia (M),110.00
1869,BRC0284F,Pedaço/ Unidade/ Fatia (M),110.00
1870,BRC0280F,Pedaço/ Unidade/ Fatia (M),110.00
1871,BRC0281F,Pedaço/ Unidade/ Fatia (M),110.00
1872,BRC0282F,Pedaço/ Unidade/ Fatia (M),110.00
1873,BRC0021F,Pedaço/ Unidade/ Fatia (M),110.00
1874,BRC0838F,Pedaço/ Unidade/ Fatia (M),110.00
1875,BRC0837F,Pedaço/ Unidade/ Fatia (M),110.00
1876,BRC0081F,Colher servir cheia,28.00
1877,BRC0081F,Colher servir rasa,18.00
1878,BRC0082F,Colher sopa cheia,18.00
1879,BRC0083F,Porção média,100.00
1880,BRC0085F,Pedaço/ Unidade/ Fatia (M),60.00
1881,BRC0658F,Pedaço/ Unidade/ Fatia (M),110.00
1882,BRC0656F,Pedaço/ Unidade/ Fatia (M),110.00
1883,BRC0657F,Pedaço/ Unidade/ Fatia (M),110.00
1884,BRC0650F,Porção média,100.00
1885,BRC0310F,Pedaço/ Unidade/ Fatia (M),110.00
1886,BRC0308F,Porção média,100.00
1887,BRC0306F,Porção média,100.00
1888,BRC0516F,Porção média,100.00
1889,BRC0612F,Porção média,110.00
1890,BRC0611F,Porção média,110.00
1891,BRC0952F,Pedaço/ Unidade/ Fatia (M),110.00
1892,BRC0318F,Pedaço/ Unidade/ Fatia (M),110.00
1893,BRC0316F,Pedaço/ Unidade/ Fatia (M),110.00
1894,BRC0317F,Pedaço/ Unidade/ Fatia (M),110.00
1895,BRC0987F,Pedaço/ Unidade/ Fatia (M),60.00
1896,BRC0963F,Porção média,110.00
1897,BRC0970F,Porção média,110.00
1898,BRC0617F,Porção média,100.00
1899,BRC0616F,Porção média,100.00
1900,BRC0513F,Porção média,100.00
1901,BRC0352F,Porção média,100.00
1902,BRC0368F,Porção média,100.00
1903,BRC0969F,Porção média,110.00
1904,BRC0366F,Porção média,100.00
1905,BRC0968F,Porção média,110.00
1906,BRC1126F,Porção média,100.00
1907,BRC1115F,Porção média,100.00
1908,BRC0736F,Porção média,100.00
1909,BRC0879F,Pedaço/ Unidade/ Fatia (M),50.00
1910,BRC0752F,Pedaço/ Unidade/ Fatia (M),110.00
1911,BRC0036F,Pedaço/ Unidade/ Fatia (M),110.00
1912,BRC0601F,Porção média,110.00
1913,BRC0600F,Porção média,110.00
1914,BRC0802F,Porção média,100.00
1915,BRC0801F,Porção média,100.00
1916,BRC0069F,Porção média,100.00
1917,BRC1072F,Colher sopa cheia,25.00
1918,BRC0354F,Porção média,100.00
1919,BRC0025F,Pedaço/ Unidade/ Fatia (M),110.00
1920,BRC0245F,Colher servir cheia,60.00
1921,BRC0245F,Colher servir rasa,40.00
1922,BRC0245F,Colher sopa cheia,25.00
1923,BRC0245F,Colher sopa rasa,15.00
1924,BRC0244F,Colher servir cheia,60.00
1925,BRC0244F,Colher servir rasa,40.00
1926,BRC0244F,Colher sopa cheia,25.00
1927,BRC0244F,Colher sopa rasa,15.00
1928,BRC0670F,Porção média,100.00
1929,BRC0672F,Porção média,110.00
1930,BRC0671F,Porção média,110.00
1931,BRC0947F,Pedaço/ Unidade/ Fatia (M),110.00
1932,BRC0663F,Porção média,100.00
1933,BRC0667F,Porção média,100.00
1934,BRC0666F,Pedaço/ Unidade/ Fatia (M),110.00
1935,BRC0075F,Porção média,100.00
1936,BRC0636F,Pedaço/ Unidade/ Fatia (M),110.00
1937,BRC0638F,Porção média,110.00
1938,BRC0637F,Porção média,110.00
1939,BRC0675F,Porção média,100.00
1940,BRC0967F,Porção média,110.00
1941,BRC0966F,Porção média,110.00
1942,BRC0965F,Porção média,110.00
1943,BRC0964F,Porção média,110.00
1944,BRC0018F,Pedaço/ Unidade/ Fatia (M),110.00
1945,BRC0946F,Pedaço/ Unidade/ Fatia (M),110.00
1946,BRC0944F,Pedaço/ Unidade/ Fatia (M),110.00
1947,BRC0945F,Pedaço/ Unidade/ Fatia (M),110.00
1948,BRC0856F,Fatia média,30.00
1949,BRC0035F,Pedaço/ Unidade/ Fatia (M),110.00
1950,BRC0870F,Porção média,100.00
1951,BRC0833F,Porção média,100.00
1952,BRC0512F,Pedaço/ Unidade/ Fatia (M),110.00
1953,BRC0087F,Porção média,100.00
1954,BRC0252F,Porção média,100.00
1955,BRC0086F,Porção média,100.00
1956,BRC0088F,Porção média,100.00
1957,BRC0798F,Pedaço/ Unidade/ Fatia (M),110.00
1958,BRC0797F,Pedaço/ Unidade/ Fatia (M),110.00
1959,BRC0090F,Porção média,100.00
1960,BRC0850F,Pedaço/ Unidade/ Fatia (M),110.00
1961,BRC0583F,Porção média,100.00
1962,BRC0586F,Pedaço/ Unidade/ Fatia (M),110.00
1963,BRC0588F,Pedaço/ Unidade/ Fatia (M),110.00
1964,BRC0587F,Porção média,110.00
1965,BRC0589F,Pedaço/ Unidade/ Fatia (M),110.00
1966,BRC0871F,Pedaço/ Unidade/ Fatia (M),110.00
1967,BRC0796F,Pedaço/ Unidade/ Fatia (M),120.00
1968,BRC0089F,Porção média,100.00
1969,BRC0091F,Porção média,100.00
1970,BRC0092F,Porção média,100.00
1971,BRC0093F,Porção média,100.00
1972,BRC0094F,Porção média,100.00
1973,BRC0096F,Porção média,100.00
1974,BRC0095F,Porção média,100.00
1975,BRC1083F,Porção média,100.00
1976,BRC1080F,Porção média,100.00
1977,BRC1090F,Porção média,100.00
1978,BRC1082F,Pedaço médio,100.00
1979,BRC1081F,Porção média,100.00
1980,BRC1078F,Porção média,100.00
1981,BRC1079F,Porção média,100.00
1982,BRC1084F,Porção média,100.00
1983,BRC1085F,Colher servir cheia,60.00
1984,BRC0865F,Pedaço/ Unidade/ Fatia (M),110.00
1985,BRC0864F,Pedaço/ Unidade/ Fatia (M),110.00
1986,BRC0567F,Pedaço/ Unidade/ Fatia (M),110.00
1987,BRC0582F,Pedaço/ Unidade/ Fatia (M),110.00
1988,BRC0863F,Pedaço/ Unidade/ Fatia (M),110.00
1989,BRC0862F,Pedaço/ Unidade/ Fatia (M),110.00
1990,BRC0097F,Porção média,100.00
1991,BRC1122F,Porção média,100.00
1992,BRC0553E,Porção média,100.00
1993,BRC0998F,Porção média,100.00
1994,BRC0999F,Porção média,100.00
1995,BRC0746F,Pedaço/ Unidade/ Fatia (M),110.00
1996,BRC0745F,Pedaço/ Unidade/ Fatia (M),110.00
1997,BRC0742F,Pedaço/ Unidade/ Fatia (M),110.00
1998,BRC0741F,Porção média,100.00
1999,BRC0740F,Pedaço/ Unidade/ Fatia (M),110.00
2000,BRC0739F,Pedaço/ Unidade/ Fatia (M),110.00
2001,BRC0750F,Pedaço/ Unidade/ Fatia (M),110.00
2002,BRC0749F,Pedaço/ Unidade/ Fatia (M),110.00
2003,BRC0251F,Pedaço/ Unidade/ Fatia (M),80.00
2004,BRC0744F,Pedaço/ Unidade/ Fatia (M),110.00
2005,BRC0743F,Pedaço/ Unidade/ Fatia (M),110.00
2006,BRC0748F,Pedaço/ Unidade/ Fatia (M),110.00
2007,BRC0747F,Pedaço/ Unidade/ Fatia (M),110.00
2008,BRC0498F,Pedaço/ Unidade/ Fatia (M),110.00
2009,BRC0104F,Pedaço/ Unidade/ Fatia (M),110.00
2010,BRC0533F,Pedaço/ Unidade/ Fatia (M),110.00
2011,BRC0537F,Pedaço/ Unidade/ Fatia (M),110.00
2012,BRC0532F,Pedaço/ Unidade/ Fatia (M),110.00
2013,BRC0536F,Pedaço/ Unidade/ Fatia (M),110.00
2014,BRC0724F,Pedaço/ Unidade/ Fatia (M),110.00
2015,BRC0723F,Pedaço/ Unidade/ Fatia (M),110.00
2016,BRC0722F,Pedaço/ Unidade/ Fatia (M),110.00
2017,BRC0721F,Pedaço/ Unidade/ Fatia (M),110.00
2018,BRC0713F,Pedaço/ Unidade/ Fatia (M),110.00
2019,BRC0712F,Pedaço/ Unidade/ Fatia (M),110.00
2020,BRC0711F,Pedaço/ Unidade/ Fatia (M),120.00
2021,BRC0876F,Pedaço/ Unidade/ Fatia (M),110.00
2022,BRC0105F,Pedaço/ Unidade/ Fatia (M),110.00
2023,BRC0535F,Pedaço/ Unidade/ Fatia (M),110.00
2024,BRC0539F,Pedaço/ Unidade/ Fatia (M),110.00
2025,BRC0534F,Pedaço/ Unidade/ Fatia (M),110.00
2026,BRC0538F,Pedaço/ Unidade/ Fatia (M),110.00
2027,BRC0106F,Colher sopa cheia,25.00
2028,BRC0106F,Pedaço/ Unidade/ Fatia (M),6.00
2029,BRC0775F,Colher sopa cheia,25.00
2030,BRC0775F,Pedaço/ Unidade/ Fatia (M),6.00
2031,BRC0774F,Colher sopa cheia,25.00
2032,BRC0774F,Pedaço/ Unidade/ Fatia (M),6.00
2033,BRC0119F,Pedaço/ Unidade/ Fatia (M),15.00
2034,BRC0120F,Pedaço/ Unidade/ Fatia (M),15.00
2035,BRC0773F,Colher sopa cheia,25.00
2036,BRC0773F,Pedaço/ Unidade/ Fatia (M),6.00
2037,BRC0772F,Colher sopa cheia,25.00
2038,BRC0772F,Pedaço/ Unidade/ Fatia (M),6.00
2039,BRC0771F,Colher sopa cheia,25.00
2040,BRC0771F,Pedaço/ Unidade/ Fatia (M),6.00
2041,BRC0107F,Colher sopa cheia,25.00
2042,BRC0107F,Pedaço/ Unidade/ Fatia (M),6.00
2043,BRC0777F,Colher sopa cheia,25.00
2044,BRC0777F,Pedaço/ Unidade/ Fatia (M),6.00
2045,BRC0776F,Colher sopa cheia,25.00
2046,BRC0776F,Pedaço/ Unidade/ Fatia (M),6.00
2047,BRC0124F,Porção média,160.00
2048,BRC0125F,Porção média,160.00
2049,BRC0936F,Pedaço/ Unidade/ Fatia (M),75.00
2050,BRC0937F,Pedaço/ Unidade/ Fatia (M),75.00
2051,BRC0842F,Pedaço/ Unidade/ Fatia (M),110.00
2052,BRC0108F,Pedaço/ Unidade/ Fatia (M),75.00
2053,BRC0121F,Porção média,110.00
2054,BRC0122F,Porção média,110.00
2055,BRC0843F,Pedaço/ Unidade/ Fatia (M),110.00
2056,BRC0109F,Pedaço/ Unidade/ Fatia (M),60.00
2057,BRC0123F,Porção média,100.00
2058,BRC0118F,Porção média,110.00
2059,BRC0475F,Porção média,110.00
2060,BRC0473F,Porção média,130.00
2061,BRC0474F,Porção média,110.00
2062,BRC0099F,Pedaço/ Unidade/ Fatia (M),18.00
2063,BRC0779F,Pedaço/ Unidade/ Fatia (M),110.00
2064,BRC0128F,Porção média,40.00
2065,BRC0117F,Pedaço/ Unidade/ Fatia (M),110.00
2066,BRC0781F,Pedaço/ Unidade/ Fatia (M),100.00
2067,BRC0780F,Pedaço/ Unidade/ Fatia (M),110.00
2068,BRC0718F,Pedaço/ Unidade/ Fatia (M),110.00
2069,BRC0717F,Pedaço/ Unidade/ Fatia (M),110.00
2070,BRC0129F,Porção média,120.00
2071,BRC0111F,Pedaço/ Unidade/ Fatia (M),110.00
2072,BRC0552F,Pedaço/ Unidade/ Fatia (M),110.00
2073,BRC0553F,Pedaço/ Unidade/ Fatia (M),110.00
2074,BRC0547F,Pedaço/ Unidade/ Fatia (M),110.00
2075,BRC0546F,Porção média,100.00
2076,BRC0548F,Pedaço/ Unidade/ Fatia (M),110.00
2077,BRC0550F,Pedaço/ Unidade/ Fatia (M),110.00
2078,BRC0544F,Pedaço/ Unidade/ Fatia (M),110.00
2079,BRC0545F,Pedaço/ Unidade/ Fatia (M),110.00
2080,BRC0549F,Pedaço/ Unidade/ Fatia (M),110.00
2081,BRC0551F,Pedaço/ Unidade/ Fatia (M),110.00
2082,BRC0542F,Pedaço/ Unidade/ Fatia (M),110.00
2083,BRC0543F,Pedaço/ Unidade/ Fatia (M),110.00
2084,BRC0540F,Pedaço/ Unidade/ Fatia (M),110.00
2085,BRC0541F,Pedaço/ Unidade/ Fatia (M),110.00
2086,BRC0720F,Pedaço/ Unidade/ Fatia (M),110.00
2087,BRC0719F,Pedaço/ Unidade/ Fatia (M),110.00
2088,BRC0110F,Pedaço/ Unidade/ Fatia (M),110.00
2089,BRC0130F,Porção média,120.00
2090,BRC0716F,Pedaço/ Unidade/ Fatia (M),110.00
2091,BRC0715F,Pedaço/ Unidade/ Fatia (M),110.00
2092,BRC0714F,Pedaço/ Unidade/ Fatia (M),110.00
2093,BRC1020F,Pedaço/ Unidade/ Fatia (M),18.00
2094,BRC0840F,Colher sopa cheia,25.00
2095,BRC0249F,Colher sopa cheia,25.00
2096,BRC0249F,Pedaço/ Unidade/ Fatia (M),16.00
2097,BRC0131F,Porção média,30.00
2098,BRC0908F,Porção média,110.00
2099,BRC0909F,Porção média,110.00
2100,BRC0907F,Porção média,110.00
2101,BRC0229F,Porção média,120.00
2102,BRC0511F,Pedaço/ Unidade/ Fatia (M),110.00
2103,BRC0231F,Pedaço/ Unidade/ Fatia (M),110.00
2104,BRC0112F,Pedaço/ Unidade/ Fatia (M),120.00
2105,BRC0132F,Porção média,120.00
2106,BRC0510F,Pedaço/ Unidade/ Fatia (M),110.00
2107,BRC0509F,Pedaço/ Unidade/ Fatia (M),110.00
2108,BRC0886F,Pedaço/ Unidade/ Fatia (M),110.00
2109,BRC0884F,Pedaço/ Unidade/ Fatia (M),110.00
2110,BRC0239F,Pedaço/ Unidade/ Fatia (M),110.00
2111,BRC0238F,Pedaço/ Unidade/ Fatia (M),110.00
2112,BRC0134F,Porção média,120.00
2113,BRC0824F,Pedaço/ Unidade/ Fatia (M),110.00
2114,BRC0825F,Pedaço/ Unidade/ Fatia (M),110.00
2115,BRC0113F,Pedaço/ Unidade/ Fatia (M),110.00
2116,BRC0243F,Pedaço/ Unidade/ Fatia (M),110.00
2117,BRC0242F,Pedaço/ Unidade/ Fatia (M),110.00
2118,BRC0241F,Porção média,100.00
2119,BRC0240F,Pedaço/ Unidade/ Fatia (M),110.00
2120,BRC0233F,Pedaço/ Unidade/ Fatia (M),110.00
2121,BRC0232F,Pedaço/ Unidade/ Fatia (M),110.00
2122,BRC0195F,Pedaço/ Unidade/ Fatia (M),110.00
2123,BRC0194F,Pedaço/ Unidade/ Fatia (M),110.00
2124,BRC0133F,Porção média,120.00
2125,BRC0237F,Pedaço/ Unidade/ Fatia (M),110.00
2126,BRC0236F,Porção média,100.00
2127,BRC0230F,Pedaço/ Unidade/ Fatia (M),110.00
2128,BRC0114F,Pedaço/ Unidade/ Fatia (M),110.00
2129,BRC0996F,Porção média,100.00
2130,BRC0997F,Porção média,100.00
2131,BRC0234F,Porção média,100.00
2132,BRC0235F,Pedaço/ Unidade/ Fatia (M),110.00
2133,BRC0135F,Porção média,80.00
2134,BRC1094F,Porção média,100.00
2135,BRC0098F,Porção média,110.00
2136,BRC0992F,Porção média,100.00
2137,BRC0994F,Porção média,100.00
2138,BRC0955F,Porção média,100.00
2139,BRC0115F,Pedaço/ Unidade/ Fatia (M),70.00
2140,BRC0126F,Porção média,110.00
2141,BRC0993F,Porção média,100.00
2142,BRC0995F,Porção média,100.00
2143,BRC0956F,Porção média,100.00
2144,BRC0116F,Pedaço/ Unidade/ Fatia (M),60.00
2145,BRC0127F,Porção média,110.00
2146,BRC1025F,Porção média,100.00
2147,BRC0778F,Porção média,100.00
2148,BRC0103F,Porção média,120.00
2149,BRC0831F,Pedaço/ Unidade/ Fatia (M),100.00
2150,BRC0250F,Pedaço/ Unidade/ Fatia (M),150.00
2151,BRC0568F,Porção média,100.00
2152,BRC0906F,Porção média,110.00
2153,BRC0905F,Porção média,100.00
2154,BRC0902F,Porção média,110.00
2155,BRC0904F,Porção média,110.00
2156,BRC0903F,Porção média,110.00
2157,BRC0551E,Porção média,100.00
2158,BRC1050F,Porção média,100.00
2159,BRC0872F,Porção média,100.00
2160,BRC0147F,Porção média,120.00
2161,BRC0148F,Porção média,120.00
2162,BRC0149F,Porção média,120.00
2163,BRC0150F,Porção média,120.00
2164,BRC0151F,Porção média,120.00
2165,BRC0136F,Porção média,120.00
2166,BRC0137F,Porção média,120.00
2167,BRC0138F,Porção média,120.00
2168,BRC0139F,Porção média,120.00
2169,BRC0140F,Porção média,120.00
2170,BRC0141F,Porção média,120.00
2171,BRC0142F,Porção média,100.00
2172,BRC0143F,Porção média,120.00
2173,BRC0144F,Porção média,120.00
2174,BRC0145F,Porção média,120.00
2175,BRC0851F,Pedaço/ Unidade/ Fatia (M),110.00
2176,BRC0518F,Pedaço/ Unidade/ Fatia (M),110.00
2177,BRC0519F,Pedaço/ Unidade/ Fatia (M),110.00
2178,BRC0520F,Pedaço/ Unidade/ Fatia (M),110.00
2179,BRC0146F,Porção média,120.00
2180,BRC0497F,Pedaço/ Unidade/ Fatia (M),110.00
2181,BRC0483F,Pedaço/ Unidade/ Fatia (M),110.00
2182,BRC0841F,Pedaço/ Unidade/ Fatia (M),110.00
2183,BRC1123F,Porção média,100.00
2184,BRC1076F,Porção média,100.00
2185,BRC0978F,Porção média,100.00
2186,BRC0979F,Porção média,100.00
2187,BRC0479F,Pedaço/ Unidade/ Fatia (M),100.00
2188,BRC0791F,Pedaço/ Unidade/ Fatia (M),110.00
2189,BRC0790F,Pedaço/ Unidade/ Fatia (M),110.00
2190,BRC0793F,Pedaço/ Unidade/ Fatia (M),110.00
2191,BRC0792F,Pedaço/ Unidade/ Fatia (M),110.00
2192,BRC0152F,Porção média,120.00
2193,BRC1041F,Porção média,100.00
2194,BRC0787F,Pedaço/ Unidade/ Fatia (M),110.00
2195,BRC0786F,Pedaço/ Unidade/ Fatia (M),110.00
2196,BRC0789F,Pedaço/ Unidade/ Fatia (M),110.00
2197,BRC0788F,Porção média,100.00
2198,BRC0153F,Porção média,120.00
2199,BRC0785F,Pedaço/ Unidade/ Fatia (M),110.00
2200,BRC0784F,Pedaço/ Unidade/ Fatia (M),110.00
2201,BRC0783F,Pedaço/ Unidade/ Fatia (M),110.00
2202,BRC0782F,Pedaço/ Unidade/ Fatia (M),110.00
2203,BRC0821F,Pedaço/ Unidade/ Fatia (M),120.00
2204,BRC0158F,Porção média,120.00
2205,BRC0687F,Pedaço/ Unidade/ Fatia (M),110.00
2206,BRC0686F,Pedaço/ Unidade/ Fatia (M),110.00
2207,BRC0685F,Pedaço/ Unidade/ Fatia (M),110.00
2208,BRC0159F,Porção média,110.00
2209,BRC0160F,Porção média,110.00
2210,BRC0684F,Pedaço/ Unidade/ Fatia (M),110.00
2211,BRC0690F,Pedaço/ Unidade/ Fatia (M),110.00
2212,BRC0688F,Pedaço/ Unidade/ Fatia (M),110.00
2213,BRC0696F,Pedaço/ Unidade/ Fatia (M),110.00
2214,BRC0695F,Pedaço/ Unidade/ Fatia (M),110.00
2215,BRC0162F,Porção média,120.00
2216,BRC0692F,Pedaço/ Unidade/ Fatia (M),110.00
2217,BRC0691F,Pedaço/ Unidade/ Fatia (M),110.00
2218,BRC0694F,Pedaço/ Unidade/ Fatia (M),110.00
2219,BRC0693F,Pedaço/ Unidade/ Fatia (M),110.00
2220,BRC0522F,Pedaço/ Unidade/ Fatia (M),110.00
2221,BRC0521F,Pedaço/ Unidade/ Fatia (M),110.00
2222,BRC0861F,Pedaço/ Unidade/ Fatia (M),110.00
2223,BRC0860F,Pedaço/ Unidade/ Fatia (M),110.00
2224,BRC0154F,Porção média,130.00
2225,BRC0481F,Pedaço/ Unidade/ Fatia (M),110.00
2226,BRC0493F,Pedaço/ Unidade/ Fatia (M),110.00
2227,BRC0163F,Porção média,110.00
2228,BRC0988F,Porção média,110.00
2229,BRC0164F,Porção média,100.00
2230,BRC0701F,Pedaço/ Unidade/ Fatia (M),110.00
2231,BRC0700F,Pedaço/ Unidade/ Fatia (M),110.00
2232,BRC0699F,Pedaço/ Unidade/ Fatia (M),110.00
2233,BRC0698F,Pedaço/ Unidade/ Fatia (M),110.00
2234,BRC0934F,Porção média,110.00
2235,BRC0935F,Porção média,110.00
2236,BRC0761F,Pedaço/ Unidade/ Fatia (M),110.00
2237,BRC0760F,Pedaço/ Unidade/ Fatia (M),110.00
2238,BRC0705F,Pedaço/ Unidade/ Fatia (M),110.00
2239,BRC0704F,Pedaço/ Unidade/ Fatia (M),110.00
2240,BRC0697F,Pedaço/ Unidade/ Fatia (M),110.00
2241,BRC0703F,Pedaço/ Unidade/ Fatia (M),110.00
2242,BRC0702F,Pedaço/ Unidade/ Fatia (M),110.00
2243,BRC0165F,Porção média,120.00
2244,BRC0848F,Pedaço/ Unidade/ Fatia (M),110.00
2245,BRC0155F,Porção média,80.00
2246,BRC0166F,Porção média,120.00
2247,BRC0913F,Pedaço/ Unidade/ Fatia (M),110.00
2248,BRC0846F,Pedaço/ Unidade/ Fatia (M),110.00
2249,BRC0480F,Pedaço/ Unidade/ Fatia (M),110.00
2250,BRC0489F,Pedaço/ Unidade/ Fatia (M),110.00
2251,BRC0168F,Porção média,120.00
2252,BRC0708F,Pedaço/ Unidade/ Fatia (M),110.00
2253,BRC0707F,Pedaço/ Unidade/ Fatia (M),110.00
2254,BRC0706F,Pedaço/ Unidade/ Fatia (M),110.00
2255,BRC0710F,Pedaço/ Unidade/ Fatia (M),110.00
2256,BRC0709F,Pedaço/ Unidade/ Fatia (M),110.00
2257,BRC0156F,Porção média,80.00
2258,BRC0170F,Pedaço/ Unidade/ Fatia (M),15.00
2259,BRC0169F,Porção média,40.00
2260,BRC0986F,Porção média,80.00
2261,BRC0655F,Porção média,100.00
2262,BRC0689F,Porção média,100.00
2263,BRC0161F,Porção média,100.00
2264,BRC1087F,Porção média,100.00
2265,BRC0492F,Porção média,100.00
2266,BRC0167F,Porção média,100.00
2267,BRC0157F,Porção média,100.00
2268,BRC1125F,Porção média,100.00
2269,BRC1051F,Porção média,100.00
2270,BRC1120F,Porção média,100.00
2271,BRC1052F,Porção média,100.00
2272,BRC1121F,Porção média,100.00
2273,BRC1077F,Porção média,100.00
2274,BRC1053F,Porção média,100.00
2275,BRC1073F,Porção média,100.00
2276,BRC1124F,Porção média,100.00
2277,BRC1119F,Porção média,100.00
2278,BRC0867F,Pedaço/ Unidade/ Fatia (M),110.00
2279,BRC0866F,Pedaço/ Unidade/ Fatia (M),110.00
2280,BRC0171F,Porção média,120.00
2281,BRC0852F,Pedaço/ Unidade/ Fatia (M),110.00
2282,BRC1045F,Porção média,100.00
2283,BRC0261E,Colher servir cheia,60.00
2284,BRC0261E,Colher servir rasa,45.00
2285,BRC0246B,Colher servir rasa,30.00
2286,BRC0246B,Colher sopa rasa,10.00
2287,BRC0245B,Colher servir rasa,30.00
2288,BRC0245B,Colher sopa rasa,10.00
2289,BRC0069B,Xícara chá,30.00
2290,BRC0273C,Porção média,50.00
2291,BRC0266E,Pedaço/ Unidade/ Fatia (M),80.00
2292,BRC0267E,Pedaço/ Unidade/ Fatia (M),80.00
2293,BRC0275E,Pedaço/ Unidade/ Fatia (M),80.00
2294,BRC0274E,Pedaço/ Unidade/ Fatia (M),80.00
2295,BRC0269E,Pedaço/ Unidade/ Fatia (M),80.00
2296,BRC0268E,Pedaço/ Unidade/ Fatia (M),80.00
2297,BRC0270E,Pedaço/ Unidade/ Fatia (M),80.00
2298,BRC0271E,Pedaço/ Unidade/ Fatia (M),80.00
2299,BRC0272E,Pedaço/ Unidade/ Fatia (M),80.00
2300,BRC0273E,Pedaço/ Unidade/ Fatia (M),80.00
2301,BRC0849A,Unidade média,25.00
2302,BRC0201T,Pedaço/ Unidade/ Fatia (M),150.00
2303,BRC0202T,Pedaço/ Unidade/ Fatia (M),150.00
2304,BRC0012U,Pedaço/ Unidade/ Fatia (M),30.00
2305,BRC0019U,Pedaço/ Unidade/ Fatia (M),30.00
2306,BRC0020U,Pedaço/ Unidade/ Fatia (M),30.00
2307,BRC0003U,Porção média,30.00
2308,BRC0070B,Xícara chá,30.00
2309,BRC0106B,Colher servir rasa,30.00
2310,BRC0106B,Colher sopa rasa,10.00
2311,BRC0030L,Colher sobremesa cheia,15.00
2312,BRC0030L,Colher sobremesa rasa,9.00
2313,BRC0030L,Colher sopa cheia,20.00
2314,BRC0030L,Colher sopa rasa,11.00
2315,BRC0108B,Colher sopa cheia,20.00
2316,BRC0357B,Colher sopa rasa,10.00
2317,BRC0356B,Colher sopa rasa,10.00
2318,BRC0289B,Colher sopa rasa,15.00
2319,BRC0288B,Colher sopa rasa,15.00
2320,BRC0114B,Colher sopa rasa,10.00
2321,BRC0918B,Colher sopa cheia,20.00
2322,BRC0018B,Colher sopa rasa,10.00
2323,BRC0112B,Colher sopa rasa,15.00
2324,BRC0917B,Colher sopa cheia,20.00
2325,BRC1076B,Colher café cheia,4.00
2326,BRC1076B,Colher café rasa,1.00
2327,BRC1207B,Colher sopa rasa,10.00
2328,BRC0921B,Colher sopa cheia,20.00
2329,BRC0084B,Colher sopa cheia,10.00
2330,BRC0019B,Colher sopa rasa,10.00
2331,BRC1203B,Porção média,60.00
2332,BRC0341B,Colher servir cheia,40.00
2333,BRC0341B,Colher sopa cheia,25.00
2334,BRC0341B,Colher sopa rasa,15.00
2335,BRC0340B,Colher servir cheia,40.00
2336,BRC0340B,Colher sopa cheia,25.00
2337,BRC0340B,Colher sopa rasa,15.00
2338,BRC0333B,Colher servir cheia,40.00
2339,BRC0333B,Colher sopa cheia,25.00
2340,BRC0333B,Colher sopa rasa,15.00
2341,BRC0333B,Escumadeira rasa,50.00
2342,BRC0332B,Colher servir cheia,40.00
2343,BRC0332B,Colher sopa cheia,25.00
2344,BRC0332B,Colher sopa rasa,15.00
2345,BRC0332B,Escumadeira rasa,50.00
2346,BRC0913B,Colher sopa cheia,20.00
2347,BRC0047B,Colher servir cheia,40.00
2348,BRC0047B,Colher sopa cheia,25.00
2349,BRC0047B,Colher sopa rasa,15.00
2350,BRC0020B,Colher sopa cheia,17.00
2351,BRC0020B,Colher sopa rasa,12.00
2352,BRC1230B,Porção média,80.00
2353,BRC0335B,Colher servir cheia,40.00
2354,BRC0335B,Colher sopa cheia,25.00
2355,BRC0335B,Colher sopa rasa,15.00
2356,BRC0335B,Escumadeira rasa,50.00
2357,BRC0334B,Colher servir cheia,40.00
2358,BRC0334B,Colher sopa cheia,25.00
2359,BRC0334B,Colher sopa rasa,15.00
2360,BRC0334B,Escumadeira rasa,50.00
2361,BRC0337B,Colher servir cheia,40.00
2362,BRC0337B,Colher sopa cheia,25.00
2363,BRC0337B,Colher sopa rasa,15.00
2364,BRC0337B,Escumadeira rasa,50.00
2365,BRC0336B,Colher servir cheia,40.00
2366,BRC0336B,Colher sopa cheia,25.00
2367,BRC0336B,Colher sopa rasa,15.00
2368,BRC0336B,Escumadeira rasa,50.00
2369,BRC0081A,Colher sopa cheia,20.00
2370,BRC1229A,Colher sopa cheia,15.00
2371,BRC1229A,Colher sopa rasa,12.00
2372,BRC0082A,Pedaço/ Unidade/ Fatia (M),25.00
2373,BRC0083A,Pedaço/ Unidade/ Fatia (M),25.00
2374,BRC0084A,Pedaço/ Unidade/ Fatia (M),25.00
2375,BRC0085A,Pedaço/ Unidade/ Fatia (M),25.00
2376,BRC0086A,Pedaço/ Unidade/ Fatia (M),25.00
2377,BRC0095A,Colher chá cheia,4.00
2378,BRC0095A,Colher sobremesa cheia,13.00
2379,BRC0095A,Colher sobremesa rasa,7.00
2380,BRC0095A,Colher sopa cheia,20.00
2381,BRC0095A,Colher sopa rasa,10.00
2382,BRC0091A,Colher chá cheia,2.00
2383,BRC0091A,Colher chá rasa,1.00
2384,BRC0091A,Colher sobremesa cheia,6.00
2385,BRC0091A,Colher sobremesa rasa,3.00
2386,BRC0091A,Colher sopa cheia,20.00
2387,BRC0091A,Colher sopa rasa,10.00
2388,BRC0088A,Colher sopa cheia,20.00
2389,BRC0088A,Colher sopa rasa,10.00
2390,BRC0089A,Colher chá cheia,2.00
2391,BRC0089A,Colher chá rasa,1.00
2392,BRC0089A,Colher sobremesa cheia,6.00
2393,BRC0089A,Colher sobremesa rasa,3.00
2394,BRC0089A,Colher sopa cheia,20.00
2395,BRC0089A,Colher sopa rasa,10.00
2396,BRC0090A,Colher chá cheia,3.00
2397,BRC0090A,Colher chá rasa,2.00
2398,BRC0090A,Colher sobremesa cheia,5.00
2399,BRC0090A,Colher sobremesa rasa,3.00
2400,BRC0090A,Colher sopa cheia,20.00
2401,BRC0090A,Colher sopa rasa,10.00
2402,BRC0092A,Colher chá cheia,2.00
2403,BRC0092A,Colher chá rasa,1.00
2404,BRC0092A,Colher sobremesa cheia,6.00
2405,BRC0092A,Colher sobremesa rasa,3.00
2406,BRC0092A,Colher sopa cheia,20.00
2407,BRC0092A,Colher sopa rasa,10.00
2408,BRC0087A,Colher chá cheia,2.00
2409,BRC0087A,Colher chá rasa,1.00
2410,BRC0087A,Colher sobremesa cheia,6.00
2411,BRC0087A,Colher sobremesa rasa,3.00
2412,BRC0087A,Colher sopa cheia,8.00
2413,BRC0087A,Colher sopa rasa,6.00
2414,BRC0396A,Porção média,30.00
2415,BRC0094A,Colher chá cheia,4.00
2416,BRC0094A,Colher sobremesa cheia,13.00
2417,BRC0094A,Colher sobremesa rasa,7.00
2418,BRC0094A,Colher sopa cheia,20.00
2419,BRC0094A,Colher sopa rasa,10.00
2420,BRC0093A,Colher chá cheia,4.00
2421,BRC0093A,Colher sobremesa cheia,13.00
2422,BRC0093A,Colher sobremesa rasa,7.00
2423,BRC0093A,Colher sopa cheia,20.00
2424,BRC0093A,Colher sopa rasa,10.00
2425,BRC0098A,Colher sopa cheia,5.00
2426,BRC0098A,Copo americano duplo,47.00
2427,BRC0098A,Copo americano pequeno,38.00
2428,BRC0098A,Porção média,30.00
2429,BRC0098A,Prato fundo,100.00
2430,BRC0098A,Prato raso,80.00
2431,BRC0099A,Colher sopa cheia,5.00
2432,BRC0099A,Copo americano duplo,47.00
2433,BRC0099A,Copo americano pequeno,38.00
2434,BRC0099A,Pedaço/ Unidade/ Fatia (M),30.00
2435,BRC0099A,Prato fundo,100.00
2436,BRC0099A,Prato raso,80.00
2437,BRC0100A,Colher sopa cheia,5.00
2438,BRC0100A,Copo americano duplo,47.00
2439,BRC0100A,Copo americano pequeno,38.00
2440,BRC0100A,Pedaço/ Unidade/ Fatia (M),30.00
2441,BRC0100A,Prato fundo,100.00
2442,BRC0100A,Prato raso,80.00
2443,BRC1023A,Colher sopa cheia,5.00
2444,BRC1023A,Copo americano duplo,47.00
2445,BRC1023A,Copo americano pequeno,38.00
2446,BRC1023A,Pedaço/ Unidade/ Fatia (M),30.00
2447,BRC0103A,Colher sopa cheia,5.00
2448,BRC0103A,Copo americano duplo,47.00
2449,BRC0103A,Copo americano pequeno,38.00
2450,BRC0103A,Pedaço/ Unidade/ Fatia (M),30.00
2451,BRC0103A,Prato fundo,100.00
2452,BRC0103A,Prato raso,80.00
2453,BRC0101A,Colher sopa cheia,5.00
2454,BRC0101A,Copo americano duplo,47.00
2455,BRC0101A,Copo americano pequeno,38.00
2456,BRC0101A,Pedaço/ Unidade/ Fatia (M),30.00
2457,BRC0101A,Prato fundo,100.00
2458,BRC0101A,Prato raso,80.00
2459,BRC0102A,Colher sopa cheia,5.00
2460,BRC0102A,Copo americano duplo,47.00
2461,BRC0102A,Copo americano pequeno,38.00
2462,BRC0102A,Pedaço/ Unidade/ Fatia (M),30.00
2463,BRC0102A,Prato fundo,100.00
2464,BRC0102A,Prato raso,80.00
2465,BRC0104A,Colher sopa cheia,5.00
2466,BRC0104A,Copo americano duplo,47.00
2467,BRC0104A,Copo americano pequeno,38.00
2468,BRC0104A,Pedaço/ Unidade/ Fatia (M),30.00
2469,BRC0104A,Prato fundo,100.00
2470,BRC0104A,Prato raso,80.00
2471,BRC0105A,Colher sopa cheia,5.00
2472,BRC0105A,Copo americano duplo,47.00
2473,BRC0105A,Copo americano pequeno,38.00
2474,BRC0105A,Pedaço/ Unidade/ Fatia (M),30.00
2475,BRC0105A,Prato fundo,100.00
2476,BRC0105A,Prato raso,80.00
2477,BRC0993A,Colher sopa cheia,5.00
2478,BRC0179C,Porção média,40.00
2479,BRC0182C,Porção média,40.00
2480,BRC0302E,Pedaço/ Unidade/ Fatia (M),120.00
2481,BRC0301E,Pedaço/ Unidade/ Fatia (M),120.00
2482,BRC0300E,Pedaço/ Unidade/ Fatia (M),120.00
2483,BRC0299E,Pedaço/ Unidade/ Fatia (M),120.00
2484,BRC0298E,Pedaço/ Unidade/ Fatia (M),120.00
2485,BRC0297E,Pedaço/ Unidade/ Fatia (M),120.00
2486,BRC1163A,Colher sopa cheia,15.00
2487,BRC0106A,Colher sopa cheia,20.00
2488,BRC0791A,Colher servir cheia,60.00
2489,BRC0790A,Colher servir cheia,60.00
2490,BRC0789A,Colher sopa cheia,20.00
2491,BRC0286E,Porção média,100.00
2492,BRC0285E,Pedaço/ Unidade/ Fatia (M),100.00
2493,BRC0280E,Pedaço/ Unidade/ Fatia (M),100.00
2494,BRC0281E,Pedaço/ Unidade/ Fatia (M),100.00
2495,BRC0283E,Pedaço/ Unidade/ Fatia (M),100.00
2496,BRC0284E,Pedaço/ Unidade/ Fatia (M),100.00
2497,BRC0276E,Pedaço/ Unidade/ Fatia (M),100.00
2498,BRC0277E,Pedaço/ Unidade/ Fatia (M),100.00
2499,BRC0278E,Pedaço/ Unidade/ Fatia (M),100.00
2500,BRC0279E,Pedaço/ Unidade/ Fatia (M),100.00
2501,BRC1202B,Colher chá rasa,2.00
2502,BRC0172H,Copo americano duplo,165.00
2503,BRC0007R,Colher sopa rasa,8.00
2504,BRC0008R,Colher sopa rasa,8.00
2505,BRC0009R,Colher sopa rasa,8.00
2506,BRC0037K,Colher sopa rasa,20.00
2507,BRC0935B,Porção média,90.00
2508,BRC0936B,Porção média,90.00
2509,BRC0941B,Porção média,90.00
2510,BRC0942B,Porção média,90.00
2511,BRC0943B,Porção média,90.00
2512,BRC0944B,Porção média,90.00
2513,BRC0937B,Porção média,90.00
2514,BRC0939B,Porção média,90.00
2515,BRC0940B,Porção média,90.00
2516,BRC0938B,Porção média,90.00
2517,BRC0962B,Pedaço/ Unidade/ Fatia (M),90.00
2518,BRC0128B,Pedaço/ Unidade/ Fatia (M),90.00
2519,BRC0150K,Porção média,45.00
2520,BRC0021B,Colher sopa rasa,12.00
2521,BRC0110B,Colher sopa cheia,10.00
2522,BRC0402A,Colher sopa cheia,25.00
2523,BRC0716B,Colher sopa rasa,10.00
2524,BRC0208B,Colher servir cheia,76.00
2525,BRC0208B,Colher servir rasa,38.00
2526,BRC0208B,Colher sopa cheia,45.00
2527,BRC0208B,Colher sopa rasa,20.00
2528,BRC0208B,Escumadeira cheia,136.00
2529,BRC0208B,Escumadeira rasa,90.00
2530,BRC0207B,Colher servir cheia,76.00
2531,BRC0207B,Colher servir rasa,38.00
2532,BRC0207B,Colher sopa cheia,45.00
2533,BRC0207B,Colher sopa rasa,20.00
2534,BRC0207B,Escumadeira cheia,136.00
2535,BRC0207B,Escumadeira rasa,90.00
2536,BRC0071B,Xícara chá,30.00
2537,BRC0159B,Colher servir cheia,76.00
2538,BRC0159B,Colher servir rasa,38.00
2539,BRC0159B,Colher sopa cheia,45.00
2540,BRC0159B,Colher sopa rasa,20.00
2541,BRC0159B,Escumadeira cheia,136.00
2542,BRC0159B,Escumadeira rasa,90.00
2543,BRC0158B,Colher servir cheia,76.00
2544,BRC0158B,Colher servir rasa,38.00
2545,BRC0158B,Colher sopa cheia,45.00
2546,BRC0158B,Colher sopa rasa,20.00
2547,BRC0158B,Escumadeira cheia,136.00
2548,BRC0158B,Escumadeira rasa,90.00
2549,BRC0218T,Concha cheia,150.00
2550,BRC0219T,Concha cheia,150.00
2551,BRC0221C,Colher chá rasa,4.00
2552,BRC0221C,Colher sobremesa rasa,11.00
2553,BRC0221C,Colher sobremesa rasa,26.00
2554,BRC0221C,Colher sopa cheia,34.00
2555,BRC0221C,Colher sopa rasa,22.00
2556,BRC0181K,Pedaço/ Unidade/ Fatia (M),30.00
2557,BRC0038K,Pedaço/ Unidade/ Fatia (M),30.00
2558,BRC0039K,Pedaço/ Unidade/ Fatia (M),30.00
2559,BRC0041K,Pedaço/ Unidade/ Fatia (M),30.00
2560,BRC0042K,Pedaço/ Unidade/ Fatia (M),30.00
2561,BRC0043K,Pedaço/ Unidade/ Fatia (M),30.00
2562,BRC0045K,Pedaço/ Unidade/ Fatia (M),30.00
2563,BRC0040K,Pedaço/ Unidade/ Fatia (M),30.00
2564,BRC0044K,Pedaço/ Unidade/ Fatia (M),30.00
2565,BRC0046K,Pedaço/ Unidade/ Fatia (M),30.00
2566,BRC0047K,Pedaço/ Unidade/ Fatia (M),30.00
2567,BRC0049K,Pedaço/ Unidade/ Fatia (M),30.00
2568,BRC0050K,Pedaço/ Unidade/ Fatia (M),30.00
2569,BRC0051K,Pedaço/ Unidade/ Fatia (M),30.00
2570,BRC0185K,Pedaço/ Unidade/ Fatia (M),30.00
2571,BRC0184K,Pedaço/ Unidade/ Fatia (M),30.00
2572,BRC0052K,Pedaço/ Unidade/ Fatia (M),30.00
2573,BRC0001N,Pedaço/ Unidade/ Fatia (M),30.00
2574,BRC0048K,Pedaço/ Unidade/ Fatia (M),30.00
2575,BRC0093K,Pedaço/ Unidade/ Fatia (M),50.00
2576,BRC0053K,Pedaço/ Unidade/ Fatia (M),30.00
2577,BRC0154K,Porção média,30.00
2578,BRC0094K,Colher sopa cheia,25.00
2579,BRC0194K,Colher servir rasa,10.00
2580,BRC0054K,Pedaço/ Unidade/ Fatia (M),30.00
2581,BRC0011K,Colher café cheia,2.00
2582,BRC0011K,Colher chá cheia,4.00
2583,BRC0011K,Colher chá rasa,2.00
2584,BRC0011K,Colher sobremesa cheia,10.00
2585,BRC0011K,Colher sobremesa rasa,7.00
2586,BRC0011K,Colher sopa cheia,15.00
2587,BRC0011K,Colher sopa rasa,10.00
2588,BRC0904B,Colher servir cheia,60.00
2589,BRC0904B,Colher servir rasa,40.00
2590,BRC0905B,Colher servir cheia,60.00
2591,BRC0905B,Colher servir rasa,40.00
2592,BRC0274B,Colher servir cheia,45.00
2593,BRC0274B,Colher servir rasa,28.00
2594,BRC0274B,Colher sopa cheia,20.00
2595,BRC0274B,Colher sopa rasa,15.00
2596,BRC0274B,Escumadeira cheia,110.00
2597,BRC0274B,Escumadeira rasa,60.00
2598,BRC0273B,Colher servir cheia,45.00
2599,BRC0273B,Colher servir rasa,28.00
2600,BRC0273B,Colher sopa cheia,20.00
2601,BRC0273B,Colher sopa rasa,15.00
2602,BRC0273B,Escumadeira cheia,110.00
2603,BRC0273B,Escumadeira rasa,60.00
2604,BRC0230B,Colher servir cheia,45.00
2605,BRC0230B,Colher servir rasa,28.00
2606,BRC0230B,Colher sopa cheia,20.00
2607,BRC0230B,Colher sopa rasa,15.00
2608,BRC0230B,Escumadeira cheia,110.00
2609,BRC0230B,Escumadeira rasa,60.00
2610,BRC0229B,Colher servir cheia,45.00
2611,BRC0229B,Colher servir rasa,28.00
2612,BRC0229B,Colher sopa cheia,20.00
2613,BRC0229B,Colher sopa rasa,15.00
2614,BRC0229B,Escumadeira cheia,110.00
2615,BRC0229B,Escumadeira rasa,60.00
2616,BRC0154B,Colher servir cheia,45.00
2617,BRC0154B,Colher servir rasa,28.00
2618,BRC0154B,Colher sopa cheia,20.00
2619,BRC0154B,Colher sopa rasa,15.00
2620,BRC0154B,Escumadeira cheia,110.00
2621,BRC0154B,Escumadeira rasa,60.00
2622,BRC0050B,Colher servir cheia,45.00
2623,BRC0050B,Colher servir rasa,28.00
2624,BRC0050B,Colher sopa cheia,20.00
2625,BRC0050B,Colher sopa rasa,15.00
2626,BRC0050B,Escumadeira cheia,110.00
2627,BRC0050B,Escumadeira rasa,60.00
2628,BRC0022B,Colher sopa cheia,20.00
2629,BRC0058B,Colher servir cheia,45.00
2630,BRC0058B,Colher servir rasa,28.00
2631,BRC0058B,Colher sopa cheia,20.00
2632,BRC0058B,Colher sopa rasa,15.00
2633,BRC0058B,Escumadeira cheia,110.00
2634,BRC0058B,Escumadeira rasa,60.00
2635,BRC0036B,Colher servir cheia,45.00
2636,BRC0036B,Colher servir rasa,28.00
2637,BRC0036B,Colher sopa cheia,20.00
2638,BRC0036B,Colher sopa rasa,15.00
2639,BRC0036B,Escumadeira cheia,110.00
2640,BRC0036B,Escumadeira rasa,60.00
2641,BRC0574F,Pedaço/ Unidade/ Fatia (M),110.00
2642,BRC0575F,Pedaço/ Unidade/ Fatia (M),110.00
2643,BRC0576F,Pedaço/ Unidade/ Fatia (M),110.00
2644,BRC0577F,Pedaço/ Unidade/ Fatia (M),110.00
2645,BRC0921A,Pedaço/ Unidade/ Fatia (M),90.00
2646,BRC0922A,Pedaço/ Unidade/ Fatia (M),90.00
2647,BRC0918A,Pedaço/ Unidade/ Fatia (M),90.00
2648,BRC0920A,Pedaço/ Unidade/ Fatia (M),90.00
2649,BRC0919A,Pedaço/ Unidade/ Fatia (M),90.00
2650,BRC0462A,Pedaço/ Unidade/ Fatia (M),90.00
2651,BRC0074C,Pedaço/ Unidade/ Fatia (M),20.00
2652,BRC0074C,Porção média,60.00
2653,BRC0140G,Colher sopa cheia,30.00
2654,BRC0140G,Colher sopa rasa,15.00
2655,BRC0125K,Colher servir cheia,25.00
2656,BRC0125K,Colher sopa rasa,30.00
2657,BRC0179K,Colher servir cheia,25.00
2658,BRC0179K,Colher sopa rasa,30.00
2659,BRC0012K,Pedaço/ Unidade/ Fatia (M),70.00
2660,BRC0174C,Colher servir cheia,20.00
2661,BRC0174C,Xícara chá,200.00
2662,BRC0303C,Colher sopa cheia,25.00
2663,BRC0175C,Copo americano duplo,240.00
2664,BRC0175C,Copo americano pequeno,165.00
2665,BRC0013C,Pedaço/ Unidade/ Fatia (M),40.00
2666,BRC0775B,Colher sopa rasa,10.00
2667,BRC0085B,Colher sopa cheia,10.00
2668,BRC0085B,Colher sopa rasa,5.00
2669,BRC0698B,Colher sopa rasa,20.00
2670,BRC1143B,Colher servir cheia,45.00
2671,BRC1137B,Colher sopa rasa,20.00
2672,BRC0951B,Colher servir cheia,45.00
2673,BRC0701B,Colher servir cheia,45.00
2674,BRC1232B,Colher sopa cheia,20.00
2675,BRC1233B,Colher sopa cheia,20.00
2676,BRC1234B,Colher sopa cheia,20.00
2677,BRC1193B,Colher sopa rasa,20.00
2678,BRC1145B,Colher sopa cheia,45.00
2679,BRC1144B,Colher servir cheia,45.00
2680,BRC0948B,Colher servir cheia,45.00
2681,BRC0702B,Colher servir cheia,45.00
2682,BRC0699B,Colher sopa rasa,20.00
2683,BRC1031B,Colher servir cheia,45.00
2684,BRC0700B,Colher sopa rasa,20.00
2685,BRC1033B,Colher servir cheia,45.00
2686,BRC1032B,Colher servir cheia,45.00
2687,BRC1194B,Unidade média,12.00
2688,BRC1078B,Colher café cheia,4.00
2689,BRC1078B,Colher café rasa,1.00
2690,BRC1094B,Colher café cheia,4.00
2691,BRC1094B,Colher café rasa,1.00
2692,BRC0388E,Pedaço/ Unidade/ Fatia (M),100.00
2693,BRC0378E,Pedaço/ Unidade/ Fatia (M),100.00
2694,BRC0010U,Porção média,30.00
2695,BRC0140H,Pedaço/ Unidade/ Fatia (M),100.00
2696,BRC0136H,Copo americano duplo,240.00
2697,BRC0136H,Copo americano pequeno,165.00
2698,BRC0136H,Pedaço/ Unidade/ Fatia (M),100.00
2699,BRC0925B,Porção média,90.00
2700,BRC1116B,Porção média,50.00
2701,BRC0934B,Pedaço/ Unidade/ Fatia (M),80.00
2702,BRC1122B,Colher sopa cheia,20.00
2703,BRC1123B,Porção média,50.00
2704,BRC0892B,Colher servir rasa,30.00
2705,BRC0892B,Colher sopa cheia,20.00
2706,BRC0892B,Colher sopa rasa,10.00
2707,BRC0893B,Colher servir rasa,30.00
2708,BRC0893B,Colher sopa cheia,20.00
2709,BRC0893B,Colher sopa rasa,10.00
2710,BRC0176B,Colher sopa cheia,20.00
2711,BRC0176B,Colher sopa rasa,10.00
2712,BRC0175B,Colher sopa cheia,20.00
2713,BRC0175B,Colher sopa rasa,10.00
2714,BRC0144B,Colher sopa cheia,20.00
2715,BRC0144B,Colher sopa rasa,10.00
2716,BRC0051B,Colher sopa cheia,20.00
2717,BRC0051B,Colher sopa rasa,10.00
2718,BRC0023B,Colher sopa cheia,22.00
2719,BRC0145B,Colher servir rasa,30.00
2720,BRC0145B,Colher sopa rasa,10.00
2721,BRC0102B,Colher servir rasa,30.00
2722,BRC0102B,Colher sopa rasa,10.00
2723,BRC0861B,Colher servir cheia,50.00
2724,BRC0861B,Colher servir rasa,30.00
2725,BRC0179B,Pedaço/ Unidade/ Fatia (M),40.00
2726,BRC0180B,Pedaço/ Unidade/ Fatia (M),40.00
2727,BRC1022B,Colher sopa cheia,25.00
2728,BRC1022B,Colher sopa rasa,15.00
2729,BRC0116B,Colher sopa cheia,25.00
2730,BRC0116B,Colher sopa rasa,15.00
2731,BRC0052B,Colher sopa cheia,25.00
2732,BRC0052B,Colher sopa rasa,15.00
2733,BRC0024B,Colher sopa rasa,12.00
2734,BRC0204B,Colher sopa cheia,25.00
2735,BRC0204B,Colher sopa rasa,15.00
2736,BRC0203B,Colher sopa cheia,25.00
2737,BRC0203B,Colher sopa rasa,15.00
2738,BRC0100F,Pedaço/ Unidade/ Fatia (M),50.00
2739,BRC0202C,Porção média,30.00
2740,BRC0933B,Colher café cheia,4.00
2741,BRC0933B,Colher café rasa,1.00
2742,BRC0006G,Colher sopa cheia,30.00
2743,BRC0006G,Colher sopa rasa,15.00
2744,BRC0007G,Colher sopa cheia,30.00
2745,BRC0007G,Colher sopa rasa,15.00
2746,BRC0035N,Colher sopa cheia,30.00
2747,BRC0035N,Colher sopa rasa,15.00
2748,BRC0009G,Colher sopa cheia,30.00
2749,BRC0009G,Colher sopa rasa,15.00
2750,BRC0106K,Pedaço/ Unidade/ Fatia (M),60.00
2751,BRC0421N,Colher servir cheia,55.00
2752,BRC0419N,Colher servir cheia,55.00
2753,BRC1216A,Colher sopa cheia,20.00
2754,BRC0705N,Colher sopa cheia,30.00
2755,BRC1005B,Colher sopa cheia,20.00
2756,BRC1005B,Concha cheia,130.00
2757,BRC1006B,Colher sopa cheia,20.00
2758,BRC1006B,Concha cheia,130.00
2759,BRC0420N,Colher servir cheia,55.00
2760,BRC0423N,Colher servir cheia,55.00
2761,BRC0427N,Colher servir cheia,55.00
2762,BRC0418N,Colher servir cheia,55.00
2763,BRC0010G,Colher sopa rasa,15.00
2764,BRC0422N,Colher servir cheia,55.00
2765,BRC0344N,Colher servir cheia,55.00
2766,BRC0381N,Colher servir cheia,55.00
2767,BRC0118G,Colher sopa cheia,30.00
2768,BRC0118G,Colher sopa rasa,15.00
2769,BRC0027U,Colher sopa cheia,25.00
2770,BRC0821B,Colher sopa cheia,20.00
2771,BRC0821B,Concha cheia,130.00
2772,BRC0819B,Colher sopa cheia,20.00
2773,BRC0819B,Concha cheia,130.00
2774,BRC0733B,Colher sopa cheia,20.00
2775,BRC0733B,Concha cheia,130.00
2776,BRC0728B,Colher sopa cheia,20.00
2777,BRC0728B,Concha cheia,130.00
2778,BRC0732B,Colher sopa cheia,20.00
2779,BRC0732B,Concha cheia,130.00
2780,BRC0055K,Pedaço/ Unidade/ Fatia (M),90.00
2781,BRC0056K,Pedaço/ Unidade/ Fatia (M),90.00
2782,BRC0128K,Colher sopa cheia,25.00
2783,BRC0086G,Colher sopa cheia,35.00
2784,BRC0195K,Colher sopa cheia,35.00
2785,BRC0077R,Colher sopa cheia,20.00
2786,BRC0077R,Colher sopa rasa,10.00
2787,BRC1023B,Colher sopa cheia,20.00
2788,BRC1023B,Concha cheia,130.00
2789,BRC1024B,Colher sopa cheia,20.00
2790,BRC1024B,Concha cheia,130.00
2791,BRC0438A,Pedaço/ Unidade/ Fatia (M),80.00
2792,BRC0437A,Porção média,80.00
2793,BRC0825A,Pedaço/ Unidade/ Fatia (M),80.00
2794,BRC0824A,Pedaço/ Unidade/ Fatia (M),80.00
2795,BRC0827A,Pedaço/ Unidade/ Fatia (M),80.00
2796,BRC0826A,Pedaço/ Unidade/ Fatia (M),80.00
2797,BRC0397A,Pedaço/ Unidade/ Fatia (M),80.00
2798,BRC0079F,Porção média,80.00
2799,BRC0080F,Pedaço/ Unidade/ Fatia (M),55.00
2800,BRC0476F,Pedaço/ Unidade/ Fatia (M),55.00
2801,BRC0349E,Colher servir cheia,40.00
2802,BRC0349E,Colher sopa cheia,20.00
2803,BRC0348E,Colher servir cheia,40.00
2804,BRC0348E,Colher sopa cheia,20.00
2805,BRC0347E,Colher servir cheia,40.00
2806,BRC0347E,Colher sopa cheia,20.00
2807,BRC0346E,Colher servir cheia,40.00
2808,BRC0346E,Colher sopa cheia,20.00
2809,BRC0001E,Colher servir cheia,40.00
2810,BRC0001E,Colher sopa cheia,20.00
2811,BRC0001E,Porção média,100.00
2812,BRC0342E,Porção média,100.00
2813,BRC0002E,Colher servir cheia,40.00
2814,BRC0002E,Colher sopa cheia,20.00
2815,BRC0119E,Colher servir cheia,40.00
2816,BRC0119E,Colher sopa cheia,20.00
2817,BRC0118E,Colher servir cheia,40.00
2818,BRC0118E,Colher sopa cheia,20.00
2819,BRC0345E,Porção média,100.00
2820,BRC0344E,Colher servir cheia,40.00
2821,BRC0344E,Colher sopa cheia,20.00
2822,BRC0003E,Colher servir cheia,40.00
2823,BRC0003E,Colher sopa cheia,20.00
2824,BRC0355E,Pedaço/ Unidade/ Fatia (M),110.00
2825,BRC0004E,Colher servir rasa,30.00
2826,BRC0005E,Colher servir cheia,40.00
2827,BRC0367E,Pedaço/ Unidade/ Fatia (M),110.00
2828,BRC0371E,Pedaço/ Unidade/ Fatia (M),110.00
2829,BRC0006E,Colher servir cheia,40.00
2830,BRC0007E,Colher servir rasa,40.00
2831,BRC0250E,Porção média,80.00
2832,BRC0008E,Colher servir rasa,40.00
2833,BRC0770A,Pedaço/ Unidade/ Fatia (M),80.00
2834,BRC0075C,Colher sopa cheia,25.00
2835,BRC0075C,Colher sopa rasa,10.00
2836,BRC0076C,Pedaço/ Unidade/ Fatia (M),100.00
2837,BRC1060B,Colher café cheia,4.00
2838,BRC1060B,Colher café rasa,1.00
2839,BRC0005L,Colher sopa cheia,15.00
2840,BRC0005L,Colher sopa rasa,8.00
2841,BRC1035A,Colher servir cheia,60.00
2842,BRC0860A,Pedaço/ Unidade/ Fatia (M),80.00
2843,BRC0859A,Pedaço/ Unidade/ Fatia (M),80.00
2844,BRC1147A,Pedaço/ Unidade/ Fatia (M),70.00
2845,BRC0997B,Pedaço/ Unidade/ Fatia (M),70.00
2846,BRC1042B,Colher servir cheia,60.00
2847,BRC0890A,Pedaço/ Unidade/ Fatia (M),70.00
2848,BRC0191A,Fatia média,70.00
2849,BRC0692A,Fatia média,70.00
2850,BRC0693A,Pedaço/ Unidade/ Fatia (M),80.00
2851,BRC0694A,Pedaço/ Unidade/ Fatia (M),80.00
2852,BRC0695A,Pedaço/ Unidade/ Fatia (M),80.00
2853,BRC1206B,Colher servir cheia,60.00
2854,BRC0696A,Pedaço/ Unidade/ Fatia (M),80.00
2855,BRC0697A,Pedaço/ Unidade/ Fatia (M),80.00
2856,BRC0699A,Colher servir cheia,60.00
2857,BRC0700A,Colher servir cheia,60.00
2858,BRC0703A,Colher servir cheia,60.00
2859,BRC0704A,Colher servir cheia,60.00
2860,BRC0701A,Colher servir cheia,60.00
2861,BRC0702A,Colher servir cheia,60.00
2862,BRC0698A,Colher sopa cheia,25.00
2863,BRC0963B,Pedaço/ Unidade/ Fatia (M),50.00
2864,BRC0119B,Pedaço/ Unidade/ Fatia (M),50.00
2865,BRC0291C,Unidade média,60.00
2866,BRC0178C,Porção média,40.00
2867,BRC0832B,Colher sopa rasa,6.00
2868,BRC0223F,Concha cheia,150.00
2869,BRC0894F,Concha cheia,200.00
2870,BRC0894F,Concha rasa,130.00
2871,BRC0895F,Concha cheia,200.00
2872,BRC0895F,Concha rasa,130.00
2873,BRC0892F,Concha cheia,200.00
2874,BRC0892F,Concha rasa,130.00
2875,BRC0893F,Concha cheia,200.00
2876,BRC0893F,Concha rasa,130.00
2877,BRC0882F,Concha cheia,200.00
2878,BRC0882F,Concha rasa,130.00
2879,BRC0883F,Concha cheia,200.00
2880,BRC0883F,Concha rasa,130.00
2881,BRC0805F,Concha cheia,200.00
2882,BRC0805F,Concha rasa,130.00
2883,BRC0881F,Concha cheia,200.00
2884,BRC0881F,Concha rasa,130.00
2885,BRC0107K,Pedaço/ Unidade/ Fatia (M),40.00
2886,BRC0063N,Pedaço/ Unidade/ Fatia (M),25.00
2887,BRC0077N,Colher sopa cheia,25.00
2888,BRC0013K,Colher chá cheia,12.00
2889,BRC0013K,Colher servir cheia,115.00
2890,BRC0013K,Colher servir rasa,65.00
2891,BRC0013K,Colher sobremesa cheia,20.00
2892,BRC0013K,Colher sobremesa rasa,10.00
2893,BRC0013K,Colher sopa cheia,40.00
2894,BRC0013K,Colher sopa rasa,20.00
2895,BRC0013K,Pedaço/ Unidade/ Fatia (M),38.00
2896,BRC0108K,Pedaço/ Unidade/ Fatia (M),50.00
2897,BRC0014K,Colher café cheia,8.00
2898,BRC0014K,Colher chá cheia,12.00
2899,BRC0014K,Colher chá rasa,8.00
2900,BRC0014K,Colher sobremesa cheia,25.00
2901,BRC0014K,Colher sobremesa rasa,15.00
2902,BRC0014K,Colher sopa cheia,40.00
2903,BRC0014K,Colher sopa rasa,25.00
2904,BRC0014K,Copo americano duplo,270.00
2905,BRC0014K,Copo americano pequeno,220.00
2906,BRC0015K,Colher café cheia,8.00
2907,BRC0015K,Colher chá cheia,12.00
2908,BRC0015K,Colher chá rasa,8.00
2909,BRC0015K,Colher sobremesa cheia,25.00
2910,BRC0015K,Colher sobremesa rasa,15.00
2911,BRC0015K,Colher sopa cheia,40.00
2912,BRC0015K,Colher sopa rasa,25.00
2913,BRC0015K,Copo americano duplo,270.00
2914,BRC0015K,Copo americano pequeno,220.00
2915,BRC0142K,Pedaço/ Unidade/ Fatia (M),50.00
2916,BRC0097K,Pedaço/ Unidade/ Fatia (M),50.00
2917,BRC0008K,Colher chá cheia,15.00
2918,BRC0008K,Colher sobremesa cheia,30.00
2919,BRC0008K,Colher sopa cheia,50.00
2920,BRC0008K,Pedaço/ Unidade/ Fatia (M),20.00
2921,BRC0010K,Colher chá cheia,15.00
2922,BRC0010K,Colher sobremesa cheia,30.00
2923,BRC0010K,Colher sopa cheia,50.00
2924,BRC0010K,Pedaço/ Unidade/ Fatia (M),20.00
2925,BRC0115K,Unidade média,30.00
2926,BRC0998B,Colher sopa cheia,20.00
2927,BRC0999B,Colher sopa cheia,20.00
2928,BRC1000B,Colher sopa cheia,20.00
2929,BRC0994B,Colher sopa cheia,20.00
2930,BRC0994B,Colher sopa rasa,15.00
2931,BRC0822B,Colher servir cheia,70.00
2932,BRC0101F,Pedaço/ Unidade/ Fatia (M),50.00
2933,BRC0102F,Pedaço/ Unidade/ Fatia (M),50.00
2934,BRC0443A,Pedaço/ Unidade/ Fatia (M),50.00
2935,BRC0446A,Pedaço/ Unidade/ Fatia (M),50.00
2936,BRC0445A,Pedaço/ Unidade/ Fatia (M),50.00
2937,BRC0447A,Pedaço/ Unidade/ Fatia (M),50.00
2938,BRC0444A,Pedaço/ Unidade/ Fatia (M),50.00
2939,BRC0751A,Porção média,90.00
2940,BRC0710A,Pedaço/ Unidade/ Fatia (M),80.00
2941,BRC0709A,Pedaço/ Unidade/ Fatia (M),80.00
2942,BRC0708A,Pedaço/ Unidade/ Fatia (M),80.00
2943,BRC0478F,Pedaço/ Unidade/ Fatia (M),80.00
2944,BRC0485F,Colher servir cheia,60.00
2945,BRC0485F,Colher servir rasa,45.00
2946,BRC0486F,Colher servir cheia,60.00
2947,BRC0486F,Colher servir rasa,45.00
2948,BRC0487F,Colher servir cheia,60.00
2949,BRC0487F,Colher servir rasa,45.00
2950,BRC1109B,Colher sopa cheia,25.00
2951,BRC1131B,Porção média,50.00
2952,BRC1064B,Colher café cheia,4.00
2953,BRC1064B,Colher café rasa,1.00
2954,BRC0025T,Colher servir cheia,60.00
2955,BRC0025T,Colher sopa cheia,30.00
2956,BRC0076T,Colher servir cheia,60.00
2957,BRC0075T,Colher servir cheia,60.00
2958,BRC0060T,Colher servir cheia,60.00
2959,BRC0059T,Colher servir cheia,60.00
2960,BRC0022T,Colher servir cheia,38.00
2961,BRC0022T,Colher servir rasa,27.00
2962,BRC0022T,Colher sopa cheia,27.00
2963,BRC0022T,Colher sopa rasa,16.00
2964,BRC0023T,Colher servir cheia,38.00
2965,BRC0023T,Colher servir rasa,27.00
2966,BRC0023T,Colher sopa cheia,27.00
2967,BRC0023T,Colher sopa rasa,16.00
2968,BRC0024T,Colher servir cheia,38.00
2969,BRC0024T,Colher servir rasa,27.00
2970,BRC0024T,Colher sopa cheia,27.00
2971,BRC0024T,Colher sopa rasa,16.00
2972,BRC0072T,Colher servir cheia,38.00
2973,BRC0072T,Colher sobremesa cheia,17.00
2974,BRC0072T,Colher sobremesa rasa,11.00
2975,BRC0072T,Colher sopa cheia,24.00
2976,BRC0072T,Colher sopa rasa,14.00
2977,BRC0071T,Colher servir cheia,38.00
2978,BRC0071T,Colher sobremesa cheia,17.00
2979,BRC0071T,Colher sobremesa rasa,11.00
2980,BRC0071T,Colher sopa cheia,24.00
2981,BRC0071T,Colher sopa rasa,14.00
2982,BRC0070T,Colher sopa cheia,17.00
2983,BRC0070T,Colher sopa rasa,13.00
2984,BRC0074T,Colher servir cheia,38.00
2985,BRC0074T,Colher sobremesa cheia,17.00
2986,BRC0074T,Colher sobremesa rasa,11.00
2987,BRC0074T,Colher sopa cheia,24.00
2988,BRC0074T,Colher sopa rasa,14.00
2989,BRC0073T,Colher servir cheia,38.00
2990,BRC0073T,Colher sobremesa cheia,17.00
2991,BRC0073T,Colher sobremesa rasa,11.00
2992,BRC0073T,Colher sopa cheia,24.00
2993,BRC0073T,Colher sopa rasa,14.00
2994,BRC0026T,Colher sopa cheia,17.00
2995,BRC0026T,Colher sopa rasa,13.00
2996,BRC0169B,Xícara chá,30.00
2997,BRC0950B,Colher servir cheia,40.00
2998,BRC0768B,Porção média,110.00
2999,BRC0766B,Porção média,110.00
3000,BRC0767B,Porção média,110.00
3001,BRC0764B,Porção média,110.00
3002,BRC0765B,Porção média,110.00
3003,BRC0762B,Porção média,110.00
3004,BRC0763B,Porção média,110.00
3005,BRC0761B,Porção média,110.00
3006,BRC1190B,Colher servir cheia,55.00
3007,BRC0439A,Pedaço/ Unidade/ Fatia (M),70.00
3008,BRC0422A,Pedaço/ Unidade/ Fatia (M),70.00
3009,BRC0953A,Pedaço/ Unidade/ Fatia (M),70.00
3010,BRC0424A,Pedaço/ Unidade/ Fatia (M),70.00
3011,BRC1146A,Pedaço/ Unidade/ Fatia (M),70.00
3012,BRC0423A,Pedaço/ Unidade/ Fatia (M),70.00
3013,BRC1228A,Colher sopa cheia,9.00
3014,BRC1228A,Colher sopa rasa,6.00
3015,BRC0982F,Unidade média,120.00
3016,BRC0954A,Pedaço/ Unidade/ Fatia (M),50.00
3017,BRC0955A,Pedaço/ Unidade/ Fatia (M),50.00
3018,BRC0139G,Pedaço/ Unidade/ Fatia (M),80.00
3019,BRC0130G,Pedaço/ Unidade/ Fatia (M),80.00
3020,BRC0131G,Pedaço/ Unidade/ Fatia (M),80.00
3021,BRC0138G,Pedaço/ Unidade/ Fatia (M),80.00
3022,BRC0073B,Colher sopa cheia,25.00
3023,BRC0146B,Colher sopa cheia,25.00
3024,BRC0072B,Xícara chá,30.00
3025,BRC0147B,Colher sopa cheia,25.00
3026,BRC0107B,Colher sopa cheia,25.00
3027,BRC1205B,Colher sopa rasa,10.00
3028,BRC0224F,Colher sopa cheia,25.00
3029,BRC0224F,Concha cheia,100.00
3030,BRC0938F,Colher sopa cheia,25.00
3031,BRC0938F,Concha cheia,100.00
3032,BRC0372E,Concha cheia,100.00
3033,BRC0225F,Colher sopa cheia,25.00
3034,BRC0225F,Concha cheia,100.00
3035,BRC0409A,Porção média,70.00
3036,BRC0125A,Colher sopa cheia,20.00
3037,BRC0125A,Colher sopa rasa,13.00
3038,BRC0490E,Colher sopa cheia,15.00
3039,BRC0107A,Colher sopa cheia,20.00
3040,BRC0108A,Colher sopa cheia,20.00
3041,BRC0088B,Colher sopa cheia,25.00
3042,BRC1038B,Colher sopa rasa,25.00
3043,BRC1039B,Colher sopa rasa,25.00
3044,BRC1043B,Colher servir rasa,25.00
3045,BRC1044B,Colher servir rasa,25.00
3046,BRC0790B,Colher sopa rasa,25.00
3047,BRC0805B,Colher sopa cheia,25.00
3048,BRC0803B,Colher sopa cheia,25.00
3049,BRC0804B,Colher sopa cheia,25.00
3050,BRC0806B,Colher sopa cheia,25.00
3051,BRC0711N,Colher servir rasa,45.00
3052,BRC0788B,Colher sopa rasa,25.00
3053,BRC0780B,Colher sopa rasa,25.00
3054,BRC0781B,Colher sopa rasa,25.00
3055,BRC0786B,Colher sopa rasa,25.00
3056,BRC0787B,Colher sopa rasa,25.00
3057,BRC0794B,Colher sopa rasa,25.00
3058,BRC0795B,Colher sopa rasa,25.00
3059,BRC0792B,Colher sopa rasa,25.00
3060,BRC0793B,Colher sopa rasa,25.00
3061,BRC1071B,Colher sopa rasa,25.00
3062,BRC1072B,Colher sopa rasa,25.00
3063,BRC0782B,Colher sopa rasa,25.00
3064,BRC0783B,Colher sopa rasa,25.00
3065,BRC0791B,Colher sopa rasa,25.00
3066,BRC0789B,Colher sopa rasa,25.00
3067,BRC0784B,Colher sopa rasa,25.00
3068,BRC0785B,Colher sopa rasa,25.00
3069,BRC1098B,Colher sopa cheia,25.00
3070,BRC0089T,Colher servir cheia,35.00
3071,BRC0089T,Colher sopa cheia,31.00
3072,BRC0089T,Concha cheia,140.00
3073,BRC0089T,Concha rasa,80.00
3074,BRC0087T,Colher servir cheia,35.00
3075,BRC0087T,Colher sopa cheia,31.00
3076,BRC0087T,Concha cheia,140.00
3077,BRC0087T,Concha rasa,80.00
3078,BRC0086T,Colher servir cheia,35.00
3079,BRC0086T,Colher sopa cheia,31.00
3080,BRC0086T,Concha cheia,140.00
3081,BRC0086T,Concha rasa,80.00
3082,BRC0088T,Colher servir cheia,35.00
3083,BRC0088T,Colher sopa cheia,31.00
3084,BRC0088T,Concha cheia,140.00
3085,BRC0088T,Concha rasa,80.00
3086,BRC0085T,Colher servir cheia,35.00
3087,BRC0085T,Colher sopa cheia,31.00
3088,BRC0085T,Concha cheia,140.00
3089,BRC0085T,Concha rasa,80.00
3090,BRC0084T,Colher servir cheia,35.00
3091,BRC0084T,Colher sopa cheia,31.00
3092,BRC0084T,Concha cheia,140.00
3093,BRC0084T,Concha rasa,80.00
3094,BRC1040B,Colher sopa cheia,35.00
3095,BRC0199T,Concha rasa,70.00
3096,BRC0063T,Concha rasa,70.00
3097,BRC0208T,Colher servir cheia,35.00
3098,BRC0208T,Colher sopa cheia,17.00
3099,BRC0208T,Concha cheia,140.00
3100,BRC0208T,Concha rasa,80.00
3101,BRC0209T,Colher servir cheia,35.00
3102,BRC0209T,Colher sopa cheia,17.00
3103,BRC0209T,Concha cheia,140.00
3104,BRC0209T,Concha rasa,80.00
3105,BRC0220T,Colher servir cheia,35.00
3106,BRC0220T,Colher sopa cheia,17.00
3107,BRC0220T,Concha cheia,140.00
3108,BRC0220T,Concha rasa,80.00
3109,BRC0028T,Colher sopa cheia,31.00
3110,BRC0028T,Colher sopa rasa,16.00
3111,BRC0027T,Colher sopa cheia,23.00
3112,BRC0027T,Colher sopa rasa,13.00
3113,BRC0276B,Pedaço/ Unidade/ Fatia (M),70.00
3114,BRC0275B,Pedaço/ Unidade/ Fatia (M),70.00
3115,BRC0074B,Pedaço/ Unidade/ Fatia (M),70.00
3116,BRC0091T,Concha rasa,80.00
3117,BRC0090T,Colher servir cheia,35.00
3118,BRC0090T,Colher sopa cheia,17.00
3119,BRC0090T,Concha cheia,140.00
3120,BRC0090T,Concha rasa,80.00
3121,BRC0001T,Colher servir cheia,35.00
3122,BRC0001T,Colher sopa cheia,17.00
3123,BRC0001T,Concha cheia,140.00
3124,BRC0001T,Concha rasa,80.00
3125,BRC0255T,Concha rasa,80.00
3126,BRC0254T,Concha rasa,80.00
3127,BRC0002T,Colher sopa cheia,22.00
3128,BRC0002T,Colher sopa rasa,14.00
3129,BRC0062T,Colher servir cheia,35.00
3130,BRC0062T,Colher sopa cheia,17.00
3131,BRC0062T,Concha cheia,140.00
3132,BRC0062T,Concha rasa,80.00
3133,BRC0118T,Colher sopa cheia,20.00
3134,BRC0004T,Colher sopa cheia,22.00
3135,BRC0004T,Colher sopa rasa,14.00
3136,BRC0100T,Colher servir cheia,35.00
3137,BRC0100T,Colher sopa cheia,17.00
3138,BRC0100T,Concha cheia,140.00
3139,BRC0100T,Concha rasa,80.00
3140,BRC0099T,Colher servir cheia,35.00
3141,BRC0099T,Colher sopa cheia,17.00
3142,BRC0099T,Concha cheia,140.00
3143,BRC0099T,Concha rasa,80.00
3144,BRC0003T,Colher servir cheia,35.00
3145,BRC0003T,Colher sopa cheia,17.00
3146,BRC0003T,Concha cheia,140.00
3147,BRC0003T,Concha rasa,80.00
3148,BRC0119T,Colher sopa cheia,20.00
3149,BRC0005T,Colher sopa cheia,22.00
3150,BRC0005T,Colher sopa rasa,14.00
3151,BRC0082T,Colher servir cheia,35.00
3152,BRC0082T,Colher sopa cheia,17.00
3153,BRC0082T,Concha cheia,140.00
3154,BRC0082T,Concha rasa,80.00
3155,BRC0081T,Colher servir cheia,35.00
3156,BRC0081T,Colher sopa cheia,17.00
3157,BRC0081T,Concha cheia,140.00
3158,BRC0081T,Concha rasa,80.00
3159,BRC0080T,Colher servir cheia,35.00
3160,BRC0080T,Colher sopa cheia,17.00
3161,BRC0080T,Concha cheia,140.00
3162,BRC0080T,Concha rasa,80.00
3163,BRC0079T,Colher servir cheia,35.00
3164,BRC0079T,Colher sopa cheia,17.00
3165,BRC0079T,Concha cheia,140.00
3166,BRC0079T,Concha rasa,80.00
3167,BRC0006T,Colher servir cheia,35.00
3168,BRC0006T,Colher sopa cheia,17.00
3169,BRC0006T,Concha cheia,140.00
3170,BRC0006T,Concha rasa,80.00
3171,BRC0007T,Colher sopa cheia,22.00
3172,BRC0007T,Colher sopa rasa,14.00
3173,BRC0224T,Colher servir cheia,35.00
3174,BRC0224T,Colher sopa cheia,17.00
3175,BRC0224T,Concha cheia,140.00
3176,BRC0224T,Concha rasa,80.00
3177,BRC0225T,Colher servir cheia,35.00
3178,BRC0225T,Colher sopa cheia,17.00
3179,BRC0225T,Concha cheia,140.00
3180,BRC0225T,Concha rasa,80.00
3181,BRC0214T,Colher servir cheia,35.00
3182,BRC0214T,Colher sopa cheia,17.00
3183,BRC0214T,Concha cheia,140.00
3184,BRC0214T,Concha rasa,80.00
3185,BRC0215T,Colher servir cheia,35.00
3186,BRC0215T,Colher sopa cheia,17.00
3187,BRC0215T,Concha cheia,140.00
3188,BRC0215T,Concha rasa,80.00
3189,BRC0222T,Colher servir cheia,35.00
3190,BRC0222T,Colher sopa cheia,17.00
3191,BRC0222T,Concha cheia,140.00
3192,BRC0222T,Concha rasa,80.00
3193,BRC0223T,Colher servir cheia,35.00
3194,BRC0223T,Colher sopa cheia,17.00
3195,BRC0223T,Concha cheia,140.00
3196,BRC0223T,Concha rasa,80.00
3197,BRC0196T,Colher servir cheia,35.00
3198,BRC0196T,Colher sopa cheia,17.00
3199,BRC0196T,Concha cheia,140.00
3200,BRC0196T,Concha rasa,80.00
3201,BRC0197T,Colher servir cheia,35.00
3202,BRC0197T,Colher sopa cheia,17.00
3203,BRC0197T,Concha cheia,140.00
3204,BRC0197T,Concha rasa,80.00
3205,BRC0194T,Colher servir cheia,35.00
3206,BRC0194T,Colher sopa cheia,17.00
3207,BRC0194T,Concha cheia,140.00
3208,BRC0194T,Concha rasa,80.00
3209,BRC0195T,Colher servir cheia,35.00
3210,BRC0195T,Colher sopa cheia,17.00
3211,BRC0195T,Concha cheia,140.00
3212,BRC0195T,Concha rasa,80.00
3213,BRC0108T,Colher servir cheia,35.00
3214,BRC0108T,Colher sopa cheia,17.00
3215,BRC0108T,Concha cheia,140.00
3216,BRC0108T,Concha rasa,80.00
3217,BRC0107T,Colher servir cheia,35.00
3218,BRC0107T,Colher sopa cheia,17.00
3219,BRC0107T,Concha cheia,140.00
3220,BRC0107T,Concha rasa,80.00
3221,BRC0258T,Colher servir cheia,35.00
3222,BRC0258T,Colher sopa cheia,17.00
3223,BRC0258T,Concha cheia,140.00
3224,BRC0258T,Concha rasa,80.00
3225,BRC0008T,Colher servir cheia,35.00
3226,BRC0008T,Colher sopa cheia,17.00
3227,BRC0008T,Concha cheia,140.00
3228,BRC0008T,Concha rasa,80.00
3229,BRC0009T,Colher sopa cheia,22.00
3230,BRC0009T,Colher sopa rasa,14.00
3231,BRC0184T,Concha rasa,80.00
3232,BRC0183T,Concha rasa,80.00
3233,BRC0010T,Colher servir cheia,35.00
3234,BRC0010T,Colher sopa cheia,17.00
3235,BRC0010T,Concha cheia,140.00
3236,BRC0010T,Concha rasa,80.00
3237,BRC0011T,Colher sopa cheia,22.00
3238,BRC0011T,Colher sopa rasa,14.00
3239,BRC0013T,Colher sopa cheia,22.00
3240,BRC0013T,Colher sopa rasa,14.00
3241,BRC0014T,Colher servir cheia,35.00
3242,BRC0014T,Colher sopa cheia,17.00
3243,BRC0014T,Concha cheia,140.00
3244,BRC0014T,Concha rasa,80.00
3245,BRC0015T,Colher sopa cheia,22.00
3246,BRC0015T,Colher sopa rasa,14.00
3247,BRC0029T,Colher servir cheia,35.00
3248,BRC0029T,Colher sopa cheia,17.00
3249,BRC0029T,Concha cheia,140.00
3250,BRC0029T,Concha rasa,80.00
3251,BRC0030T,Colher sopa cheia,22.00
3252,BRC0030T,Colher sopa rasa,14.00
3253,BRC0364E,Concha cheia,100.00
3254,BRC0172T,Concha cheia,100.00
3255,BRC0198T,Pedaço/ Unidade/ Fatia (M),150.00
3256,BRC0064T,Pedaço/ Unidade/ Fatia (M),150.00
3257,BRC0012T,Colher servir cheia,35.00
3258,BRC0012T,Colher sopa cheia,17.00
3259,BRC0012T,Concha cheia,140.00
3260,BRC0012T,Concha rasa,80.00
3261,BRC0007L,Pedaço/ Unidade/ Fatia (M),15.00
3262,BRC0006L,Colher sopa rasa,10.00
3263,BRC0172F,Pedaço/ Unidade/ Fatia (M),20.00
3264,BRC1108F,Porção média,100.00
3265,BRC0057C,Pedaço/ Unidade/ Fatia (M),30.00
3266,BRC0056C,Pedaço/ Unidade/ Fatia (M),55.00
3267,BRC0261C,Porção média,40.00
3268,BRC0494F,Pedaço/ Unidade/ Fatia (M),110.00
3269,BRC0011R,Colher sopa rasa,16.00
3270,BRC0058K,Colher sopa cheia,25.00
3271,BRC0058K,Colher sopa rasa,16.00
3272,BRC0012R,Colher sopa rasa,16.00
3273,BRC0013R,Colher sopa rasa,16.00
3274,BRC0059K,Colher sopa cheia,25.00
3275,BRC0014R,Colher sopa rasa,16.00
3276,BRC0010R,Colher sopa rasa,16.00
3277,BRC0057K,Colher sopa cheia,25.00
3278,BRC0095K,Colher sopa cheia,25.00
3279,BRC0926B,Porção média,70.00
3280,BRC0924B,Pedaço/ Unidade/ Fatia (M),60.00
3281,BRC1118B,Unidade média,80.00
3282,BRC0958A,Pedaço/ Unidade/ Fatia (M),80.00
3283,BRC0234K,Colher sopa cheia,25.00
3284,BRC0204C,Porção média,50.00
3285,BRC0570F,Pedaço/ Unidade/ Fatia (M),110.00
3286,BRC0915F,Pedaço/ Unidade/ Fatia (M),110.00
3287,BRC0226F,Pedaço/ Unidade/ Fatia (M),110.00
3288,BRC0554F,Pedaço/ Unidade/ Fatia (M),110.00
3289,BRC0555F,Pedaço/ Unidade/ Fatia (M),110.00
3290,BRC0558F,Pedaço/ Unidade/ Fatia (M),110.00
3291,BRC0559F,Pedaço/ Unidade/ Fatia (M),110.00
3292,BRC0556F,Pedaço/ Unidade/ Fatia (M),110.00
3293,BRC0557F,Pedaço/ Unidade/ Fatia (M),110.00
3294,BRC0303E,Colher servir cheia,45.00
3295,BRC0303E,Colher servir cheia,60.00
3296,BRC0133K,Porção média,30.00
3297,BRC0058C,Pedaço/ Unidade/ Fatia (M),180.00
3298,BRC0376E,Colher servir cheia,45.00
3299,BRC0386E,Colher servir cheia,45.00
3300,BRC0292E,Colher servir cheia,45.00
3301,BRC0292E,Colher servir cheia,60.00
3302,BRC0293E,Colher servir cheia,45.00
3303,BRC0293E,Colher servir cheia,60.00
3304,BRC1100F,Porção média,100.00
3305,BRC1114F,Porção média,100.00
3306,BRC0186K,Colher sopa cheia,25.00
3307,BRC0016R,Colher sopa rasa,14.00
3308,BRC0017R,Colher sopa rasa,14.00
3309,BRC0003N,Colher sopa rasa,14.00
3310,BRC0004N,Colher sopa rasa,14.00
3311,BRC0015N,Colher sopa cheia,25.00
3312,BRC0018R,Colher sopa rasa,14.00
3313,BRC0019R,Colher sopa rasa,14.00
3314,BRC0005N,Colher sopa rasa,14.00
3315,BRC0006N,Colher sopa rasa,14.00
3316,BRC0016N,Colher sopa cheia,25.00
3317,BRC0014N,Colher sopa cheia,25.00
3318,BRC0015R,Colher sopa rasa,14.00
3319,BRC0002N,Colher sopa rasa,14.00
3320,BRC0060K,Colher sopa cheia,25.00
3321,BRC0020R,Colher sopa rasa,14.00
3322,BRC0021R,Colher sopa rasa,14.00
3323,BRC0007N,Colher sopa rasa,14.00
3324,BRC0008N,Colher sopa rasa,14.00
3325,BRC0017N,Colher sopa cheia,25.00
3326,BRC0022R,Colher sopa rasa,14.00
3327,BRC0023R,Colher sopa rasa,14.00
3328,BRC0009N,Colher sopa rasa,14.00
3329,BRC0010N,Colher sopa rasa,14.00
3330,BRC0018N,Colher sopa cheia,25.00
3331,BRC0024R,Colher sopa rasa,14.00
3332,BRC0025R,Colher sopa rasa,14.00
3333,BRC0026R,Colher sopa rasa,14.00
3334,BRC0011N,Colher sopa rasa,14.00
3335,BRC0012N,Colher sopa rasa,14.00
3336,BRC0019N,Colher sopa cheia,25.00
3337,BRC0027R,Colher sopa rasa,14.00
3338,BRC0088R,Colher sopa rasa,14.00
3339,BRC0028R,Colher sopa rasa,14.00
3340,BRC0029R,Colher sopa rasa,14.00
3341,BRC0030R,Colher sopa rasa,14.00
3342,BRC0013N,Colher sopa rasa,14.00
3343,BRC0017K,Colher chá rasa,4.00
3344,BRC0017K,Colher sobremesa cheia,26.00
3345,BRC0017K,Colher sobremesa rasa,11.00
3346,BRC0017K,Colher sopa cheia,34.00
3347,BRC0017K,Colher sopa rasa,22.00
3348,BRC0017K,Copo americano duplo,320.00
3349,BRC0017K,Copo americano pequeno,230.00
3350,BRC0018K,Colher chá rasa,4.00
3351,BRC0018K,Colher sobremesa cheia,26.00
3352,BRC0018K,Colher sobremesa rasa,11.00
3353,BRC0018K,Colher sopa cheia,34.00
3354,BRC0018K,Colher sopa rasa,22.00
3355,BRC0018K,Copo americano duplo,320.00
3356,BRC0018K,Copo americano pequeno,230.00
3357,BRC0019K,Colher chá rasa,4.00
3358,BRC0019K,Colher sobremesa cheia,26.00
3359,BRC0019K,Colher sobremesa rasa,11.00
3360,BRC0019K,Colher sopa cheia,34.00
3361,BRC0019K,Colher sopa rasa,22.00
3362,BRC0019K,Copo americano duplo,320.00
3363,BRC0019K,Copo americano pequeno,230.00
3364,BRC0020K,Colher chá rasa,4.00
3365,BRC0020K,Colher sobremesa cheia,26.00
3366,BRC0020K,Colher sobremesa rasa,11.00
3367,BRC0020K,Colher sopa cheia,34.00
3368,BRC0020K,Colher sopa rasa,22.00
3369,BRC0020K,Copo americano duplo,320.00
3370,BRC0020K,Copo americano pequeno,230.00
3371,BRC0023K,Colher sopa cheia,40.00
3372,BRC0023K,Colher sopa rasa,25.00
3373,BRC0021K,Colher chá rasa,4.00
3374,BRC0021K,Colher sobremesa cheia,26.00
3375,BRC0021K,Colher sobremesa rasa,11.00
3376,BRC0021K,Colher sopa cheia,34.00
3377,BRC0021K,Colher sopa rasa,22.00
3378,BRC0021K,Copo americano duplo,320.00
3379,BRC0021K,Copo americano pequeno,230.00
3380,BRC0058N,Colher chá rasa,4.00
3381,BRC0058N,Colher sobremesa cheia,26.00
3382,BRC0058N,Colher sobremesa rasa,11.00
3383,BRC0058N,Colher sopa cheia,34.00
3384,BRC0058N,Colher sopa rasa,22.00
3385,BRC0022K,Colher chá rasa,4.00
3386,BRC0022K,Colher sobremesa cheia,26.00
3387,BRC0022K,Colher sobremesa rasa,11.00
3388,BRC0022K,Colher sopa cheia,34.00
3389,BRC0022K,Colher sopa rasa,22.00
3390,BRC0022K,Copo americano duplo,320.00
3391,BRC0022K,Copo americano pequeno,230.00
3392,BRC0016K,Colher chá rasa,4.00
3393,BRC0016K,Colher sobremesa cheia,26.00
3394,BRC0016K,Colher sobremesa rasa,11.00
3395,BRC0016K,Colher sopa cheia,34.00
3396,BRC0016K,Colher sopa rasa,22.00
3397,BRC0016K,Copo americano duplo,320.00
3398,BRC0016K,Copo americano pequeno,230.00
3399,BRC1077B,Colher café cheia,4.00
3400,BRC1077B,Colher café rasa,1.00
3401,BRC0796B,Colher sopa rasa,15.00
3402,BRC0016U,Colher sopa rasa,15.00
3403,BRC0015C,Pedaço/ Unidade/ Fatia (M),100.00
3404,BRC0097C,Pedaço/ Unidade/ Fatia (M),50.00
3405,BRC0096C,Colher chá rasa,4.00
3406,BRC0096C,Colher sobremesa cheia,26.00
3407,BRC0096C,Colher sobremesa rasa,11.00
3408,BRC0096C,Colher sopa cheia,34.00
3409,BRC0096C,Colher sopa rasa,22.00
3410,BRC0014C,Pedaço/ Unidade/ Fatia (M),100.00
3411,BRC0016C,Pedaço/ Unidade/ Fatia (M),100.00
3412,BRC0078N,Colher sopa cheia,25.00
3413,BRC0131K,Pedaço/ Unidade/ Fatia (M),5.00
3414,BRC0060N,Unidade média,5.00
3415,BRC0036D,Colher café rasa,2.00
3416,BRC0036D,Colher chá cheia,8.00
3417,BRC0036D,Colher chá rasa,3.00
3418,BRC0036D,Colher sobremesa cheia,21.00
3419,BRC0036D,Colher sobremesa rasa,11.00
3420,BRC0036D,Colher sopa cheia,22.00
3421,BRC0036D,Colher sopa rasa,17.00
3422,BRC0003D,Colher sopa rasa,19.00
3423,BRC0311F,Pedaço/ Unidade/ Fatia (M),110.00
3424,BRC0313F,Pedaço/ Unidade/ Fatia (M),110.00
3425,BRC0959A,Porção média,30.00
3426,BRC0898A,Porção média,30.00
3427,BRC1076A,Porção média,30.00
3428,BRC0279T,Concha rasa,80.00
3429,BRC0106T,Colher servir cheia,45.00
3430,BRC0106T,Colher sopa cheia,22.00
3431,BRC0106T,Concha cheia,120.00
3432,BRC0017T,Colher servir cheia,45.00
3433,BRC0017T,Colher sopa cheia,22.00
3434,BRC0017T,Concha cheia,120.00
3435,BRC0031T,Colher sopa cheia,33.00
3436,BRC0031T,Colher sopa rasa,24.00
3437,BRC0278T,Concha rasa,80.00
3438,BRC0016T,Colher sopa cheia,21.00
3439,BRC0016T,Colher sopa rasa,12.00
3440,BRC0032T,Xícara chá,100.00
3441,BRC0077C,Pedaço/ Unidade/ Fatia (M),80.00
3442,BRC0078C,Pedaço/ Unidade/ Fatia (M),100.00
3443,BRC0049L,Colher café cheia,4.00
3444,BRC0049L,Colher café rasa,1.00
3445,BRC0177F,Porção média,170.00
3446,BRC0178F,Porção média,150.00
3447,BRC0179F,Porção média,150.00
3448,BRC0173F,Porção média,170.00
3449,BRC0175F,Porção média,170.00
3450,BRC0176F,Porção média,170.00
3451,BRC0207T,Porção média,150.00
3452,BRC0726F,Pedaço/ Unidade/ Fatia (M),90.00
3453,BRC0885F,Pedaço/ Unidade/ Fatia (M),90.00
3454,BRC0919F,Porção média,150.00
3455,BRC0738A,Pedaço/ Unidade/ Fatia (M),60.00
3456,BRC0739A,Pedaço/ Unidade/ Fatia (M),60.00
3457,BRC0737A,Pedaço/ Unidade/ Fatia (M),60.00
3458,BRC0252T,Colher sopa cheia,45.00
3459,BRC0799B,Colher café cheia,4.00
3460,BRC0799B,Colher café rasa,1.00
3461,BRC0304E,Pedaço/ Unidade/ Fatia (M),30.00
3462,BRC0025B,Colher sopa cheia,22.00
3463,BRC0345B,Colher servir cheia,62.00
3464,BRC0345B,Colher servir rasa,35.00
3465,BRC0345B,Colher sopa cheia,35.00
3466,BRC0345B,Colher sopa rasa,22.00
3467,BRC0345B,Escumadeira cheia,110.00
3468,BRC0345B,Escumadeira rasa,72.00
3469,BRC0347B,Colher servir cheia,62.00
3470,BRC0347B,Colher servir rasa,35.00
3471,BRC0347B,Colher sopa cheia,35.00
3472,BRC0347B,Colher sopa rasa,22.00
3473,BRC0347B,Escumadeira cheia,110.00
3474,BRC0347B,Escumadeira rasa,72.00
3475,BRC0346B,Colher servir cheia,62.00
3476,BRC0346B,Colher servir rasa,35.00
3477,BRC0346B,Colher sopa cheia,35.00
3478,BRC0346B,Colher sopa rasa,22.00
3479,BRC0346B,Escumadeira cheia,110.00
3480,BRC0346B,Escumadeira rasa,72.00
3481,BRC0344B,Colher servir cheia,62.00
3482,BRC0344B,Colher servir rasa,35.00
3483,BRC0344B,Colher sopa cheia,35.00
3484,BRC0344B,Colher sopa rasa,22.00
3485,BRC0344B,Escumadeira cheia,110.00
3486,BRC0344B,Escumadeira rasa,72.00
3487,BRC0343B,Colher servir cheia,62.00
3488,BRC0343B,Colher servir rasa,35.00
3489,BRC0343B,Colher sopa cheia,35.00
3490,BRC0343B,Colher sopa rasa,22.00
3491,BRC0343B,Escumadeira cheia,110.00
3492,BRC0343B,Escumadeira rasa,72.00
3493,BRC0342B,Colher servir cheia,62.00
3494,BRC0342B,Colher servir rasa,35.00
3495,BRC0342B,Colher sopa cheia,35.00
3496,BRC0342B,Colher sopa rasa,22.00
3497,BRC0342B,Escumadeira cheia,110.00
3498,BRC0342B,Escumadeira rasa,72.00
3499,BRC0349B,Colher servir cheia,55.00
3500,BRC0349B,Colher servir rasa,30.00
3501,BRC0348B,Colher servir cheia,55.00
3502,BRC0348B,Colher servir rasa,30.00
3503,BRC0073N,Pedaço/ Unidade/ Fatia (M),100.00
3504,BRC0134G,Pedaço/ Unidade/ Fatia (M),100.00
3505,BRC0133G,Pedaço/ Unidade/ Fatia (M),100.00
3506,BRC0011G,Pedaço/ Unidade/ Fatia (M),100.00
3507,BRC0012G,Pedaço/ Unidade/ Fatia (M),100.00
3508,BRC0013G,Pedaço/ Unidade/ Fatia (M),100.00
3509,BRC0014G,Pedaço/ Unidade/ Fatia (M),100.00
3510,BRC0015G,Pedaço/ Unidade/ Fatia (M),100.00
3511,BRC0017G,Pedaço/ Unidade/ Fatia (M),100.00
3512,BRC0019G,Pedaço/ Unidade/ Fatia (M),100.00
3513,BRC0018G,Pedaço/ Unidade/ Fatia (M),100.00
3514,BRC0016G,Pedaço/ Unidade/ Fatia (M),100.00
3515,BRC0020G,Pedaço/ Unidade/ Fatia (M),100.00
3516,BRC0021G,Pedaço/ Unidade/ Fatia (M),170.00
3517,BRC0110G,Pedaço/ Unidade/ Fatia (M),100.00
3518,BRC0109G,Pedaço/ Unidade/ Fatia (M),100.00
3519,BRC0116G,Pedaço/ Unidade/ Fatia (M),100.00
3520,BRC0022G,Pedaço/ Unidade/ Fatia (M),100.00
3521,BRC0023G,Pedaço/ Unidade/ Fatia (M),170.00
3522,BRC0112G,Pedaço/ Unidade/ Fatia (M),100.00
3523,BRC0111G,Pedaço/ Unidade/ Fatia (M),100.00
3524,BRC0117G,Pedaço/ Unidade/ Fatia (M),100.00
3525,BRC0712N,Unidade média,170.00
3526,BRC0079C,Pedaço/ Unidade/ Fatia (M),5.00
3527,BRC0079C,Porção média,50.00
3528,BRC0271C,Porção média,50.00
3529,BRC0059C,Xícara chá,220.00
3530,BRC0080C,Pedaço/ Unidade/ Fatia (M),40.00
3531,BRC1228B,Colher sopa rasa,10.00
3532,BRC0715B,Colher sopa rasa,10.00
3533,BRC0060C,Xícara chá,135.00
3534,BRC0145T,Colher servir cheia,60.00
3535,BRC0145T,Colher servir rasa,45.00
3536,BRC0146T,Colher servir cheia,60.00
3537,BRC0146T,Colher servir rasa,45.00
3538,BRC0488F,Colher servir cheia,60.00
3539,BRC0488F,Colher servir rasa,45.00
3540,BRC0722B,Colher servir cheia,60.00
3541,BRC0722B,Colher servir rasa,40.00
3542,BRC0721B,Colher servir cheia,60.00
3543,BRC0721B,Colher servir rasa,40.00
3544,BRC0282B,Colher servir cheia,80.00
3545,BRC0282B,Colher servir rasa,55.00
3546,BRC0281B,Colher servir cheia,80.00
3547,BRC0281B,Colher servir rasa,55.00
3548,BRC0280B,Colher servir cheia,95.00
3549,BRC0280B,Colher servir rasa,60.00
3550,BRC0280B,Colher sopa cheia,60.00
3551,BRC0280B,Colher sopa rasa,30.00
3552,BRC0280B,Escumadeira cheia,110.00
3553,BRC0280B,Escumadeira rasa,80.00
3554,BRC0279B,Colher servir cheia,95.00
3555,BRC0279B,Colher servir rasa,60.00
3556,BRC0279B,Colher sopa cheia,60.00
3557,BRC0279B,Colher sopa rasa,30.00
3558,BRC0279B,Escumadeira cheia,110.00
3559,BRC0279B,Escumadeira rasa,80.00
3560,BRC0278B,Colher servir cheia,95.00
3561,BRC0278B,Colher servir rasa,60.00
3562,BRC0278B,Colher sopa cheia,60.00
3563,BRC0278B,Colher sopa rasa,30.00
3564,BRC0278B,Escumadeira cheia,110.00
3565,BRC0278B,Escumadeira rasa,80.00
3566,BRC0277B,Colher servir cheia,95.00
3567,BRC0277B,Colher servir rasa,60.00
3568,BRC0277B,Colher sopa cheia,60.00
3569,BRC0277B,Colher sopa rasa,30.00
3570,BRC0277B,Escumadeira cheia,110.00
3571,BRC0277B,Escumadeira rasa,80.00
3572,BRC0026B,Colher sopa cheia,45.00
3573,BRC0026B,Colher sopa rasa,25.00
3574,BRC0286B,Colher servir cheia,95.00
3575,BRC0286B,Colher servir rasa,60.00
3576,BRC0286B,Colher sopa cheia,60.00
3577,BRC0286B,Colher sopa rasa,30.00
3578,BRC0285B,Colher servir cheia,95.00
3579,BRC0285B,Colher servir rasa,60.00
3580,BRC0285B,Colher sopa cheia,60.00
3581,BRC0285B,Colher sopa rasa,30.00
3582,BRC0284B,Colher servir cheia,95.00
3583,BRC0284B,Colher servir rasa,60.00
3584,BRC0284B,Colher sopa cheia,60.00
3585,BRC0284B,Colher sopa rasa,30.00
3586,BRC0284B,Escumadeira cheia,110.00
3587,BRC0284B,Escumadeira rasa,80.00
3588,BRC0283B,Colher servir cheia,95.00
3589,BRC0283B,Colher servir rasa,60.00
3590,BRC0283B,Colher sopa cheia,60.00
3591,BRC0283B,Colher sopa rasa,30.00
3592,BRC0283B,Escumadeira cheia,110.00
3593,BRC0283B,Escumadeira rasa,80.00
3594,BRC0086B,Xícara chá,30.00
3595,BRC0128G,Copo americano duplo,240.00
3596,BRC0128G,Copo americano pequeno,165.00
3597,BRC0061C,Pedaço/ Unidade/ Fatia (M),90.00
3598,BRC0174H,Copo americano pequeno,165.00
3599,BRC0059D,Colher sopa rasa,17.00
3600,BRC0471F,Pedaço/ Unidade/ Fatia (M),110.00
3601,BRC0472F,Pedaço/ Unidade/ Fatia (M),110.00
3602,BRC0469F,Pedaço/ Unidade/ Fatia (M),110.00
3603,BRC0470F,Pedaço/ Unidade/ Fatia (M),110.00
3604,BRC0563F,Pedaço/ Unidade/ Fatia (M),110.00
3605,BRC0564F,Pedaço/ Unidade/ Fatia (M),110.00
3606,BRC0018C,Pedaço/ Unidade/ Fatia (M),180.00
3607,BRC0017C,Pedaço/ Unidade/ Fatia (M),140.00
3608,BRC0019C,Pedaço/ Unidade/ Fatia (M),140.00
3609,BRC0020C,Pedaço/ Unidade/ Fatia (M),140.00
3610,BRC0021C,Pedaço/ Unidade/ Fatia (M),140.00
3611,BRC1025B,Colher servir cheia,100.00
3612,BRC1025B,Colher servir rasa,80.00
3613,BRC1025B,Escumadeira cheia,170.00
3614,BRC1025B,Pedaço/ Unidade/ Fatia (M),190.00
3615,BRC0682B,Colher servir cheia,80.00
3616,BRC0683B,Colher servir cheia,80.00
3617,BRC0684B,Colher servir cheia,80.00
3618,BRC0395A,Colher servir cheia,100.00
3619,BRC0395A,Colher servir rasa,80.00
3620,BRC0395A,Escumadeira cheia,170.00
3621,BRC0395A,Pedaço/ Unidade/ Fatia (M),190.00
3622,BRC0112A,Colher servir cheia,100.00
3623,BRC0112A,Colher sopa cheia,50.00
3624,BRC0112A,Escumadeira cheia,170.00
3625,BRC0112A,Pedaço/ Unidade/ Fatia (M),190.00
3626,BRC0099N,Pedaço/ Unidade/ Fatia (M),100.00
3627,BRC0087N,Colher servir cheia,100.00
3628,BRC0087N,Colher servir rasa,80.00
3629,BRC0087N,Escumadeira cheia,170.00
3630,BRC0087N,Pedaço/ Unidade/ Fatia (M),190.00
3631,BRC0561A,Colher servir cheia,100.00
3632,BRC0559A,Colher servir cheia,100.00
3633,BRC0559A,Colher servir rasa,80.00
3634,BRC0559A,Escumadeira cheia,170.00
3635,BRC0559A,Pedaço/ Unidade/ Fatia (M),190.00
3636,BRC0576A,Colher servir cheia,100.00
3637,BRC0109A,Colher sopa cheia,50.00
3638,BRC0110A,Colher sopa cheia,40.00
3639,BRC0115A,Colher servir cheia,100.00
3640,BRC0115A,Colher sopa cheia,50.00
3641,BRC0115A,Escumadeira cheia,170.00
3642,BRC0115A,Pedaço/ Unidade/ Fatia (M),190.00
3643,BRC0558A,Colher servir cheia,100.00
3644,BRC0111A,Colher servir cheia,100.00
3645,BRC0111A,Colher sopa cheia,50.00
3646,BRC0111A,Escumadeira cheia,170.00
3647,BRC0111A,Porção média,190.00
3648,BRC0798A,Colher servir cheia,100.00
3649,BRC0798A,Colher sopa cheia,50.00
3650,BRC0798A,Escumadeira cheia,170.00
3651,BRC0798A,Porção média,190.00
3652,BRC0076N,Colher servir cheia,100.00
3653,BRC0113A,Colher servir cheia,100.00
3654,BRC0113A,Colher sopa cheia,50.00
3655,BRC0113A,Escumadeira cheia,170.00
3656,BRC0113A,Pedaço/ Unidade/ Fatia (M),190.00
3657,BRC0894A,Colher servir cheia,100.00
3658,BRC0894A,Colher servir rasa,80.00
3659,BRC0894A,Escumadeira cheia,170.00
3660,BRC0894A,Pedaço/ Unidade/ Fatia (M),190.00
3661,BRC0088N,Pedaço/ Unidade/ Fatia (M),100.00
3662,BRC0560A,Colher servir cheia,100.00
3663,BRC0089N,Pedaço/ Unidade/ Fatia (M),100.00
3664,BRC0114A,Colher servir cheia,100.00
3665,BRC0114A,Colher sopa cheia,50.00
3666,BRC0114A,Escumadeira cheia,170.00
3667,BRC0114A,Pedaço/ Unidade/ Fatia (M),190.00
3668,BRC0723B,Colher servir cheia,60.00
3669,BRC0723B,Colher servir rasa,40.00
3670,BRC0724B,Colher servir cheia,60.00
3671,BRC0724B,Colher servir rasa,40.00
3672,BRC0719B,Colher servir cheia,60.00
3673,BRC0719B,Colher servir rasa,40.00
3674,BRC0095B,Colher servir cheia,55.00
3675,BRC0095B,Colher sopa cheia,30.00
3676,BRC0027G,Copo americano duplo,240.00
3677,BRC0027G,Copo americano pequeno,165.00
3678,BRC0029G,Copo americano duplo,240.00
3679,BRC0029G,Copo americano pequeno,165.00
3680,BRC0143G,Colher sobremesa cheia,9.00
3681,BRC0143G,Colher sobremesa rasa,5.00
3682,BRC0143G,Colher sopa cheia,16.00
3683,BRC0143G,Colher sopa rasa,8.00
3684,BRC0028G,Copo americano duplo,240.00
3685,BRC0028G,Copo americano pequeno,165.00
3686,BRC0025G,Copo americano pequeno,165.00
3687,BRC0026G,Copo americano pequeno,165.00
3688,BRC0146G,Copo americano duplo,240.00
3689,BRC0146G,Copo americano pequeno,165.00
3690,BRC0147G,Copo americano duplo,240.00
3691,BRC0147G,Copo americano pequeno,165.00
3692,BRC0032G,Pedaço/ Unidade/ Fatia (M),80.00
3693,BRC0035G,Colher sopa rasa,11.00
3694,BRC0033G,Copo americano duplo,240.00
3695,BRC0033G,Copo americano pequeno,165.00
3696,BRC0034G,Copo americano duplo,240.00
3697,BRC0034G,Copo americano pequeno,165.00
3698,BRC0034G,Porção média,200.00
3699,BRC0030G,Copo americano duplo,240.00
3700,BRC0030G,Copo americano pequeno,165.00
3701,BRC0037G,Copo americano duplo,240.00
3702,BRC0037G,Copo americano pequeno,165.00
3703,BRC0038G,Colher sobremesa cheia,7.00
3704,BRC0038G,Colher sobremesa rasa,5.00
3705,BRC0038G,Colher sopa cheia,10.00
3706,BRC0038G,Colher sopa rasa,8.00
3707,BRC0036G,Copo americano duplo,240.00
3708,BRC0036G,Copo americano pequeno,165.00
3709,BRC0070G,Copo americano duplo,240.00
3710,BRC0070G,Copo americano pequeno,165.00
3711,BRC0031G,Copo americano duplo,240.00
3712,BRC0031G,Copo americano pequeno,165.00
3713,BRC0094N,Copo americano duplo,240.00
3714,BRC0094N,Copo americano pequeno,165.00
3715,BRC0139N,Copo americano duplo,240.00
3716,BRC0139N,Copo americano pequeno,165.00
3717,BRC0039G,Colher sobremesa cheia,9.00
3718,BRC0039G,Colher sobremesa rasa,5.00
3719,BRC0039G,Colher sopa cheia,16.00
3720,BRC0039G,Colher sopa rasa,8.00
3721,BRC0041G,Colher sobremesa cheia,9.00
3722,BRC0041G,Colher sobremesa rasa,5.00
3723,BRC0041G,Colher sopa cheia,16.00
3724,BRC0041G,Colher sopa rasa,8.00
3725,BRC0042G,Colher sobremesa cheia,9.00
3726,BRC0042G,Colher sobremesa rasa,5.00
3727,BRC0042G,Colher sopa cheia,16.00
3728,BRC0042G,Colher sopa rasa,8.00
3729,BRC0043G,Copo americano duplo,240.00
3730,BRC0043G,Copo americano pequeno,165.00
3731,BRC0040G,Colher sobremesa cheia,9.00
3732,BRC0040G,Colher sobremesa rasa,5.00
3733,BRC0040G,Colher sopa cheia,16.00
3734,BRC0040G,Colher sopa rasa,8.00
3735,BRC0045G,Copo americano duplo,240.00
3736,BRC0045G,Copo americano pequeno,165.00
3737,BRC0044G,Copo americano duplo,240.00
3738,BRC0044G,Copo americano pequeno,165.00
3739,BRC0046G,Copo americano duplo,240.00
3740,BRC0046G,Copo americano pequeno,165.00
3741,BRC0276T,Concha rasa,80.00
3742,BRC0277T,Concha rasa,80.00
3743,BRC0121T,Colher sopa rasa,35.00
3744,BRC0121T,Concha cheia,120.00
3745,BRC0121T,Concha rasa,80.00
3746,BRC0120T,Colher sopa rasa,35.00
3747,BRC0120T,Concha cheia,120.00
3748,BRC0120T,Concha rasa,80.00
3749,BRC0078T,Colher servir cheia,35.00
3750,BRC0078T,Colher sopa cheia,27.00
3751,BRC0078T,Concha cheia,85.00
3752,BRC0077T,Colher servir cheia,35.00
3753,BRC0077T,Colher sopa cheia,27.00
3754,BRC0077T,Concha cheia,85.00
3755,BRC0256T,Concha rasa,80.00
3756,BRC0018T,Colher servir cheia,35.00
3757,BRC0018T,Colher sopa cheia,27.00
3758,BRC0018T,Concha cheia,85.00
3759,BRC0019T,Colher sopa cheia,18.00
3760,BRC0019T,Colher sopa rasa,12.00
3761,BRC0304C,Unidade média,20.00
3762,BRC0299C,Colher sopa rasa,10.00
3763,BRC0062C,Pedaço/ Unidade/ Fatia (M),70.00
3764,BRC0777B,Colher sopa cheia,25.00
3765,BRC0776B,Colher sopa rasa,10.00
3766,BRC1104F,Porção média,100.00
3767,BRC1099F,Porção média,100.00
3768,BRC0901F,Pedaço/ Unidade/ Fatia (M),40.00
3769,BRC0899F,Pedaço/ Unidade/ Fatia (M),100.00
3770,BRC0900F,Porção média,100.00
3771,BRC0896F,Porção média,100.00
3772,BRC1070F,Porção média,100.00
3773,BRC0898F,Pedaço/ Unidade/ Fatia (M),40.00
3774,BRC0897F,Porção média,110.00
3775,BRC0180F,Pedaço/ Unidade/ Fatia (M),60.00
3776,BRC0185F,Porção média,60.00
3777,BRC0186F,Porção média,60.00
3778,BRC0187F,Porção média,60.00
3779,BRC0812F,Pedaço/ Unidade/ Fatia (M),40.00
3780,BRC0839F,Pedaço/ Unidade/ Fatia (M),60.00
3781,BRC0188F,Colher servir cheia,35.00
3782,BRC0188F,Colher sopa cheia,20.00
3783,BRC0188F,Pedaço/ Unidade/ Fatia (M),40.00
3784,BRC0762F,Pedaço/ Unidade/ Fatia (M),60.00
3785,BRC0766F,Pedaço/ Unidade/ Fatia (M),40.00
3786,BRC0765F,Pedaço/ Unidade/ Fatia (M),40.00
3787,BRC0770F,Pedaço/ Unidade/ Fatia (M),40.00
3788,BRC0769F,Pedaço/ Unidade/ Fatia (M),40.00
3789,BRC0989F,Colher servir cheia,35.00
3790,BRC0989F,Colher sopa cheia,20.00
3791,BRC0989F,Pedaço/ Unidade/ Fatia (M),40.00
3792,BRC0764F,Pedaço/ Unidade/ Fatia (M),40.00
3793,BRC0763F,Pedaço/ Unidade/ Fatia (M),40.00
3794,BRC0768F,Pedaço/ Unidade/ Fatia (M),40.00
3795,BRC0767F,Pedaço/ Unidade/ Fatia (M),40.00
3796,BRC0183F,Pedaço/ Unidade/ Fatia (M),40.00
3797,BRC0184F,Porção média,60.00
3798,BRC0181F,Porção média,60.00
3799,BRC0182F,Porção média,60.00
3800,BRC0189F,Colher servir cheia,35.00
3801,BRC0189F,Colher sopa cheia,20.00
3802,BRC0189F,Pedaço/ Unidade/ Fatia (M),40.00
3803,BRC0191F,Porção média,60.00
3804,BRC0190F,Porção média,60.00
3805,BRC0039U,Colher sopa cheia,15.00
3806,BRC0038U,Colher sopa cheia,15.00
3807,BRC0037U,Colher sopa cheia,15.00
3808,BRC0006U,Colher sobremesa rasa,10.00
3809,BRC0980F,Pedaço/ Unidade/ Fatia (M),150.00
3810,BRC0192F,Pedaço/ Unidade/ Fatia (M),20.00
3811,BRC1113B,Colher sopa rasa,6.00
3812,BRC0309E,Colher servir cheia,45.00
3813,BRC0309E,Colher servir cheia,60.00
3814,BRC0310E,Colher servir cheia,45.00
3815,BRC0310E,Colher servir cheia,60.00
3816,BRC0341E,Pedaço/ Unidade/ Fatia (M),90.00
3817,BRC0172C,Pedaço/ Unidade/ Fatia (M),130.00
3818,BRC0109K,Pedaço/ Unidade/ Fatia (M),110.00
3819,BRC0063C,Pedaço/ Unidade/ Fatia (M),130.00
3820,BRC0315C,Porção média,80.00
3821,BRC0023C,Pedaço/ Unidade/ Fatia (M),130.00
3822,BRC0302C,Porção média,80.00
3823,BRC0064C,Pedaço/ Unidade/ Fatia (M),130.00
3824,BRC0014U,Pedaço/ Unidade/ Fatia (M),30.00
3825,BRC1044A,Colher servir cheia,50.00
3826,BRC1044A,Colher servir rasa,25.00
3827,BRC1044A,Escumadeira cheia,110.00
3828,BRC1044A,Escumadeira rasa,90.00
3829,BRC0937A,Colher servir cheia,50.00
3830,BRC0937A,Colher servir rasa,25.00
3831,BRC0937A,Escumadeira cheia,90.00
3832,BRC0937A,Escumadeira cheia,110.00
3833,BRC1217A,Escumadeira rasa,70.00
3834,BRC0945A,Colher servir cheia,50.00
3835,BRC0945A,Colher servir rasa,25.00
3836,BRC0945A,Escumadeira cheia,110.00
3837,BRC0945A,Escumadeira rasa,90.00
3838,BRC0942A,Colher servir cheia,50.00
3839,BRC0942A,Colher servir rasa,25.00
3840,BRC0942A,Escumadeira cheia,110.00
3841,BRC0942A,Escumadeira rasa,90.00
3842,BRC0944A,Colher servir cheia,50.00
3843,BRC0944A,Colher servir rasa,25.00
3844,BRC0944A,Escumadeira cheia,110.00
3845,BRC0944A,Escumadeira rasa,90.00
3846,BRC0943A,Colher servir cheia,50.00
3847,BRC0943A,Colher servir rasa,25.00
3848,BRC0943A,Escumadeira cheia,110.00
3849,BRC0943A,Escumadeira rasa,90.00
3850,BRC0941A,Colher servir cheia,50.00
3851,BRC0941A,Colher servir rasa,25.00
3852,BRC0941A,Escumadeira cheia,110.00
3853,BRC0941A,Escumadeira rasa,90.00
3854,BRC1045A,Colher servir cheia,50.00
3855,BRC1045A,Colher servir rasa,25.00
3856,BRC1045A,Escumadeira cheia,110.00
3857,BRC1045A,Escumadeira rasa,90.00
3858,BRC0407A,Porção média,100.00
3859,BRC1218A,Escumadeira rasa,70.00
3860,BRC1219A,Escumadeira rasa,70.00
3861,BRC0118A,Colher servir cheia,40.00
3862,BRC0117A,Colher servir cheia,40.00
3863,BRC0238A,Colher servir cheia,50.00
3864,BRC0238A,Escumadeira cheia,110.00
3865,BRC0238A,Escumadeira rasa,90.00
3866,BRC0238A,Prato fundo,200.00
3867,BRC0238A,Prato raso,280.00
3868,BRC0891A,Colher servir cheia,50.00
3869,BRC0891A,Escumadeira cheia,110.00
3870,BRC0891A,Escumadeira rasa,90.00
3871,BRC0891A,Prato fundo,200.00
3872,BRC0192A,Pedaço/ Unidade/ Fatia (M),120.00
3873,BRC0885A,Colher servir cheia,50.00
3874,BRC0885A,Escumadeira cheia,110.00
3875,BRC0885A,Escumadeira rasa,90.00
3876,BRC0885A,Prato fundo,200.00
3877,BRC0905A,Colher servir cheia,50.00
3878,BRC0905A,Escumadeira cheia,110.00
3879,BRC0905A,Escumadeira rasa,90.00
3880,BRC0905A,Prato fundo,200.00
3881,BRC0903A,Colher servir cheia,50.00
3882,BRC0903A,Escumadeira cheia,110.00
3883,BRC0903A,Escumadeira rasa,90.00
3884,BRC0903A,Prato fundo,200.00
3885,BRC0907A,Colher servir cheia,50.00
3886,BRC0907A,Escumadeira cheia,110.00
3887,BRC0907A,Escumadeira rasa,90.00
3888,BRC0907A,Prato fundo,200.00
3889,BRC0960A,Colher servir cheia,50.00
3890,BRC0960A,Colher servir rasa,25.00
3891,BRC0960A,Escumadeira cheia,110.00
3892,BRC0960A,Escumadeira rasa,90.00
3893,BRC1036A,Colher servir cheia,50.00
3894,BRC1036A,Colher servir rasa,25.00
3895,BRC1036A,Escumadeira cheia,110.00
3896,BRC1036A,Escumadeira rasa,90.00
3897,BRC1203A,Porção média,100.00
3898,BRC0596A,Colher servir cheia,50.00
3899,BRC0596A,Escumadeira cheia,110.00
3900,BRC0596A,Escumadeira rasa,90.00
3901,BRC0834A,Porção média,100.00
3902,BRC0120A,Colher servir cheia,40.00
3903,BRC0701N,Porção média,100.00
3904,BRC0116A,Colher servir cheia,50.00
3905,BRC0116A,Colher servir rasa,25.00
3906,BRC0116A,Escumadeira cheia,110.00
3907,BRC0116A,Escumadeira rasa,75.00
3908,BRC0116A,Prato fundo,200.00
3909,BRC0116A,Prato raso,280.00
3910,BRC0194A,Colher servir cheia,50.00
3911,BRC0194A,Escumadeira cheia,110.00
3912,BRC0194A,Escumadeira rasa,90.00
3913,BRC0909A,Colher servir cheia,50.00
3914,BRC0909A,Escumadeira cheia,110.00
3915,BRC0909A,Escumadeira rasa,90.00
3916,BRC0909A,Prato fundo,200.00
3917,BRC0910A,Colher servir cheia,50.00
3918,BRC0910A,Escumadeira cheia,110.00
3919,BRC0910A,Escumadeira rasa,90.00
3920,BRC0910A,Prato fundo,200.00
3921,BRC0904A,Colher servir cheia,50.00
3922,BRC0904A,Escumadeira cheia,110.00
3923,BRC0904A,Escumadeira rasa,90.00
3924,BRC0904A,Prato fundo,200.00
3925,BRC0911A,Colher servir cheia,50.00
3926,BRC0911A,Escumadeira cheia,110.00
3927,BRC0911A,Escumadeira rasa,90.00
3928,BRC0911A,Prato fundo,200.00
3929,BRC0912A,Colher servir cheia,50.00
3930,BRC0912A,Escumadeira cheia,110.00
3931,BRC0912A,Escumadeira rasa,90.00
3932,BRC0912A,Prato fundo,200.00
3933,BRC0906A,Colher servir cheia,50.00
3934,BRC0906A,Escumadeira cheia,110.00
3935,BRC0906A,Escumadeira rasa,90.00
3936,BRC0906A,Prato fundo,200.00
3937,BRC0908A,Colher servir cheia,50.00
3938,BRC0908A,Escumadeira cheia,110.00
3939,BRC0908A,Escumadeira rasa,90.00
3940,BRC0908A,Prato fundo,200.00
3941,BRC0962A,Colher servir cheia,50.00
3942,BRC0962A,Colher servir rasa,25.00
3943,BRC0962A,Escumadeira cheia,110.00
3944,BRC0962A,Escumadeira rasa,90.00
3945,BRC0963A,Colher servir cheia,50.00
3946,BRC0963A,Colher servir rasa,25.00
3947,BRC0963A,Escumadeira cheia,110.00
3948,BRC0963A,Escumadeira rasa,90.00
3949,BRC1094A,Colher servir cheia,50.00
3950,BRC1094A,Escumadeira cheia,110.00
3951,BRC1094A,Escumadeira rasa,90.00
3952,BRC1095A,Colher servir cheia,50.00
3953,BRC1095A,Escumadeira cheia,110.00
3954,BRC1095A,Escumadeira rasa,90.00
3955,BRC1102A,Colher servir cheia,50.00
3956,BRC1102A,Escumadeira cheia,110.00
3957,BRC1102A,Escumadeira rasa,90.00
3958,BRC1103A,Colher servir cheia,50.00
3959,BRC1103A,Escumadeira cheia,110.00
3960,BRC1103A,Escumadeira rasa,90.00
3961,BRC1098A,Colher servir cheia,50.00
3962,BRC1098A,Escumadeira cheia,110.00
3963,BRC1098A,Escumadeira rasa,90.00
3964,BRC1099A,Colher servir cheia,50.00
3965,BRC1099A,Escumadeira cheia,110.00
3966,BRC1099A,Escumadeira rasa,90.00
3967,BRC0598A,Colher servir cheia,50.00
3968,BRC0598A,Escumadeira cheia,110.00
3969,BRC0598A,Escumadeira rasa,90.00
3970,BRC0599A,Colher servir cheia,50.00
3971,BRC0599A,Escumadeira cheia,110.00
3972,BRC0599A,Escumadeira rasa,90.00
3973,BRC0961A,Colher servir cheia,50.00
3974,BRC0961A,Colher servir rasa,25.00
3975,BRC0961A,Escumadeira cheia,110.00
3976,BRC0961A,Escumadeira rasa,90.00
3977,BRC1037A,Colher servir cheia,50.00
3978,BRC1037A,Colher servir rasa,25.00
3979,BRC1037A,Escumadeira cheia,110.00
3980,BRC1037A,Escumadeira rasa,90.00
3981,BRC1092A,Colher servir cheia,50.00
3982,BRC1092A,Escumadeira cheia,110.00
3983,BRC1092A,Escumadeira rasa,90.00
3984,BRC1093A,Colher servir cheia,50.00
3985,BRC1093A,Escumadeira cheia,110.00
3986,BRC1093A,Escumadeira rasa,90.00
3987,BRC1100A,Colher servir cheia,50.00
3988,BRC1100A,Escumadeira cheia,110.00
3989,BRC1100A,Escumadeira rasa,90.00
3990,BRC1101A,Colher servir cheia,50.00
3991,BRC1101A,Escumadeira cheia,110.00
3992,BRC1101A,Escumadeira rasa,90.00
3993,BRC1096A,Colher servir cheia,50.00
3994,BRC1096A,Escumadeira cheia,110.00
3995,BRC1096A,Escumadeira rasa,90.00
3996,BRC1143A,Colher servir cheia,50.00
3997,BRC1143A,Escumadeira cheia,110.00
3998,BRC1143A,Escumadeira rasa,90.00
3999,BRC1144A,Colher servir cheia,50.00
4000,BRC1144A,Escumadeira cheia,110.00
4001,BRC1144A,Escumadeira rasa,90.00
4002,BRC1097A,Colher servir cheia,50.00
4003,BRC1097A,Escumadeira cheia,110.00
4004,BRC1097A,Escumadeira rasa,90.00
4005,BRC1038A,Colher servir cheia,50.00
4006,BRC1038A,Colher servir rasa,25.00
4007,BRC1038A,Escumadeira cheia,110.00
4008,BRC1038A,Escumadeira rasa,90.00
4009,BRC1039A,Colher servir cheia,50.00
4010,BRC1039A,Colher servir rasa,25.00
4011,BRC1039A,Escumadeira cheia,110.00
4012,BRC1039A,Escumadeira cheia,110.00
4013,BRC1039A,Escumadeira rasa,90.00
4014,BRC0604A,Colher servir cheia,50.00
4015,BRC0604A,Escumadeira cheia,110.00
4016,BRC0604A,Escumadeira rasa,90.00
4017,BRC0605A,Colher servir cheia,50.00
4018,BRC0605A,Escumadeira cheia,110.00
4019,BRC0605A,Escumadeira rasa,90.00
4020,BRC0853A,Pedaço/ Unidade/ Fatia (M),100.00
4021,BRC0854A,Pedaço/ Unidade/ Fatia (M),100.00
4022,BRC0965A,Colher servir cheia,50.00
4023,BRC0965A,Colher servir rasa,25.00
4024,BRC0965A,Escumadeira cheia,110.00
4025,BRC0965A,Escumadeira rasa,90.00
4026,BRC0966A,Colher servir cheia,50.00
4027,BRC0966A,Colher servir rasa,25.00
4028,BRC0966A,Escumadeira cheia,110.00
4029,BRC0966A,Escumadeira rasa,90.00
4030,BRC0609A,Colher servir cheia,50.00
4031,BRC0609A,Escumadeira cheia,110.00
4032,BRC0609A,Escumadeira rasa,90.00
4033,BRC0609A,Prato fundo,200.00
4034,BRC0608A,Colher servir cheia,50.00
4035,BRC0608A,Escumadeira cheia,110.00
4036,BRC0608A,Escumadeira rasa,90.00
4037,BRC0613A,Colher servir cheia,50.00
4038,BRC0613A,Escumadeira cheia,110.00
4039,BRC0613A,Escumadeira rasa,90.00
4040,BRC0612A,Colher servir cheia,50.00
4041,BRC0612A,Escumadeira cheia,110.00
4042,BRC0612A,Escumadeira rasa,90.00
4043,BRC0612A,Prato fundo,200.00
4044,BRC0214A,Colher servir cheia,50.00
4045,BRC0214A,Escumadeira cheia,110.00
4046,BRC0214A,Escumadeira rasa,90.00
4047,BRC0216A,Colher servir cheia,50.00
4048,BRC0216A,Escumadeira cheia,110.00
4049,BRC0216A,Escumadeira rasa,90.00
4050,BRC0215A,Colher servir cheia,50.00
4051,BRC0215A,Escumadeira cheia,110.00
4052,BRC0215A,Escumadeira rasa,90.00
4053,BRC0220A,Colher servir cheia,50.00
4054,BRC0220A,Escumadeira cheia,110.00
4055,BRC0220A,Escumadeira rasa,90.00
4056,BRC0219A,Colher servir cheia,50.00
4057,BRC0219A,Escumadeira cheia,110.00
4058,BRC0219A,Escumadeira rasa,90.00
4059,BRC0218A,Colher servir cheia,50.00
4060,BRC0218A,Escumadeira cheia,110.00
4061,BRC0218A,Escumadeira rasa,90.00
4062,BRC0218A,Prato fundo,200.00
4063,BRC0217A,Colher servir cheia,50.00
4064,BRC0217A,Escumadeira cheia,110.00
4065,BRC0217A,Escumadeira rasa,90.00
4066,BRC0217A,Prato fundo,200.00
4067,BRC0421A,Colher servir cheia,50.00
4068,BRC0421A,Escumadeira cheia,110.00
4069,BRC0421A,Escumadeira rasa,90.00
4070,BRC0421A,Prato fundo,200.00
4071,BRC0119A,Colher servir cheia,40.00
4072,BRC0601A,Colher servir cheia,50.00
4073,BRC0601A,Escumadeira cheia,110.00
4074,BRC0601A,Escumadeira rasa,90.00
4075,BRC0600A,Colher servir cheia,50.00
4076,BRC0600A,Escumadeira cheia,110.00
4077,BRC0600A,Escumadeira rasa,90.00
4078,BRC0855A,Pedaço/ Unidade/ Fatia (M),100.00
4079,BRC0856A,Pedaço/ Unidade/ Fatia (M),100.00
4080,BRC1040A,Colher servir cheia,50.00
4081,BRC1040A,Colher servir rasa,25.00
4082,BRC1040A,Escumadeira cheia,110.00
4083,BRC1040A,Escumadeira rasa,90.00
4084,BRC1041A,Colher servir cheia,50.00
4085,BRC1041A,Colher servir rasa,25.00
4086,BRC1041A,Escumadeira cheia,110.00
4087,BRC1041A,Escumadeira rasa,90.00
4088,BRC1042A,Colher servir cheia,50.00
4089,BRC1042A,Colher servir rasa,25.00
4090,BRC1042A,Escumadeira cheia,110.00
4091,BRC1042A,Escumadeira rasa,90.00
4092,BRC1043A,Colher servir cheia,50.00
4093,BRC1043A,Colher servir rasa,25.00
4094,BRC1043A,Escumadeira cheia,110.00
4095,BRC1043A,Escumadeira rasa,90.00
4096,BRC0597A,Colher servir cheia,50.00
4097,BRC0597A,Escumadeira cheia,110.00
4098,BRC0597A,Escumadeira rasa,90.00
4099,BRC0884A,Colher servir cheia,50.00
4100,BRC0884A,Escumadeira cheia,110.00
4101,BRC0884A,Escumadeira rasa,90.00
4102,BRC0884A,Prato fundo,200.00
4103,BRC0239A,Colher servir cheia,50.00
4104,BRC0239A,Escumadeira cheia,110.00
4105,BRC0239A,Escumadeira rasa,90.00
4106,BRC0239A,Prato fundo,200.00
4107,BRC0239A,Prato raso,280.00
4108,BRC0231A,Colher servir cheia,50.00
4109,BRC0231A,Escumadeira cheia,110.00
4110,BRC0231A,Escumadeira rasa,90.00
4111,BRC0231A,Prato fundo,200.00
4112,BRC0231A,Prato raso,280.00
4113,BRC0230A,Colher servir cheia,50.00
4114,BRC0230A,Escumadeira cheia,110.00
4115,BRC0230A,Escumadeira rasa,90.00
4116,BRC0230A,Prato fundo,200.00
4117,BRC0230A,Prato raso,280.00
4118,BRC0606A,Colher servir cheia,50.00
4119,BRC0606A,Escumadeira cheia,110.00
4120,BRC0606A,Escumadeira rasa,90.00
4121,BRC0607A,Colher servir cheia,50.00
4122,BRC0607A,Escumadeira cheia,110.00
4123,BRC0607A,Escumadeira rasa,90.00
4124,BRC0233A,Colher servir cheia,50.00
4125,BRC0233A,Escumadeira cheia,110.00
4126,BRC0233A,Escumadeira rasa,90.00
4127,BRC0233A,Prato fundo,200.00
4128,BRC0233A,Prato raso,280.00
4129,BRC0232A,Colher servir cheia,50.00
4130,BRC0232A,Escumadeira cheia,110.00
4131,BRC0232A,Escumadeira rasa,90.00
4132,BRC0232A,Prato fundo,200.00
4133,BRC0232A,Prato raso,280.00
4134,BRC0237A,Colher servir cheia,50.00
4135,BRC0237A,Escumadeira cheia,110.00
4136,BRC0237A,Escumadeira rasa,90.00
4137,BRC0237A,Prato fundo,200.00
4138,BRC0237A,Prato raso,280.00
4139,BRC0236A,Colher servir cheia,50.00
4140,BRC0236A,Escumadeira cheia,110.00
4141,BRC0236A,Escumadeira rasa,90.00
4142,BRC0236A,Prato fundo,200.00
4143,BRC0236A,Prato raso,280.00
4144,BRC0611A,Colher servir cheia,50.00
4145,BRC0611A,Escumadeira cheia,110.00
4146,BRC0611A,Escumadeira rasa,90.00
4147,BRC0610A,Colher servir cheia,50.00
4148,BRC0610A,Escumadeira cheia,110.00
4149,BRC0610A,Escumadeira rasa,90.00
4150,BRC0615A,Colher servir cheia,50.00
4151,BRC0615A,Escumadeira cheia,110.00
4152,BRC0614A,Colher servir cheia,50.00
4153,BRC0614A,Escumadeira cheia,110.00
4154,BRC0614A,Escumadeira rasa,90.00
4155,BRC0235A,Colher servir cheia,50.00
4156,BRC0235A,Escumadeira cheia,110.00
4157,BRC0235A,Escumadeira rasa,90.00
4158,BRC0235A,Prato fundo,200.00
4159,BRC0235A,Prato raso,280.00
4160,BRC0234A,Colher servir cheia,50.00
4161,BRC0234A,Escumadeira cheia,110.00
4162,BRC0234A,Escumadeira rasa,90.00
4163,BRC0234A,Prato fundo,200.00
4164,BRC0234A,Prato raso,280.00
4165,BRC0603A,Colher servir cheia,50.00
4166,BRC0603A,Escumadeira cheia,110.00
4167,BRC0603A,Escumadeira rasa,90.00
4168,BRC0602A,Colher servir cheia,50.00
4169,BRC0602A,Escumadeira cheia,110.00
4170,BRC0602A,Escumadeira rasa,90.00
4171,BRC0835A,Pedaço/ Unidade/ Fatia (M),100.00
4172,BRC0229A,Colher servir cheia,50.00
4173,BRC0229A,Escumadeira cheia,110.00
4174,BRC0229A,Escumadeira rasa,90.00
4175,BRC0229A,Prato fundo,200.00
4176,BRC0229A,Prato raso,280.00
4177,BRC0228A,Colher servir cheia,40.00
4178,BRC0195A,Colher servir cheia,50.00
4179,BRC0195A,Escumadeira cheia,110.00
4180,BRC0195A,Escumadeira rasa,90.00
4181,BRC1046A,Colher servir cheia,50.00
4182,BRC1046A,Colher servir rasa,25.00
4183,BRC1046A,Escumadeira cheia,110.00
4184,BRC1046A,Escumadeira rasa,90.00
4185,BRC0081C,Pedaço/ Unidade/ Fatia (M),45.00
4186,BRC0873B,Colher servir cheia,60.00
4187,BRC0873B,Colher servir rasa,40.00
4188,BRC0056D,Colher café cheia,6.00
4189,BRC0056D,Colher chá rasa,3.00
4190,BRC0056D,Colher servir cheia,50.00
4191,BRC0056D,Colher servir rasa,35.00
4192,BRC0056D,Colher sobremesa cheia,17.00
4193,BRC0056D,Colher sobremesa rasa,12.00
4194,BRC0056D,Colher sopa cheia,27.00
4195,BRC0056D,Colher sopa rasa,17.00
4196,BRC0058D,Colher sopa rasa,17.00
4197,BRC0138N,Colher café cheia,6.00
4198,BRC0138N,Colher chá rasa,3.00
4199,BRC0138N,Colher servir cheia,50.00
4200,BRC0138N,Colher servir rasa,35.00
4201,BRC0138N,Colher sobremesa cheia,17.00
4202,BRC0138N,Colher sobremesa rasa,12.00
4203,BRC0138N,Colher sopa cheia,27.00
4204,BRC0138N,Colher sopa rasa,17.00
4205,BRC0031D,Colher chá cheia,6.00
4206,BRC0031D,Colher chá rasa,3.00
4207,BRC0031D,Colher servir cheia,50.00
4208,BRC0031D,Colher servir rasa,35.00
4209,BRC0031D,Colher sobremesa cheia,17.00
4210,BRC0031D,Colher sobremesa rasa,12.00
4211,BRC0031D,Colher sopa cheia,27.00
4212,BRC0031D,Colher sopa rasa,17.00
4213,BRC0098C,Colher café rasa,12.00
4214,BRC0098C,Colher sobremesa cheia,20.00
4215,BRC0098C,Colher sopa cheia,40.00
4216,BRC0045C,Pedaço/ Unidade/ Fatia (M),170.00
4217,BRC0044C,Pedaço/ Unidade/ Fatia (M),310.00
4218,BRC0024C,Pedaço/ Unidade/ Fatia (M),170.00
4219,BRC0099C,Colher café rasa,12.00
4220,BRC0099C,Colher sobremesa cheia,20.00
4221,BRC0099C,Colher sopa cheia,40.00
4222,BRC0090B,Colher sopa cheia,35.00
4223,BRC0909B,Pedaço/ Unidade/ Fatia (M),70.00
4224,BRC0091B,Colher sopa cheia,25.00
4225,BRC0091B,Pedaço/ Unidade/ Fatia (M),70.00
4226,BRC0361B,Colher sopa cheia,37.00
4227,BRC0361B,Colher sopa rasa,22.00
4228,BRC0360B,Colher sopa cheia,37.00
4229,BRC0360B,Colher sopa rasa,22.00
4230,BRC0311B,Colher sopa cheia,40.00
4231,BRC0310B,Colher sopa cheia,40.00
4232,BRC0309B,Colher sopa cheia,37.00
4233,BRC0309B,Colher sopa rasa,22.00
4234,BRC0308B,Colher sopa cheia,37.00
4235,BRC0308B,Colher sopa rasa,22.00
4236,BRC0908B,Colher servir cheia,60.00
4237,BRC0908B,Colher servir rasa,40.00
4238,BRC0053B,Colher sopa cheia,37.00
4239,BRC0053B,Colher sopa rasa,22.00
4240,BRC0870B,Colher servir cheia,60.00
4241,BRC0870B,Colher servir rasa,40.00
4242,BRC0871B,Colher servir cheia,60.00
4243,BRC0871B,Colher servir rasa,40.00
4244,BRC0872B,Colher servir cheia,60.00
4245,BRC0872B,Colher servir rasa,40.00
4246,BRC0307B,Colher sopa cheia,37.00
4247,BRC0307B,Colher sopa rasa,22.00
4248,BRC0306B,Colher sopa cheia,37.00
4249,BRC0306B,Colher sopa rasa,22.00
4250,BRC0027B,Colher sopa cheia,35.00
4251,BRC0898B,Colher sopa cheia,20.00
4252,BRC0087B,Colher sopa cheia,25.00
4253,BRC0092B,Colher sopa cheia,25.00
4254,BRC0089B,Colher sopa cheia,25.00
4255,BRC0046C,Colher sopa cheia,23.00
4256,BRC0046C,Unidade média,220.00
4257,BRC0047C,Colher sopa cheia,23.00
4258,BRC0047C,Unidade média,220.00
4259,BRC0025C,Colher sopa cheia,23.00
4260,BRC0025C,Unidade média,220.00
4261,BRC0048C,Colher sopa cheia,23.00
4262,BRC0048C,Unidade média,220.00
4263,BRC1208B,Colher sopa cheia,23.00
4264,BRC0289C,Porção média,50.00
4265,BRC0960B,Pedaço/ Unidade/ Fatia (M),120.00
4266,BRC0130B,Pedaço/ Unidade/ Fatia (M),120.00
4267,BRC0088K,Colher servir cheia,60.00
4268,BRC0086R,Colher sopa rasa,16.00
4269,BRC0075B,Colher sopa cheia,6.00
4270,BRC0075B,Colher sopa rasa,4.00
4271,BRC1198B,Colher sopa rasa,6.00
4272,BRC1197B,Colher servir rasa,6.00
4273,BRC0004D,Colher chá cheia,8.00
4274,BRC0004D,Colher chá rasa,4.00
4275,BRC0004D,Colher sobremesa cheia,23.00
4276,BRC0004D,Colher sobremesa rasa,13.00
4277,BRC0004D,Colher sopa cheia,32.00
4278,BRC0004D,Colher sopa rasa,19.00
4279,BRC0150G,Colher chá cheia,8.00
4280,BRC0150G,Colher chá rasa,4.00
4281,BRC0150G,Colher sobremesa cheia,23.00
4282,BRC0150G,Colher sobremesa rasa,13.00
4283,BRC0150G,Colher sopa cheia,32.00
4284,BRC0150G,Colher sopa rasa,19.00
4285,BRC0014D,Colher chá cheia,8.00
4286,BRC0014D,Colher chá rasa,4.00
4287,BRC0014D,Colher sobremesa cheia,23.00
4288,BRC0014D,Colher sobremesa rasa,13.00
4289,BRC0014D,Colher sopa cheia,32.00
4290,BRC0014D,Colher sopa rasa,19.00
4291,BRC0015D,Colher chá cheia,8.00
4292,BRC0015D,Colher chá rasa,4.00
4293,BRC0015D,Colher sobremesa cheia,23.00
4294,BRC0015D,Colher sobremesa rasa,13.00
4295,BRC0015D,Colher sopa cheia,32.00
4296,BRC0015D,Colher sopa rasa,19.00
4297,BRC0007D,Colher chá cheia,8.00
4298,BRC0007D,Colher chá rasa,4.00
4299,BRC0007D,Colher sobremesa cheia,23.00
4300,BRC0007D,Colher sobremesa rasa,13.00
4301,BRC0007D,Colher sopa cheia,32.00
4302,BRC0007D,Colher sopa rasa,19.00
4303,BRC0018D,Colher sopa rasa,19.00
4304,BRC0005D,Colher chá cheia,8.00
4305,BRC0005D,Colher chá rasa,4.00
4306,BRC0005D,Colher sobremesa cheia,23.00
4307,BRC0005D,Colher sobremesa rasa,13.00
4308,BRC0005D,Colher sopa cheia,32.00
4309,BRC0005D,Colher sopa rasa,19.00
4310,BRC0006D,Colher chá cheia,8.00
4311,BRC0006D,Colher chá rasa,4.00
4312,BRC0006D,Colher sobremesa cheia,23.00
4313,BRC0006D,Colher sobremesa rasa,13.00
4314,BRC0006D,Colher sopa cheia,32.00
4315,BRC0006D,Colher sopa rasa,19.00
4316,BRC0026C,Pedaço/ Unidade/ Fatia (M),45.00
4317,BRC0082C,Pedaço/ Unidade/ Fatia (M),100.00
4318,BRC0083C,Copo americano duplo,240.00
4319,BRC0083C,Copo americano pequeno,165.00
4320,BRC0008D,Colher chá cheia,8.00
4321,BRC0008D,Colher chá rasa,4.00
4322,BRC0008D,Colher sobremesa cheia,23.00
4323,BRC0008D,Colher sobremesa rasa,13.00
4324,BRC0008D,Colher sopa cheia,32.00
4325,BRC0008D,Colher sopa rasa,19.00
4326,BRC0016D,Colher chá cheia,8.00
4327,BRC0016D,Colher chá rasa,4.00
4328,BRC0016D,Colher sobremesa cheia,23.00
4329,BRC0016D,Colher sobremesa rasa,13.00
4330,BRC0016D,Colher sopa cheia,32.00
4331,BRC0016D,Colher sopa rasa,19.00
4332,BRC0017D,Colher chá cheia,8.00
4333,BRC0017D,Colher chá rasa,4.00
4334,BRC0017D,Colher sobremesa cheia,23.00
4335,BRC0017D,Colher sobremesa rasa,13.00
4336,BRC0017D,Colher sopa cheia,32.00
4337,BRC0017D,Colher sopa rasa,19.00
4338,BRC0010D,Colher chá cheia,8.00
4339,BRC0010D,Colher chá rasa,4.00
4340,BRC0010D,Colher sobremesa cheia,23.00
4341,BRC0010D,Colher sobremesa rasa,13.00
4342,BRC0010D,Colher sopa cheia,32.00
4343,BRC0010D,Colher sopa rasa,19.00
4344,BRC0011D,Colher chá cheia,8.00
4345,BRC0011D,Colher chá rasa,4.00
4346,BRC0011D,Colher sobremesa cheia,23.00
4347,BRC0011D,Colher sobremesa rasa,13.00
4348,BRC0011D,Colher sopa cheia,32.00
4349,BRC0011D,Colher sopa rasa,19.00
4350,BRC0012D,Colher chá cheia,8.00
4351,BRC0012D,Colher chá rasa,4.00
4352,BRC0012D,Colher sobremesa cheia,23.00
4353,BRC0012D,Colher sobremesa rasa,13.00
4354,BRC0012D,Colher sopa cheia,32.00
4355,BRC0012D,Colher sopa rasa,19.00
4356,BRC0013D,Colher chá cheia,8.00
4357,BRC0013D,Colher chá rasa,4.00
4358,BRC0013D,Colher sobremesa cheia,23.00
4359,BRC0013D,Colher sobremesa rasa,13.00
4360,BRC0013D,Colher sopa cheia,32.00
4361,BRC0013D,Colher sopa rasa,19.00
4362,BRC0009D,Colher chá cheia,8.00
4363,BRC0009D,Colher chá rasa,4.00
4364,BRC0009D,Colher sobremesa cheia,23.00
4365,BRC0009D,Colher sobremesa rasa,13.00
4366,BRC0009D,Colher sopa cheia,32.00
4367,BRC0009D,Colher sopa rasa,19.00
4368,BRC0061K,Pedaço/ Unidade/ Fatia (M),100.00
4369,BRC0031R,Colher sopa rasa,14.00
4370,BRC0032R,Colher sopa rasa,14.00
4371,BRC0033R,Colher sopa rasa,14.00
4372,BRC0026K,Pedaço/ Unidade/ Fatia (M),50.00
4373,BRC0034R,Colher sopa rasa,14.00
4374,BRC0035R,Colher sopa rasa,14.00
4375,BRC0025K,Pedaço/ Unidade/ Fatia (M),50.00
4376,BRC0036R,Colher sopa rasa,14.00
4377,BRC0037R,Colher sopa rasa,14.00
4378,BRC0038R,Colher sopa rasa,14.00
4379,BRC0039R,Colher sopa rasa,14.00
4380,BRC0040R,Colher sopa rasa,14.00
4381,BRC0334E,Colher servir cheia,45.00
4382,BRC0334E,Colher servir cheia,60.00
4383,BRC0335E,Colher servir cheia,45.00
4384,BRC0335E,Colher servir cheia,60.00
4385,BRC0027K,Colher sobremesa cheia,35.00
4386,BRC0027K,Colher sobremesa rasa,20.00
4387,BRC0027K,Colher sopa cheia,50.00
4388,BRC0027K,Colher sopa rasa,30.00
4389,BRC0027K,Pedaço/ Unidade/ Fatia (M),40.00
4390,BRC0110K,Colher servir cheia,65.00
4391,BRC0110K,Colher servir rasa,50.00
4392,BRC0104K,Colher sopa cheia,25.00
4393,BRC0111K,Pedaço/ Unidade/ Fatia (M),30.00
4394,BRC0233K,Porção média,50.00
4395,BRC0706N,Porção média,50.00
4396,BRC0091N,Pedaço/ Unidade/ Fatia (M),45.00
4397,BRC0803A,Porção média,50.00
4398,BRC0649A,Porção média,45.00
4399,BRC0577A,Porção média,50.00
4400,BRC0705A,Porção média,50.00
4401,BRC0122A,Colher servir cheia,40.00
4402,BRC0121A,Colher servir cheia,40.00
4403,BRC0123A,Colher servir cheia,40.00
4404,BRC0815A,Porção média,60.00
4405,BRC1230A,Porção média,80.00
4406,BRC1066A,Porção média,60.00
4407,BRC0247T,Fatia média,60.00
4408,BRC1213A,Porção média,50.00
4409,BRC0250B,Colher servir cheia,75.00
4410,BRC0250B,Colher servir rasa,55.00
4411,BRC0250B,Colher sopa cheia,40.00
4412,BRC0250B,Colher sopa rasa,25.00
4413,BRC0249B,Colher servir cheia,75.00
4414,BRC0249B,Colher servir rasa,55.00
4415,BRC0249B,Colher sopa cheia,40.00
4416,BRC0249B,Colher sopa rasa,25.00
4417,BRC0248B,Colher servir cheia,75.00
4418,BRC0248B,Colher servir rasa,55.00
4419,BRC0248B,Colher sopa cheia,40.00
4420,BRC0248B,Colher sopa rasa,25.00
4421,BRC0247B,Colher servir cheia,75.00
4422,BRC0247B,Colher servir rasa,55.00
4423,BRC0247B,Colher sopa cheia,40.00
4424,BRC0247B,Colher sopa rasa,25.00
4425,BRC0252B,Colher servir cheia,75.00
4426,BRC0252B,Colher servir rasa,55.00
4427,BRC0252B,Colher sopa cheia,40.00
4428,BRC0252B,Colher sopa rasa,25.00
4429,BRC0251B,Colher servir cheia,75.00
4430,BRC0251B,Colher servir rasa,55.00
4431,BRC0251B,Colher sopa cheia,40.00
4432,BRC0251B,Colher sopa rasa,25.00
4433,BRC0029B,Colher sopa cheia,25.00
4434,BRC0028K,Colher café rasa,2.00
4435,BRC0028K,Colher chá rasa,3.00
4436,BRC0028K,Colher sobremesa rasa,9.00
4437,BRC0028K,Colher sopa rasa,15.00
4438,BRC0029K,Colher café rasa,2.00
4439,BRC0029K,Colher chá rasa,3.00
4440,BRC0029K,Colher sobremesa rasa,10.00
4441,BRC0029K,Colher sopa rasa,16.00
4442,BRC0027C,Pedaço/ Unidade/ Fatia (M),200.00
4443,BRC0028C,Pedaço/ Unidade/ Fatia (M),90.00
4444,BRC0065C,Pedaço/ Unidade/ Fatia (M),135.00
4445,BRC0066C,Pedaço/ Unidade/ Fatia (M),135.00
4446,BRC0332E,Colher servir cheia,45.00
4447,BRC0332E,Colher servir cheia,60.00
4448,BRC0333E,Colher servir cheia,45.00
4449,BRC0333E,Colher servir cheia,60.00
4450,BRC0311E,Colher servir cheia,45.00
4451,BRC0311E,Colher servir cheia,60.00
4452,BRC0312E,Colher servir cheia,45.00
4453,BRC0312E,Colher servir cheia,60.00
4454,BRC0787A,Colher sobremesa cheia,17.00
4455,BRC0787A,Colher sobremesa rasa,11.00
4456,BRC0787A,Colher sopa cheia,24.00
4457,BRC0787A,Colher sopa rasa,14.00
4458,BRC0124A,Colher sopa cheia,20.00
4459,BRC0124A,Colher sopa rasa,12.00
4460,BRC0793A,Colher sopa rasa,12.00
4461,BRC0793A,Colher sopa rasa,20.00
4462,BRC0140A,Colher servir rasa,55.00
4463,BRC0140A,Colher sobremesa rasa,27.00
4464,BRC0140A,Colher sopa rasa,37.00
4465,BRC0140A,Copo americano duplo,230.00
4466,BRC0079R,Colher sopa rasa,16.00
4467,BRC0903B,Pedaço/ Unidade/ Fatia (M),70.00
4468,BRC0902B,Pedaço/ Unidade/ Fatia (M),70.00
4469,BRC0408A,Colher chá cheia,5.00
4470,BRC0408A,Colher sobremesa cheia,10.00
4471,BRC0408A,Colher sobremesa rasa,8.00
4472,BRC0408A,Colher sopa cheia,16.00
4473,BRC0128A,Colher chá cheia,5.00
4474,BRC0128A,Colher sobremesa cheia,10.00
4475,BRC0128A,Colher sobremesa rasa,8.00
4476,BRC0128A,Colher sopa cheia,16.00
4477,BRC0128A,Colher sopa rasa,12.00
4478,BRC0468A,Porção média,60.00
4479,BRC0127A,Pedaço/ Unidade/ Fatia (M),15.00
4480,BRC0005A,Colher sopa cheia,15.00
4481,BRC0055N,Colher sopa cheia,5.00
4482,BRC0055N,Escumadeira rasa,15.00
4483,BRC0055N,Xícara chá,25.00
4484,BRC0206A,Colher sopa cheia,15.00
4485,BRC0133A,Colher sopa cheia,15.00
4486,BRC0031N,Colher sopa cheia,15.00
4487,BRC0054N,Colher sopa cheia,15.00
4488,BRC0134A,Colher sopa cheia,15.00
4489,BRC0135A,Colher sopa cheia,15.00
4490,BRC0136A,Colher sopa cheia,15.00
4491,BRC0832A,Pedaço/ Unidade/ Fatia (M),100.00
4492,BRC0129A,Colher sopa cheia,5.00
4493,BRC0129A,Escumadeira rasa,15.00
4494,BRC0129A,Xícara chá,25.00
4495,BRC0143A,Colher servir cheia,40.00
4496,BRC0143A,Colher servir rasa,20.00
4497,BRC0143A,Colher sopa cheia,30.00
4498,BRC0143A,Concha cheia,165.00
4499,BRC0143A,Concha rasa,140.00
4500,BRC0143A,Pedaço/ Unidade/ Fatia (M),100.00
4501,BRC0143A,Prato fundo,500.00
4502,BRC0143A,Prato raso,300.00
4503,BRC0179A,Colher sobremesa cheia,17.00
4504,BRC0179A,Colher sobremesa rasa,11.00
4505,BRC0179A,Colher sopa cheia,24.00
4506,BRC0179A,Colher sopa rasa,14.00
4507,BRC0178A,Colher sobremesa cheia,17.00
4508,BRC0178A,Colher sobremesa rasa,11.00
4509,BRC0178A,Colher sopa cheia,24.00
4510,BRC0178A,Colher sopa rasa,14.00
4511,BRC0181A,Colher sopa cheia,24.00
4512,BRC0180A,Colher sobremesa cheia,17.00
4513,BRC0180A,Colher sobremesa rasa,11.00
4514,BRC0180A,Colher sopa cheia,24.00
4515,BRC0180A,Colher sopa rasa,14.00
4516,BRC0138A,Colher sobremesa cheia,17.00
4517,BRC0138A,Colher sobremesa rasa,11.00
4518,BRC0138A,Colher sopa cheia,24.00
4519,BRC0138A,Colher sopa rasa,14.00
4520,BRC0175A,Colher sobremesa cheia,17.00
4521,BRC0175A,Colher sobremesa rasa,11.00
4522,BRC0175A,Colher sopa cheia,24.00
4523,BRC0175A,Colher sopa rasa,14.00
4524,BRC0174A,Colher sobremesa cheia,17.00
4525,BRC0174A,Colher sobremesa rasa,11.00
4526,BRC0174A,Colher sopa cheia,24.00
4527,BRC0174A,Colher sopa rasa,14.00
4528,BRC0177A,Colher sobremesa cheia,17.00
4529,BRC0177A,Colher sobremesa rasa,11.00
4530,BRC0177A,Colher sopa cheia,24.00
4531,BRC0177A,Colher sopa rasa,14.00
4532,BRC0176A,Colher sobremesa cheia,17.00
4533,BRC0176A,Colher sobremesa rasa,11.00
4534,BRC0176A,Colher sopa cheia,24.00
4535,BRC0176A,Colher sopa rasa,14.00
4536,BRC0006A,Colher sopa cheia,15.00
4537,BRC0007A,Colher sobremesa cheia,17.00
4538,BRC0007A,Colher sobremesa rasa,11.00
4539,BRC0007A,Colher sopa cheia,24.00
4540,BRC0007A,Colher sopa rasa,14.00
4541,BRC0183A,Colher sobremesa cheia,17.00
4542,BRC0183A,Colher sobremesa rasa,11.00
4543,BRC0183A,Colher sopa cheia,24.00
4544,BRC0183A,Colher sopa rasa,14.00
4545,BRC0182A,Colher sobremesa cheia,17.00
4546,BRC0182A,Colher sobremesa rasa,11.00
4547,BRC0182A,Colher sopa cheia,24.00
4548,BRC0182A,Colher sopa rasa,14.00
4549,BRC0144H,Copo americano duplo,240.00
4550,BRC0144H,Copo americano pequeno,165.00
4551,BRC0029U,Colher sobremesa rasa,10.00
4552,BRC0005U,Colher sobremesa rasa,10.00
4553,BRC0053G,Copo americano duplo,240.00
4554,BRC0053G,Copo americano pequeno,165.00
4555,BRC0141G,Copo americano duplo,240.00
4556,BRC0141G,Copo americano pequeno,165.00
4557,BRC0054G,Colher servir cheia,55.00
4558,BRC0054G,Colher sobremesa cheia,27.00
4559,BRC0054G,Colher sopa cheia,37.00
4560,BRC0054G,Prato fundo,375.00
4561,BRC0054G,Prato raso,195.00
4562,BRC0055G,Colher servir cheia,55.00
4563,BRC0055G,Colher sobremesa cheia,27.00
4564,BRC0055G,Colher sopa cheia,37.00
4565,BRC0055G,Prato fundo,375.00
4566,BRC0055G,Prato raso,195.00
4567,BRC0125G,Colher servir cheia,55.00
4568,BRC0125G,Colher servir rasa,45.00
4569,BRC0127G,Colher servir cheia,55.00
4570,BRC0127G,Colher servir rasa,45.00
4571,BRC0078R,Colher sopa cheia,20.00
4572,BRC0078R,Colher sopa rasa,10.00
4573,BRC0269C,Porção média,30.00
4574,BRC0205C,Porção média,50.00
4575,BRC0186T,Colher sopa cheia,20.00
4576,BRC0187T,Colher sopa cheia,20.00
4577,BRC0188T,Colher sopa cheia,20.00
4578,BRC0138T,Pedaço/ Unidade/ Fatia (M),120.00
4579,BRC0082R,Colher sopa rasa,10.00
4580,BRC0083R,Colher sopa rasa,10.00
4581,BRC0084R,Colher sopa rasa,10.00
4582,BRC0085R,Colher sopa rasa,10.00
4583,BRC0036U,Pedaço/ Unidade/ Fatia (M),30.00
4584,BRC0035U,Pedaço/ Unidade/ Fatia (M),30.00
4585,BRC0021U,Pedaço/ Unidade/ Fatia (M),30.00
4586,BRC1201B,Colher sopa rasa,6.00
4587,BRC0034U,Pedaço/ Unidade/ Fatia (M),30.00
4588,BRC0880F,Concha cheia,130.00
4589,BRC0880F,Pedaço/ Unidade/ Fatia (M),200.00
4590,BRC1095F,Porção média,100.00
4591,BRC1096F,Porção média,100.00
4592,BRC1098F,Porção média,100.00
4593,BRC0008G,Colher servir cheia,55.00
4594,BRC0008G,Colher sobremesa cheia,15.00
4595,BRC0008G,Colher sopa cheia,25.00
4596,BRC0004G,Colher servir cheia,55.00
4597,BRC0004G,Colher sobremesa cheia,15.00
4598,BRC0004G,Colher sopa cheia,25.00
4599,BRC0064L,Colher sopa cheia,25.00
4600,BRC0065L,Colher sopa cheia,30.00
4601,BRC0065L,Colher sopa rasa,16.00
4602,BRC0066L,Colher sopa cheia,30.00
4603,BRC0066L,Colher sopa rasa,16.00
4604,BRC0087G,Colher servir cheia,55.00
4605,BRC0087G,Colher sobremesa cheia,25.00
4606,BRC0087G,Colher sopa cheia,35.00
4607,BRC0042L,Colher sopa cheia,25.00
4608,BRC0043L,Colher sopa cheia,25.00
4609,BRC0137G,Colher sopa cheia,30.00
4610,BRC0137G,Colher sopa rasa,15.00
4611,BRC0069L,Colher sopa rasa,15.00
4612,BRC0059L,Colher sopa rasa,15.00
4613,BRC0729B,Colher sopa cheia,30.00
4614,BRC0706B,Colher sopa cheia,25.00
4615,BRC0707B,Colher sopa cheia,25.00
4616,BRC0812B,Colher sopa cheia,25.00
4617,BRC0088L,Colher sopa cheia,25.00
4618,BRC0060L,Colher sopa cheia,35.00
4619,BRC0061L,Colher sopa cheia,35.00
4620,BRC0068L,Colher sopa cheia,30.00
4621,BRC0068L,Colher sopa rasa,16.00
4622,BRC0067L,Colher sopa cheia,30.00
4623,BRC0067L,Colher sopa rasa,16.00
4624,BRC0031L,Colher sopa cheia,20.00
4625,BRC0091L,Colher sopa cheia,20.00
4626,BRC0032L,Colher sopa cheia,20.00
4627,BRC0090L,Colher servir cheia,20.00
4628,BRC0070L,Colher sopa cheia,25.00
4629,BRC0033L,Colher sopa cheia,25.00
4630,BRC0172B,Colher servir cheia,50.00
4631,BRC0172B,Colher servir rasa,35.00
4632,BRC0172B,Colher sopa cheia,25.00
4633,BRC0172B,Colher sopa rasa,16.00
4634,BRC0171B,Colher servir cheia,50.00
4635,BRC0171B,Colher servir rasa,35.00
4636,BRC0171B,Colher sopa cheia,25.00
4637,BRC0171B,Colher sopa rasa,16.00
4638,BRC0041L,Colher sopa cheia,25.00
4639,BRC0036L,Colher sopa cheia,25.00
4640,BRC0389B,Colher sopa cheia,20.00
4641,BRC1192B,Colher sopa cheia,20.00
4642,BRC0246F,Concha cheia,58.00
4643,BRC0008L,Colher sopa rasa,15.00
4644,BRC0009L,Colher sopa rasa,14.00
4645,BRC0062L,Colher sobremesa cheia,25.00
4646,BRC0062L,Colher sopa cheia,35.00
4647,BRC0063L,Colher sobremesa cheia,25.00
4648,BRC0063L,Colher sopa cheia,35.00
4649,BRC0010L,Colher sopa rasa,15.00
4650,BRC0039L,Colher sopa cheia,25.00
4651,BRC0040L,Colher sopa cheia,25.00
4652,BRC0037L,Colher sopa rasa,13.00
4653,BRC0011L,Colher sopa rasa,14.00
4654,BRC0012L,Colher sopa rasa,13.00
4655,BRC0020N,Colher sopa rasa,13.00
4656,BRC0089L,Colher sopa cheia,25.00
4657,BRC0013L,Colher sopa rasa,13.00
4658,BRC0021N,Colher sopa rasa,13.00
4659,BRC0057L,Colher sopa cheia,25.00
4660,BRC0058L,Colher sopa cheia,25.00
4661,BRC0014L,Colher sopa rasa,6.00
4662,BRC0038L,Colher sopa rasa,13.00
4663,BRC0015L,Colher sopa rasa,13.00
4664,BRC0191T,Colher sopa rasa,15.00
4665,BRC0030N,Colher sopa rasa,15.00
4666,BRC0189T,Colher sopa rasa,15.00
4667,BRC0190T,Colher sopa rasa,15.00
4668,BRC0016L,Colher sopa rasa,15.00
4669,BRC0359E,Pedaço/ Unidade/ Fatia (M),80.00
4670,BRC0227E,Colher sopa cheia,45.00
4671,BRC0358E,Pedaço/ Unidade/ Fatia (M),110.00
4672,BRC0009E,Porção média,60.00
4673,BRC0012E,Pedaço/ Unidade/ Fatia (M),100.00
4674,BRC0366E,Pedaço/ Unidade/ Fatia (M),110.00
4675,BRC0011E,Colher servir cheia,40.00
4676,BRC0356E,Pedaço/ Unidade/ Fatia (M),110.00
4677,BRC0010E,Pedaço/ Unidade/ Fatia (M),80.00
4678,BRC0392E,Porção média,100.00
4679,BRC0013E,Colher servir cheia,40.00
4680,BRC0014E,Pedaço/ Unidade/ Fatia (M),100.00
4681,BRC0015E,Colher servir cheia,40.00
4682,BRC0016E,Pedaço/ Unidade/ Fatia (M),100.00
4683,BRC0357E,Pedaço/ Unidade/ Fatia (M),110.00
4684,BRC0017E,Pedaço/ Unidade/ Fatia (M),25.00
4685,BRC0018E,Pedaço/ Unidade/ Fatia (M),40.00
4686,BRC0226E,Colher sopa cheia,30.00
4687,BRC0360E,Pedaço/ Unidade/ Fatia (M),110.00
4688,BRC0225E,Colher sopa cheia,20.00
4689,BRC0282E,Pedaço/ Unidade/ Fatia (M),110.00
4690,BRC0253E,Colher servir cheia,60.00
4691,BRC0253E,Colher servir rasa,45.00
4692,BRC0254E,Colher servir cheia,60.00
4693,BRC0254E,Colher servir rasa,45.00
4694,BRC0255E,Colher servir cheia,60.00
4695,BRC0255E,Colher servir rasa,45.00
4696,BRC0256E,Colher servir cheia,60.00
4697,BRC0256E,Colher servir rasa,45.00
4698,BRC0257E,Colher servir cheia,60.00
4699,BRC0257E,Colher servir rasa,45.00
4700,BRC0258E,Colher servir cheia,60.00
4701,BRC0258E,Colher servir rasa,45.00
4702,BRC0121E,Colher servir cheia,60.00
4703,BRC0121E,Colher servir rasa,45.00
4704,BRC0120E,Colher servir cheia,60.00
4705,BRC0120E,Colher servir rasa,45.00
4706,BRC0029C,Pedaço/ Unidade/ Fatia (M),120.00
4707,BRC0193F,Pedaço/ Unidade/ Fatia (M),20.00
4708,BRC0065N,Fatia média,30.00
4709,BRC0244B,Colher sopa cheia,25.00
4710,BRC0243B,Colher sopa cheia,25.00
4711,BRC0242B,Colher sopa cheia,25.00
4712,BRC0241B,Colher sopa cheia,25.00
4713,BRC0076B,Xícara chá,30.00
4714,BRC0256B,Colher sopa cheia,25.00
4715,BRC0255B,Colher sopa cheia,25.00
4716,BRC0029L,Colher sobremesa cheia,15.00
4717,BRC0029L,Colher sobremesa rasa,9.00
4718,BRC0029L,Colher sopa cheia,20.00
4719,BRC0029L,Colher sopa rasa,11.00
4720,BRC0093G,Colher servir rasa,50.00
4721,BRC0094G,Colher servir rasa,50.00
4722,BRC0092G,Colher servir rasa,50.00
4723,BRC0241T,Colher sopa cheia,30.00
4724,BRC0242T,Colher sopa cheia,30.00
4725,BRC0041R,Colher sopa rasa,15.00
4726,BRC0063K,Colher sopa cheia,30.00
4727,BRC0042R,Colher sopa rasa,15.00
4728,BRC0064K,Colher sopa cheia,30.00
4729,BRC0043R,Colher sopa rasa,15.00
4730,BRC0065K,Colher sopa cheia,30.00
4731,BRC0062K,Colher sopa cheia,30.00
4732,BRC0149K,Colher sopa cheia,30.00
4733,BRC1047A,Unidade média,50.00
4734,BRC0336E,Colher servir cheia,60.00
4735,BRC0336E,Colher servir cheia,45.00
4736,BRC0337E,Colher servir cheia,45.00
4737,BRC0337E,Colher servir cheia,60.00
4738,BRC0248C,Porção média,50.00
4739,BRC0814B,Porção média,100.00
4740,BRC0813B,Porção média,100.00
4741,BRC0810B,Porção média,100.00
4742,BRC0811B,Porção média,100.00
4743,BRC0077B,Colher sopa cheia,20.00
4744,BRC0077B,Pedaço/ Unidade/ Fatia (M),50.00
4745,BRC0329B,Colher servir cheia,40.00
4746,BRC0329B,Colher servir rasa,25.00
4747,BRC0328B,Colher servir cheia,40.00
4748,BRC0328B,Colher servir rasa,25.00
4749,BRC0331B,Colher servir cheia,40.00
4750,BRC0331B,Colher servir rasa,25.00
4751,BRC0330B,Colher servir cheia,40.00
4752,BRC0330B,Colher servir rasa,25.00
4753,BRC0002M,Porção média,100.00
4754,BRC0067C,Pedaço/ Unidade/ Fatia (M),90.00
4755,BRC0920B,Escumadeira rasa,60.00
4756,BRC0111B,Colher servir cheia,70.00
4757,BRC0111B,Colher servir rasa,30.00
4758,BRC0111B,Colher sopa rasa,20.00
4759,BRC0111B,Escumadeira cheia,100.00
4760,BRC0111B,Escumadeira rasa,60.00
4761,BRC0464B,Escumadeira rasa,60.00
4762,BRC1026B,Escumadeira rasa,60.00
4763,BRC1027B,Escumadeira rasa,60.00
4764,BRC0713B,Pedaço/ Unidade/ Fatia (M),10.00
4765,BRC0823B,Colher café cheia,4.00
4766,BRC0823B,Colher café rasa,1.00
4767,BRC0009U,Pedaço/ Unidade/ Fatia (M),30.00
4768,BRC0022U,Porção média,30.00
4769,BRC0019D,Colher café rasa,1.00
4770,BRC0019D,Colher chá rasa,2.00
4771,BRC0019D,Colher sobremesa rasa,5.00
4772,BRC0019D,Colher sopa rasa,8.00
4773,BRC0020D,Colher café rasa,1.00
4774,BRC0020D,Colher chá rasa,2.00
4775,BRC0020D,Colher sobremesa rasa,5.00
4776,BRC0020D,Colher sopa rasa,8.00
4777,BRC0021D,Colher café rasa,1.00
4778,BRC0021D,Colher chá rasa,2.00
4779,BRC0021D,Colher sobremesa rasa,5.00
4780,BRC0021D,Colher sopa rasa,8.00
4781,BRC0022D,Colher café rasa,1.00
4782,BRC0022D,Colher chá rasa,2.00
4783,BRC0022D,Colher sobremesa rasa,5.00
4784,BRC0022D,Colher sopa rasa,8.00
4785,BRC0023D,Colher café rasa,1.00
4786,BRC0023D,Colher chá rasa,2.00
4787,BRC0023D,Colher sobremesa rasa,5.00
4788,BRC0023D,Colher sopa rasa,8.00
4789,BRC0026D,Colher café rasa,1.00
4790,BRC0026D,Colher chá rasa,2.00
4791,BRC0026D,Colher sobremesa rasa,5.00
4792,BRC0026D,Colher sopa rasa,8.00
4793,BRC0050D,Colher sobremesa rasa,8.00
4794,BRC0024D,Colher café rasa,1.00
4795,BRC0024D,Colher chá rasa,2.00
4796,BRC0024D,Colher sobremesa rasa,5.00
4797,BRC0024D,Colher sopa rasa,8.00
4798,BRC0040D,Colher sobremesa rasa,8.00
4799,BRC0045D,Colher sobremesa rasa,8.00
4800,BRC0029D,Colher sopa rasa,8.00
4801,BRC0038D,Colher sobremesa rasa,8.00
4802,BRC0025D,Colher café rasa,1.00
4803,BRC0025D,Colher chá rasa,2.00
4804,BRC0025D,Colher sobremesa rasa,5.00
4805,BRC0025D,Colher sopa rasa,8.00
4806,BRC0054D,Colher café rasa,1.00
4807,BRC0054D,Colher chá rasa,2.00
4808,BRC0054D,Colher sobremesa rasa,5.00
4809,BRC0054D,Colher sopa rasa,8.00
4810,BRC0051D,Colher sobremesa rasa,8.00
4811,BRC0027D,Colher café rasa,1.00
4812,BRC0027D,Colher chá rasa,2.00
4813,BRC0027D,Colher sobremesa rasa,5.00
4814,BRC0027D,Colher sopa rasa,8.00
4815,BRC0041D,Colher sobremesa rasa,8.00
4816,BRC0046D,Colher sobremesa rasa,8.00
4817,BRC0055D,Colher café rasa,1.00
4818,BRC0055D,Colher chá rasa,2.00
4819,BRC0055D,Colher sobremesa rasa,5.00
4820,BRC0055D,Colher sopa rasa,8.00
4821,BRC0052D,Colher sobremesa rasa,8.00
4822,BRC0028D,Colher café rasa,1.00
4823,BRC0028D,Colher chá rasa,2.00
4824,BRC0028D,Colher sobremesa rasa,5.00
4825,BRC0028D,Colher sopa rasa,8.00
4826,BRC0042D,Colher sobremesa rasa,8.00
4827,BRC0047D,Colher sobremesa rasa,8.00
4828,BRC0053D,Colher sobremesa rasa,8.00
4829,BRC0030D,Colher café rasa,1.00
4830,BRC0030D,Colher chá rasa,2.00
4831,BRC0030D,Colher sobremesa rasa,5.00
4832,BRC0030D,Colher sopa rasa,8.00
4833,BRC0043D,Colher sobremesa rasa,8.00
4834,BRC0048D,Colher sobremesa rasa,8.00
4835,BRC0253T,Porção média,100.00
4836,BRC0056J,Porção média,100.00
4837,BRC0057J,Porção média,100.00
4838,BRC0058J,Porção média,100.00
4839,BRC0059J,Porção média,100.00
4840,BRC0031J,Pedaço/ Unidade/ Fatia (M),100.00
4841,BRC0030J,Porção média,100.00
4842,BRC0026J,Pedaço/ Unidade/ Fatia (M),100.00
4843,BRC0025J,Pedaço/ Unidade/ Fatia (M),100.00
4844,BRC0040J,Porção média,100.00
4845,BRC0054J,Porção média,100.00
4846,BRC0055J,Porção média,100.00
4847,BRC0036J,Porção média,100.00
4848,BRC0034J,Porção média,100.00
4849,BRC0032J,Porção média,100.00
4850,BRC0033J,Porção média,100.00
4851,BRC0035J,Porção média,100.00
4852,BRC0037J,Porção média,100.00
4853,BRC0038J,Porção média,100.00
4854,BRC1047B,Colher sopa cheia,14.00
4855,BRC1047B,Colher sopa rasa,8.00
4856,BRC1045B,Xícara chá,30.00
4857,BRC1046B,Colher sopa cheia,14.00
4858,BRC1046B,Colher sopa rasa,8.00
4859,BRC0779B,Colher café cheia,4.00
4860,BRC0779B,Colher café rasa,1.00
4861,BRC0105T,Colher servir cheia,60.00
4862,BRC0116T,Colher servir cheia,60.00
4863,BRC0104T,Colher servir rasa,60.00
4864,BRC0113T,Colher servir cheia,60.00
4865,BRC0949F,Pedaço/ Unidade/ Fatia (M),110.00
4866,BRC0948F,Pedaço/ Unidade/ Fatia (M),110.00
4867,BRC0950F,Pedaço/ Unidade/ Fatia (M),110.00
4868,BRC0951F,Pedaço/ Unidade/ Fatia (M),110.00
4869,BRC0361E,Colher café cheia,10.00
4870,BRC0001J,Pedaço/ Unidade/ Fatia (M),7.00
4871,BRC0002J,Pedaço/ Unidade/ Fatia (M),3.00
4872,BRC0060J,Porção média,50.00
4873,BRC0052J,Porção média,50.00
4874,BRC0003J,Pedaço/ Unidade/ Fatia (M),10.00
4875,BRC0012J,Pedaço/ Unidade/ Fatia (M),50.00
4876,BRC0004J,Porção média,60.00
4877,BRC0021J,Pedaço/ Unidade/ Fatia (M),30.00
4878,BRC0021J,Porção média,60.00
4879,BRC0005J,Pedaço/ Unidade/ Fatia (M),30.00
4880,BRC0006J,Colher sopa rasa,14.00
4881,BRC0006J,Pedaço/ Unidade/ Fatia (M),60.00
4882,BRC0007J,Pedaço/ Unidade/ Fatia (M),15.00
4883,BRC0007J,Porção média,45.00
4884,BRC0022J,Pedaço/ Unidade/ Fatia (M),15.00
4885,BRC0022J,Porção média,45.00
4886,BRC0008J,Unidade média,15.00
4887,BRC0009J,Colher sopa rasa,14.00
4888,BRC0014J,Colher sopa rasa,14.00
4889,BRC0023J,Pedaço/ Unidade/ Fatia (M),50.00
4890,BRC0023J,Porção média,50.00
4891,BRC0010J,Pedaço/ Unidade/ Fatia (M),50.00
4892,BRC0011J,Pedaço/ Unidade/ Fatia (M),50.00
4893,BRC0028J,Pedaço/ Unidade/ Fatia (M),50.00
4894,BRC0015J,Pedaço/ Unidade/ Fatia (M),50.00
4895,BRC0066J,Porção média,100.00
4896,BRC0027J,Porção média,100.00
4897,BRC0067J,Porção média,100.00
4898,BRC0062J,Porção média,100.00
4899,BRC0061J,Porção média,100.00
4900,BRC0064J,Porção média,100.00
4901,BRC0063J,Porção média,100.00
4902,BRC0065J,Porção média,100.00
4903,BRC0016J,Pedaço/ Unidade/ Fatia (M),50.00
4904,BRC0017J,Pedaço/ Unidade/ Fatia (M),50.00
4905,BRC0013J,Pedaço/ Unidade/ Fatia (M),50.00
4906,BRC0018J,Pedaço/ Unidade/ Fatia (M),40.00
4907,BRC0019J,Pedaço/ Unidade/ Fatia (M),20.00
4908,BRC0020J,Unidade média,70.00
4909,BRC0044J,Porção média,100.00
4910,BRC0048J,Porção média,100.00
4911,BRC0045J,Porção média,100.00
4912,BRC0049J,Porção média,100.00
4913,BRC0046J,Porção média,100.00
4914,BRC0050J,Porção média,100.00
4915,BRC0047J,Porção média,100.00
4916,BRC0051J,Porção média,100.00
4917,BRC0531F,Porção média,110.00
4918,BRC0844F,Pedaço/ Unidade/ Fatia (M),110.00
4919,BRC0081K,Pedaço/ Unidade/ Fatia (M),30.00
4920,BRC0262E,Colher servir cheia,70.00
4921,BRC0262E,Colher servir rasa,55.00
4922,BRC0263E,Colher servir cheia,70.00
4923,BRC0263E,Colher servir rasa,55.00
4924,BRC0264E,Colher servir cheia,70.00
4925,BRC0264E,Colher servir rasa,55.00
4926,BRC0265E,Colher servir cheia,70.00
4927,BRC0265E,Colher servir rasa,55.00
4928,BRC0078B,Colher sopa cheia,15.00
4929,BRC0996B,Colher sopa cheia,15.00
4930,BRC0995B,Colher sopa cheia,15.00
4931,BRC1051A,Pedaço/ Unidade/ Fatia (M),100.00
4932,BRC1050A,Pedaço/ Unidade/ Fatia (M),100.00
4933,BRC0142A,Pedaço/ Unidade/ Fatia (M),100.00
4934,BRC0971F,Porção média,120.00
4935,BRC0972F,Pedaço/ Unidade/ Fatia (M),150.00
4936,BRC0924A,Pedaço/ Unidade/ Fatia (M),100.00
4937,BRC0923A,Pedaço/ Unidade/ Fatia (M),100.00
4938,BRC0661A,Pedaço/ Unidade/ Fatia (M),100.00
4939,BRC0772A,Pedaço/ Unidade/ Fatia (M),80.00
4940,BRC0324A,Porção média,140.00
4941,BRC0586A,Porção média,80.00
4942,BRC0587A,Porção média,80.00
4943,BRC0584A,Pedaço/ Unidade/ Fatia (M),80.00
4944,BRC0585A,Porção média,80.00
4945,BRC0583A,Porção média,80.00
4946,BRC0814A,Prato fundo,80.00
4947,BRC0582A,Porção média,80.00
4948,BRC0588A,Porção média,80.00
4949,BRC0589A,Porção média,80.00
4950,BRC0872A,Pedaço/ Unidade/ Fatia (M),80.00
4951,BRC0830A,Pedaço/ Unidade/ Fatia (M),50.00
4952,BRC0915A,Pedaço/ Unidade/ Fatia (M),40.00
4953,BRC0084N,Pedaço/ Unidade/ Fatia (M),40.00
4954,BRC0917A,Pedaço/ Unidade/ Fatia (M),40.00
4955,BRC0916A,Pedaço/ Unidade/ Fatia (M),40.00
4956,BRC0044R,Colher sopa rasa,13.00
4957,BRC0045R,Colher sopa rasa,16.00
4958,BRC0080R,Colher sopa rasa,13.00
4959,BRC0081R,Colher sopa rasa,13.00
4960,BRC0002A,Pedaço/ Unidade/ Fatia (M),50.00
4961,BRC0470A,Pedaço/ Unidade/ Fatia (M),65.00
4962,BRC0469A,Pedaço/ Unidade/ Fatia (M),65.00
4963,BRC0970A,Pedaço/ Unidade/ Fatia (M),50.00
4964,BRC1062A,Pedaço/ Unidade/ Fatia (M),25.00
4965,BRC0927A,Pedaço/ Unidade/ Fatia (M),50.00
4966,BRC0925A,Pedaço/ Unidade/ Fatia (M),50.00
4967,BRC0928A,Pedaço/ Unidade/ Fatia (M),50.00
4968,BRC0926A,Pedaço/ Unidade/ Fatia (M),50.00
4969,BRC0975A,Pedaço/ Unidade/ Fatia (M),50.00
4970,BRC0196A,Unidade média,50.00
4971,BRC0828A,Unidade média,80.00
4972,BRC0148A,Pedaço/ Unidade/ Fatia (M),20.00
4973,BRC0978A,Pedaço/ Unidade/ Fatia (M),50.00
4974,BRC1049A,Porção média,50.00
4975,BRC0151A,Pedaço/ Unidade/ Fatia (M),25.00
4976,BRC0086N,Pedaço/ Unidade/ Fatia (M),25.00
4977,BRC0004A,Pedaço/ Unidade/ Fatia (M),25.00
4978,BRC0150A,Pedaço/ Unidade/ Fatia (M),25.00
4979,BRC0145A,Pedaço/ Unidade/ Fatia (M),25.00
4980,BRC0158A,Pedaço/ Unidade/ Fatia (M),70.00
4981,BRC0159A,Pedaço/ Unidade/ Fatia (M),60.00
4982,BRC0160A,Pedaço/ Unidade/ Fatia (M),50.00
4983,BRC1074A,Pedaço/ Unidade/ Fatia (M),25.00
4984,BRC0977A,Pedaço/ Unidade/ Fatia (M),190.00
4985,BRC0147A,Pedaço/ Unidade/ Fatia (M),40.00
4986,BRC0123B,Pedaço/ Unidade/ Fatia (M),25.00
4987,BRC0094B,Pedaço/ Unidade/ Fatia (M),20.00
4988,BRC0124B,Pedaço/ Unidade/ Fatia (M),20.00
4989,BRC0874A,Unidade média,110.00
4990,BRC0003A,Pedaço/ Unidade/ Fatia (M),25.00
4991,BRC0154A,Pedaço/ Unidade/ Fatia (M),25.00
4992,BRC0155A,Pedaço/ Unidade/ Fatia (M),25.00
4993,BRC0153A,Pedaço/ Unidade/ Fatia (M),25.00
4994,BRC0733A,Fatia média,80.00
4995,BRC0146A,Pedaço/ Unidade/ Fatia (M),25.00
4996,BRC1220A,Unidade média,60.00
4997,BRC1048A,Unidade média,60.00
4998,BRC0575A,Unidade média,60.00
4999,BRC0032N,Pedaço/ Unidade/ Fatia (M),25.00
5000,BRC0193A,Pedaço/ Unidade/ Fatia (M),40.00
5001,BRC0080N,Pedaço/ Unidade/ Fatia (M),50.00
5002,BRC0033N,Pedaço/ Unidade/ Fatia (M),25.00
5003,BRC0149A,Pedaço/ Unidade/ Fatia (M),25.00
5004,BRC1089A,Pedaço/ Unidade/ Fatia (M),25.00
5005,BRC1088A,Pedaço/ Unidade/ Fatia (M),25.00
5006,BRC0157A,Pedaço/ Unidade/ Fatia (M),25.00
5007,BRC0428N,Colher servir cheia,55.00
5008,BRC0708N,Colher servir cheia,50.00
5009,BRC0671N,Colher servir cheia,55.00
5010,BRC0673N,Colher servir cheia,55.00
5011,BRC0672N,Colher servir cheia,55.00
5012,BRC0174N,Colher servir cheia,55.00
5013,BRC0175N,Colher servir cheia,55.00
5014,BRC0170N,Colher servir cheia,55.00
5015,BRC0173N,Colher servir cheia,55.00
5016,BRC0171N,Colher servir cheia,55.00
5017,BRC0172N,Colher servir cheia,55.00
5018,BRC0368N,Colher servir cheia,55.00
5019,BRC0371N,Colher servir cheia,55.00
5020,BRC0369N,Colher servir cheia,55.00
5021,BRC0370N,Colher servir cheia,55.00
5022,BRC0372N,Colher servir cheia,55.00
5023,BRC0373N,Colher servir cheia,55.00
5024,BRC0362N,Colher servir cheia,55.00
5025,BRC0365N,Colher servir cheia,55.00
5026,BRC0363N,Colher servir cheia,55.00
5027,BRC0364N,Colher servir cheia,55.00
5028,BRC0366N,Colher servir cheia,55.00
5029,BRC0367N,Colher servir cheia,55.00
5030,BRC0316N,Colher servir cheia,55.00
5031,BRC0313N,Colher servir cheia,55.00
5032,BRC0141N,Colher servir cheia,55.00
5033,BRC0317N,Colher servir cheia,55.00
5034,BRC0314N,Colher servir cheia,55.00
5035,BRC0429N,Colher servir cheia,55.00
5036,BRC0043N,Colher servir cheia,55.00
5037,BRC0417N,Colher servir cheia,55.00
5038,BRC0416N,Colher servir cheia,55.00
5039,BRC0412N,Colher servir cheia,55.00
5040,BRC0413N,Colher servir cheia,55.00
5041,BRC0414N,Colher servir cheia,55.00
5042,BRC0415N,Colher servir cheia,55.00
5043,BRC0411N,Colher servir cheia,55.00
5044,BRC0410N,Colher servir cheia,55.00
5045,BRC0406N,Colher servir cheia,55.00
5046,BRC0407N,Colher servir cheia,55.00
5047,BRC0408N,Colher servir cheia,55.00
5048,BRC0409N,Colher servir cheia,55.00
5049,BRC0404N,Colher servir cheia,55.00
5050,BRC0405N,Colher servir cheia,55.00
5051,BRC0400N,Colher servir cheia,55.00
5052,BRC0401N,Colher servir cheia,55.00
5053,BRC0402N,Colher servir cheia,55.00
5054,BRC0403N,Colher servir cheia,55.00
5055,BRC0129N,Colher servir cheia,55.00
5056,BRC0128N,Colher servir cheia,55.00
5057,BRC0126N,Colher servir cheia,55.00
5058,BRC0127N,Colher servir cheia,55.00
5059,BRC0124N,Colher servir cheia,55.00
5060,BRC0125N,Colher servir cheia,55.00
5061,BRC0338N,Colher servir cheia,55.00
5062,BRC0339N,Colher servir cheia,55.00
5063,BRC0336N,Colher servir cheia,55.00
5064,BRC0337N,Colher servir cheia,55.00
5065,BRC0340N,Colher servir cheia,55.00
5066,BRC0341N,Colher servir cheia,55.00
5067,BRC0552N,Colher servir cheia,55.00
5068,BRC0553N,Colher servir cheia,55.00
5069,BRC0550N,Colher servir cheia,55.00
5070,BRC0551N,Colher servir cheia,55.00
5071,BRC0554N,Colher servir cheia,55.00
5072,BRC0555N,Colher servir cheia,55.00
5073,BRC0299N,Colher servir cheia,55.00
5074,BRC0300N,Colher servir cheia,55.00
5075,BRC0143N,Colher servir cheia,55.00
5076,BRC0298N,Colher servir cheia,55.00
5077,BRC0301N,Colher servir cheia,55.00
5078,BRC0302N,Colher servir cheia,55.00
5079,BRC0332N,Colher servir cheia,55.00
5080,BRC0333N,Colher servir cheia,55.00
5081,BRC0330N,Colher servir cheia,55.00
5082,BRC0331N,Colher servir cheia,55.00
5083,BRC0334N,Colher servir cheia,55.00
5084,BRC0335N,Colher servir cheia,55.00
5085,BRC0546N,Colher servir cheia,55.00
5086,BRC0547N,Colher servir cheia,55.00
5087,BRC0544N,Colher servir cheia,55.00
5088,BRC0545N,Colher servir cheia,55.00
5089,BRC0548N,Colher servir cheia,55.00
5090,BRC0549N,Colher servir cheia,55.00
5091,BRC0295N,Colher servir cheia,55.00
5092,BRC0142N,Colher servir cheia,55.00
5093,BRC0293N,Colher servir cheia,55.00
5094,BRC0296N,Colher servir cheia,55.00
5095,BRC0297N,Colher servir cheia,55.00
5096,BRC0294N,Colher servir cheia,55.00
5097,BRC0430N,Colher servir cheia,55.00
5098,BRC0433N,Colher servir cheia,55.00
5099,BRC0431N,Colher servir cheia,55.00
5100,BRC0432N,Colher servir cheia,55.00
5101,BRC0434N,Colher servir cheia,55.00
5102,BRC0435N,Colher servir cheia,55.00
5103,BRC0188N,Colher servir cheia,55.00
5104,BRC0191N,Colher servir cheia,55.00
5105,BRC0189N,Colher servir cheia,55.00
5106,BRC0190N,Colher servir cheia,55.00
5107,BRC0192N,Colher servir cheia,55.00
5108,BRC0193N,Colher servir cheia,55.00
5109,BRC0448N,Colher servir cheia,55.00
5110,BRC0451N,Colher servir cheia,55.00
5111,BRC0449N,Colher servir cheia,55.00
5112,BRC0450N,Colher servir cheia,55.00
5113,BRC0452N,Colher servir cheia,55.00
5114,BRC0453N,Colher servir cheia,55.00
5115,BRC0218N,Colher servir cheia,55.00
5116,BRC0221N,Colher servir cheia,55.00
5117,BRC0219N,Colher servir cheia,55.00
5118,BRC0220N,Colher servir cheia,55.00
5119,BRC0222N,Colher servir cheia,55.00
5120,BRC0223N,Colher servir cheia,55.00
5121,BRC0611N,Colher servir cheia,55.00
5122,BRC0614N,Colher servir cheia,55.00
5123,BRC0612N,Colher servir cheia,55.00
5124,BRC0613N,Colher servir cheia,55.00
5125,BRC0615N,Colher servir cheia,55.00
5126,BRC0616N,Colher servir cheia,55.00
5127,BRC0345N,Colher servir cheia,55.00
5128,BRC0346N,Colher servir cheia,55.00
5129,BRC0343N,Colher servir cheia,55.00
5130,BRC0347N,Colher servir cheia,55.00
5131,BRC0348N,Colher servir cheia,55.00
5132,BRC0349N,Colher servir cheia,55.00
5133,BRC0502N,Colher servir cheia,55.00
5134,BRC0513N,Colher servir cheia,55.00
5135,BRC0509N,Colher servir cheia,55.00
5136,BRC0510N,Colher servir cheia,55.00
5137,BRC0511N,Colher servir cheia,55.00
5138,BRC0512N,Colher servir cheia,55.00
5139,BRC0454N,Colher servir cheia,55.00
5140,BRC0457N,Colher servir cheia,55.00
5141,BRC0455N,Colher servir cheia,55.00
5142,BRC0456N,Colher servir cheia,55.00
5143,BRC0458N,Colher servir cheia,55.00
5144,BRC0459N,Colher servir cheia,55.00
5145,BRC0224N,Colher servir cheia,55.00
5146,BRC0227N,Colher servir cheia,55.00
5147,BRC0225N,Colher servir cheia,55.00
5148,BRC0226N,Colher servir cheia,55.00
5149,BRC0228N,Colher servir cheia,55.00
5150,BRC0229N,Colher servir cheia,55.00
5151,BRC0442N,Colher servir cheia,55.00
5152,BRC0445N,Colher servir cheia,55.00
5153,BRC0443N,Colher servir cheia,55.00
5154,BRC0444N,Colher servir cheia,55.00
5155,BRC0446N,Colher servir cheia,55.00
5156,BRC0447N,Colher servir cheia,55.00
5157,BRC0212N,Colher servir cheia,55.00
5158,BRC0215N,Colher servir cheia,55.00
5159,BRC0214N,Colher servir cheia,55.00
5160,BRC0216N,Colher servir cheia,55.00
5161,BRC0217N,Colher servir cheia,55.00
5162,BRC0213N,Colher servir cheia,55.00
5163,BRC0389N,Colher servir cheia,55.00
5164,BRC0391N,Colher servir cheia,55.00
5165,BRC0315N,Colher servir cheia,55.00
5166,BRC0390N,Colher servir cheia,55.00
5167,BRC0392N,Colher servir cheia,55.00
5168,BRC0393N,Colher servir cheia,55.00
5169,BRC0103N,Colher servir cheia,55.00
5170,BRC0102N,Colher servir cheia,55.00
5171,BRC0104N,Colher servir cheia,55.00
5172,BRC0106N,Colher servir cheia,55.00
5173,BRC0107N,Colher servir cheia,55.00
5174,BRC0660N,Colher servir cheia,55.00
5175,BRC0662N,Colher servir cheia,55.00
5176,BRC0659N,Colher servir cheia,55.00
5177,BRC0661N,Colher servir cheia,55.00
5178,BRC0663N,Colher servir cheia,55.00
5179,BRC0664N,Colher servir cheia,55.00
5180,BRC0666N,Colher servir cheia,55.00
5181,BRC0668N,Colher servir cheia,55.00
5182,BRC0665N,Colher servir cheia,55.00
5183,BRC0667N,Colher servir cheia,55.00
5184,BRC0669N,Colher servir cheia,55.00
5185,BRC0670N,Colher servir cheia,55.00
5186,BRC0436N,Colher servir cheia,55.00
5187,BRC0439N,Colher servir cheia,55.00
5188,BRC0437N,Colher servir cheia,55.00
5189,BRC0438N,Colher servir cheia,55.00
5190,BRC0440N,Colher servir cheia,55.00
5191,BRC0441N,Colher servir cheia,55.00
5192,BRC0194N,Colher servir cheia,55.00
5193,BRC0197N,Colher servir cheia,55.00
5194,BRC0195N,Colher servir cheia,55.00
5195,BRC0196N,Colher servir cheia,55.00
5196,BRC0198N,Colher servir cheia,55.00
5197,BRC0199N,Colher servir cheia,55.00
5198,BRC0514N,Colher servir cheia,55.00
5199,BRC0517N,Colher servir cheia,55.00
5200,BRC0515N,Colher servir cheia,55.00
5201,BRC0516N,Colher servir cheia,55.00
5202,BRC0518N,Colher servir cheia,55.00
5203,BRC0519N,Colher servir cheia,55.00
5204,BRC0472N,Colher servir cheia,55.00
5205,BRC0475N,Colher servir cheia,55.00
5206,BRC0473N,Colher servir cheia,55.00
5207,BRC0474N,Colher servir cheia,55.00
5208,BRC0476N,Colher servir cheia,55.00
5209,BRC0477N,Colher servir cheia,55.00
5210,BRC0532N,Colher servir cheia,55.00
5211,BRC0535N,Colher servir cheia,55.00
5212,BRC0533N,Colher sopa cheia,55.00
5213,BRC0534N,Colher servir cheia,55.00
5214,BRC0536N,Colher servir cheia,55.00
5215,BRC0537N,Colher servir cheia,55.00
5216,BRC0490N,Colher servir cheia,55.00
5217,BRC0493N,Colher servir cheia,55.00
5218,BRC0491N,Colher servir cheia,55.00
5219,BRC0492N,Colher servir cheia,55.00
5220,BRC0494N,Colher servir cheia,55.00
5221,BRC0495N,Colher servir cheia,55.00
5222,BRC0623N,Colher servir cheia,55.00
5223,BRC0626N,Colher servir cheia,55.00
5224,BRC0624N,Colher servir cheia,55.00
5225,BRC0625N,Colher servir cheia,55.00
5226,BRC0627N,Colher servir cheia,55.00
5227,BRC0628N,Colher servir cheia,55.00
5228,BRC0617N,Colher servir cheia,55.00
5229,BRC0620N,Colher servir cheia,55.00
5230,BRC0618N,Colher servir cheia,55.00
5231,BRC0619N,Colher servir cheia,55.00
5232,BRC0621N,Colher servir cheia,55.00
5233,BRC0622N,Colher servir cheia,55.00
5234,BRC0538N,Colher servir cheia,55.00
5235,BRC0541N,Colher servir cheia,55.00
5236,BRC0539N,Colher servir cheia,55.00
5237,BRC0540N,Colher servir cheia,55.00
5238,BRC0542N,Colher servir cheia,55.00
5239,BRC0543N,Colher servir cheia,55.00
5240,BRC0496N,Colher servir cheia,55.00
5241,BRC0499N,Colher servir cheia,55.00
5242,BRC0497N,Colher servir cheia,55.00
5243,BRC0498N,Colher servir cheia,55.00
5244,BRC0500N,Colher servir cheia,55.00
5245,BRC0501N,Colher servir cheia,55.00
5246,BRC0526N,Colher servir cheia,55.00
5247,BRC0529N,Colher servir cheia,55.00
5248,BRC0527N,Colher servir cheia,55.00
5249,BRC0528N,Colher servir cheia,55.00
5250,BRC0530N,Colher servir cheia,55.00
5251,BRC0531N,Colher servir cheia,55.00
5252,BRC0484N,Colher servir cheia,55.00
5253,BRC0487N,Colher servir cheia,55.00
5254,BRC0485N,Colher servir cheia,55.00
5255,BRC0486N,Colher servir cheia,55.00
5256,BRC0488N,Colher servir cheia,55.00
5257,BRC0489N,Colher servir cheia,55.00
5258,BRC0576N,Colher servir cheia,55.00
5259,BRC0577N,Colher servir cheia,55.00
5260,BRC0574N,Colher servir cheia,55.00
5261,BRC0575N,Colher servir cheia,55.00
5262,BRC0578N,Colher servir cheia,55.00
5263,BRC0579N,Colher servir cheia,55.00
5264,BRC0395N,Colher servir cheia,55.00
5265,BRC0397N,Colher servir cheia,55.00
5266,BRC0394N,Colher servir cheia,55.00
5267,BRC0396N,Colher servir cheia,55.00
5268,BRC0398N,Colher servir cheia,55.00
5269,BRC0399N,Colher servir cheia,55.00
5270,BRC0177N,Colher servir cheia,55.00
5271,BRC0179N,Colher servir cheia,55.00
5272,BRC0176N,Colher servir cheia,55.00
5273,BRC0178N,Colher servir cheia,55.00
5274,BRC0180N,Colher servir cheia,55.00
5275,BRC0181N,Colher servir cheia,55.00
5276,BRC0654N,Colher servir cheia,55.00
5277,BRC0656N,Colher servir cheia,55.00
5278,BRC0653N,Colher servir cheia,55.00
5279,BRC0655N,Colher servir cheia,55.00
5280,BRC0657N,Colher servir cheia,55.00
5281,BRC0658N,Colher servir cheia,55.00
5282,BRC0357N,Colher servir cheia,55.00
5283,BRC0359N,Colher servir cheia,55.00
5284,BRC0356N,Colher servir cheia,55.00
5285,BRC0358N,Colher servir cheia,55.00
5286,BRC0360N,Colher servir cheia,55.00
5287,BRC0361N,Colher servir cheia,55.00
5288,BRC0520N,Colher servir cheia,55.00
5289,BRC0523N,Colher servir cheia,55.00
5290,BRC0521N,Colher servir cheia,55.00
5291,BRC0522N,Colher servir cheia,55.00
5292,BRC0524N,Colher servir cheia,55.00
5293,BRC0525N,Colher servir cheia,55.00
5294,BRC0478N,Colher servir cheia,55.00
5295,BRC0481N,Colher servir cheia,55.00
5296,BRC0479N,Colher servir cheia,55.00
5297,BRC0480N,Colher servir cheia,55.00
5298,BRC0482N,Colher servir cheia,55.00
5299,BRC0483N,Colher servir cheia,55.00
5300,BRC0588N,Colher servir cheia,55.00
5301,BRC0589N,Colher servir cheia,55.00
5302,BRC0586N,Colher servir cheia,55.00
5303,BRC0587N,Colher servir cheia,55.00
5304,BRC0590N,Colher servir cheia,55.00
5305,BRC0591N,Colher servir cheia,55.00
5306,BRC0582N,Colher servir cheia,55.00
5307,BRC0583N,Colher servir cheia,55.00
5308,BRC0580N,Colher servir cheia,55.00
5309,BRC0581N,Colher servir cheia,55.00
5310,BRC0584N,Colher servir cheia,55.00
5311,BRC0585N,Colher servir cheia,55.00
5312,BRC0570N,Colher servir cheia,55.00
5313,BRC0571N,Colher servir cheia,55.00
5314,BRC0568N,Colher servir cheia,55.00
5315,BRC0569N,Colher servir cheia,55.00
5316,BRC0572N,Colher servir cheia,55.00
5317,BRC0573N,Colher servir cheia,55.00
5318,BRC0692N,Colher servir cheia,55.00
5319,BRC0695N,Colher servir cheia,55.00
5320,BRC0693N,Colher servir cheia,55.00
5321,BRC0694N,Colher servir cheia,55.00
5322,BRC0696N,Colher servir cheia,55.00
5323,BRC0697N,Colher servir cheia,55.00
5324,BRC0681N,Colher servir cheia,55.00
5325,BRC0683N,Colher servir cheia,55.00
5326,BRC0682N,Colher servir cheia,55.00
5327,BRC0684N,Colher servir cheia,55.00
5328,BRC0685N,Colher servir cheia,55.00
5329,BRC0631N,Colher servir cheia,55.00
5330,BRC0632N,Colher servir cheia,55.00
5331,BRC0629N,Colher servir cheia,55.00
5332,BRC0630N,Colher servir cheia,55.00
5333,BRC0633N,Colher servir cheia,55.00
5334,BRC0634N,Colher servir cheia,55.00
5335,BRC0326N,Colher servir cheia,55.00
5336,BRC0327N,Colher servir cheia,55.00
5337,BRC0324N,Colher servir rasa,55.00
5338,BRC0424N,Colher servir cheia,55.00
5339,BRC0328N,Colher servir cheia,55.00
5340,BRC0329N,Colher servir cheia,55.00
5341,BRC0309N,Colher servir cheia,55.00
5342,BRC0310N,Colher servir cheia,55.00
5343,BRC0145N,Colher servir cheia,55.00
5344,BRC0325N,Colher servir cheia,55.00
5345,BRC0308N,Colher servir cheia,55.00
5346,BRC0311N,Colher servir cheia,55.00
5347,BRC0312N,Colher servir cheia,55.00
5348,BRC0110N,Colher servir cheia,55.00
5349,BRC0111N,Colher servir cheia,55.00
5350,BRC0137N,Colher servir cheia,55.00
5351,BRC0132N,Colher servir cheia,55.00
5352,BRC0133N,Colher servir cheia,55.00
5353,BRC0136N,Colher servir cheia,55.00
5354,BRC0206N,Colher servir cheia,55.00
5355,BRC0209N,Colher servir cheia,55.00
5356,BRC0207N,Colher servir cheia,55.00
5357,BRC0208N,Colher servir cheia,55.00
5358,BRC0210N,Colher servir cheia,55.00
5359,BRC0211N,Colher servir cheia,55.00
5360,BRC0686N,Colher servir cheia,55.00
5361,BRC0689N,Colher servir cheia,55.00
5362,BRC0687N,Colher servir cheia,55.00
5363,BRC0688N,Colher servir cheia,55.00
5364,BRC0690N,Colher servir cheia,55.00
5365,BRC0691N,Colher servir cheia,55.00
5366,BRC0675N,Colher servir cheia,55.00
5367,BRC0678N,Colher servir cheia,55.00
5368,BRC0676N,Colher servir cheia,55.00
5369,BRC0677N,Colher servir cheia,55.00
5370,BRC0679N,Colher servir cheia,55.00
5371,BRC0680N,Colher servir cheia,55.00
5372,BRC0637N,Colher servir cheia,55.00
5373,BRC0638N,Colher servir cheia,55.00
5374,BRC0635N,Colher servir cheia,55.00
5375,BRC0636N,Colher servir cheia,55.00
5376,BRC0639N,Colher servir cheia,55.00
5377,BRC0640N,Colher servir cheia,55.00
5378,BRC0320N,Colher servir cheia,55.00
5379,BRC0321N,Colher servir cheia,55.00
5380,BRC0318N,Colher servir cheia,55.00
5381,BRC0319N,Colher servir cheia,55.00
5382,BRC0322N,Colher servir cheia,55.00
5383,BRC0323N,Colher servir cheia,55.00
5384,BRC0304N,Colher servir cheia,55.00
5385,BRC0305N,Colher servir cheia,55.00
5386,BRC0144N,Colher servir cheia,55.00
5387,BRC0303N,Colher servir cheia,55.00
5388,BRC0306N,Colher servir cheia,55.00
5389,BRC0307N,Colher servir cheia,55.00
5390,BRC0109N,Colher servir cheia,55.00
5391,BRC0131N,Colher servir cheia,55.00
5392,BRC0108N,Colher servir cheia,55.00
5393,BRC0130N,Colher servir cheia,55.00
5394,BRC0134N,Colher servir cheia,55.00
5395,BRC0135N,Colher servir cheia,55.00
5396,BRC0203N,Colher servir cheia,55.00
5397,BRC0201N,Colher servir cheia,55.00
5398,BRC0202N,Colher servir cheia,55.00
5399,BRC0200N,Colher servir cheia,55.00
5400,BRC0204N,Colher servir cheia,55.00
5401,BRC0205N,Colher servir cheia,55.00
5402,BRC0556N,Colher servir cheia,55.00
5403,BRC0559N,Colher servir cheia,55.00
5404,BRC0557N,Colher servir cheia,55.00
5405,BRC0558N,Colher servir cheia,55.00
5406,BRC0560N,Colher servir cheia,55.00
5407,BRC0561N,Colher servir cheia,55.00
5408,BRC0230N,Colher servir cheia,55.00
5409,BRC0233N,Colher servir cheia,55.00
5410,BRC0231N,Colher servir cheia,55.00
5411,BRC0232N,Colher servir cheia,55.00
5412,BRC0234N,Colher servir cheia,55.00
5413,BRC0235N,Colher servir cheia,55.00
5414,BRC0562N,Colher servir cheia,55.00
5415,BRC0565N,Colher servir cheia,55.00
5416,BRC0563N,Colher servir cheia,55.00
5417,BRC0564N,Colher servir cheia,55.00
5418,BRC0566N,Colher servir cheia,55.00
5419,BRC0567N,Colher servir cheia,55.00
5420,BRC0266N,Colher servir cheia,55.00
5421,BRC0269N,Colher servir cheia,55.00
5422,BRC0267N,Colher servir cheia,55.00
5423,BRC0268N,Colher servir cheia,55.00
5424,BRC0270N,Colher servir cheia,55.00
5425,BRC0271N,Colher servir cheia,55.00
5426,BRC0112N,Colher servir cheia,55.00
5427,BRC0115N,Colher servir cheia,55.00
5428,BRC0113N,Colher servir cheia,55.00
5429,BRC0114N,Colher servir cheia,55.00
5430,BRC0116N,Colher servir cheia,55.00
5431,BRC0117N,Colher servir cheia,55.00
5432,BRC0426N,Colher servir cheia,55.00
5433,BRC0290N,Colher servir cheia,55.00
5434,BRC0291N,Colher servir cheia,55.00
5435,BRC0342N,Colher servir cheia,55.00
5436,BRC0292N,Colher servir cheia,55.00
5437,BRC0388N,Colher servir cheia,55.00
5438,BRC0674N,Colher servir cheia,55.00
5439,BRC0374N,Colher servir cheia,55.00
5440,BRC0377N,Colher servir cheia,55.00
5441,BRC0375N,Colher servir cheia,55.00
5442,BRC0376N,Colher servir cheia,55.00
5443,BRC0378N,Colher servir cheia,55.00
5444,BRC0380N,Colher servir cheia,55.00
5445,BRC0425N,Colher servir cheia,55.00
5446,BRC0508N,Colher servir cheia,55.00
5447,BRC0242N,Colher servir cheia,55.00
5448,BRC0245N,Colher servir cheia,55.00
5449,BRC0243N,Colher servir cheia,55.00
5450,BRC0244N,Colher servir cheia,55.00
5451,BRC0246N,Colher servir cheia,55.00
5452,BRC0247N,Colher servir cheia,55.00
5453,BRC0248N,Colher servir cheia,55.00
5454,BRC0251N,Colher servir cheia,55.00
5455,BRC0249N,Colher servir cheia,55.00
5456,BRC0250N,Colher servir cheia,55.00
5457,BRC0252N,Colher servir cheia,55.00
5458,BRC0253N,Colher servir cheia,55.00
5459,BRC0254N,Colher servir cheia,55.00
5460,BRC0257N,Colher servir cheia,55.00
5461,BRC0255N,Colher servir cheia,55.00
5462,BRC0258N,Colher servir cheia,55.00
5463,BRC0259N,Colher servir cheia,55.00
5464,BRC0256N,Colher servir cheia,55.00
5465,BRC0263N,Colher servir cheia,55.00
5466,BRC0260N,Colher servir cheia,55.00
5467,BRC0261N,Colher servir cheia,55.00
5468,BRC0262N,Colher servir cheia,55.00
5469,BRC0264N,Colher servir cheia,55.00
5470,BRC0265N,Colher servir cheia,55.00
5471,BRC0236N,Colher servir cheia,55.00
5472,BRC0239N,Colher servir cheia,55.00
5473,BRC0237N,Colher servir cheia,55.00
5474,BRC0238N,Colher servir cheia,55.00
5475,BRC0240N,Colher servir cheia,55.00
5476,BRC0241N,Colher servir cheia,55.00
5477,BRC0350N,Colher servir cheia,55.00
5478,BRC0353N,Colher servir cheia,55.00
5479,BRC0351N,Colher servir cheia,55.00
5480,BRC0352N,Colher servir cheia,55.00
5481,BRC0354N,Colher servir cheia,55.00
5482,BRC0355N,Colher servir cheia,55.00
5483,BRC0185N,Colher servir cheia,55.00
5484,BRC0152N,Colher servir cheia,55.00
5485,BRC0155N,Colher servir cheia,55.00
5486,BRC0153N,Colher servir cheia,55.00
5487,BRC0154N,Colher servir cheia,55.00
5488,BRC0156N,Colher servir cheia,55.00
5489,BRC0157N,Colher servir cheia,55.00
5490,BRC0186N,Colher servir cheia,55.00
5491,BRC0187N,Colher servir cheia,55.00
5492,BRC0647N,Colher servir cheia,55.00
5493,BRC0650N,Colher servir cheia,55.00
5494,BRC0648N,Colher servir cheia,55.00
5495,BRC0649N,Colher servir cheia,55.00
5496,BRC0651N,Colher servir cheia,55.00
5497,BRC0652N,Colher servir cheia,55.00
5498,BRC0183N,Colher servir cheia,55.00
5499,BRC0182N,Colher servir cheia,55.00
5500,BRC0184N,Colher servir cheia,55.00
5501,BRC0118N,Colher servir cheia,55.00
5502,BRC0121N,Colher servir cheia,55.00
5503,BRC0119N,Colher servir cheia,55.00
5504,BRC0120N,Colher servir cheia,55.00
5505,BRC0122N,Colher servir cheia,55.00
5506,BRC0123N,Colher servir cheia,55.00
5507,BRC0641N,Colher servir cheia,55.00
5508,BRC0644N,Colher servir cheia,55.00
5509,BRC0642N,Colher servir cheia,55.00
5510,BRC0643N,Colher servir cheia,55.00
5511,BRC0645N,Colher servir cheia,55.00
5512,BRC0646N,Colher servir cheia,55.00
5513,BRC0146N,Colher servir cheia,55.00
5514,BRC0149N,Colher servir cheia,55.00
5515,BRC0147N,Colher servir cheia,55.00
5516,BRC0148N,Colher servir cheia,55.00
5517,BRC0150N,Colher servir cheia,55.00
5518,BRC0151N,Colher servir cheia,55.00
5519,BRC0162N,Colher servir cheia,55.00
5520,BRC0163N,Colher servir cheia,55.00
5521,BRC0158N,Colher servir cheia,55.00
5522,BRC0159N,Colher servir cheia,55.00
5523,BRC0160N,Colher servir cheia,55.00
5524,BRC0161N,Colher servir cheia,55.00
5525,BRC0382N,Colher servir cheia,55.00
5526,BRC0385N,Colher servir cheia,55.00
5527,BRC0383N,Colher servir cheia,55.00
5528,BRC0384N,Colher servir cheia,55.00
5529,BRC0386N,Colher servir cheia,55.00
5530,BRC0387N,Colher servir cheia,55.00
5531,BRC0504N,Colher servir cheia,55.00
5532,BRC0506N,Colher servir cheia,55.00
5533,BRC0503N,Colher servir cheia,55.00
5534,BRC0505N,Colher servir cheia,55.00
5535,BRC0507N,Colher servir cheia,55.00
5536,BRC0610N,Colher servir cheia,55.00
5537,BRC0467N,Colher servir cheia,55.00
5538,BRC0469N,Colher servir cheia,55.00
5539,BRC0466N,Colher servir cheia,55.00
5540,BRC0468N,Colher servir cheia,55.00
5541,BRC0470N,Colher servir cheia,55.00
5542,BRC0471N,Colher servir cheia,55.00
5543,BRC0164N,Colher servir cheia,55.00
5544,BRC0167N,Colher servir cheia,55.00
5545,BRC0165N,Colher servir cheia,55.00
5546,BRC0166N,Colher servir cheia,55.00
5547,BRC0168N,Colher servir cheia,55.00
5548,BRC0169N,Colher servir cheia,55.00
5549,BRC0278N,Colher servir cheia,55.00
5550,BRC0281N,Colher servir cheia,55.00
5551,BRC0279N,Colher servir cheia,55.00
5552,BRC0280N,Colher servir cheia,55.00
5553,BRC0282N,Colher servir cheia,55.00
5554,BRC0283N,Colher servir cheia,55.00
5555,BRC0598N,Colher servir cheia,55.00
5556,BRC0601N,Colher servir cheia,55.00
5557,BRC0599N,Colher servir cheia,55.00
5558,BRC0600N,Colher servir cheia,55.00
5559,BRC0602N,Colher servir cheia,55.00
5560,BRC0603N,Colher servir cheia,55.00
5561,BRC0284N,Colher servir cheia,55.00
5562,BRC0287N,Colher servir cheia,55.00
5563,BRC0285N,Colher servir cheia,55.00
5564,BRC0286N,Colher servir cheia,55.00
5565,BRC0288N,Colher servir cheia,55.00
5566,BRC0289N,Colher servir cheia,55.00
5567,BRC0604N,Colher servir cheia,55.00
5568,BRC0607N,Colher servir cheia,55.00
5569,BRC0605N,Colher servir cheia,55.00
5570,BRC0606N,Colher servir cheia,55.00
5571,BRC0608N,Colher servir cheia,55.00
5572,BRC0609N,Colher servir cheia,55.00
5573,BRC0592N,Colher servir cheia,55.00
5574,BRC0595N,Colher servir cheia,55.00
5575,BRC0593N,Colher servir cheia,55.00
5576,BRC0594N,Colher servir cheia,55.00
5577,BRC0596N,Colher servir cheia,55.00
5578,BRC0597N,Colher servir cheia,55.00
5579,BRC0272N,Colher servir cheia,55.00
5580,BRC0275N,Colher servir cheia,55.00
5581,BRC0274N,Colher servir cheia,55.00
5582,BRC0273N,Colher servir cheia,55.00
5583,BRC0276N,Colher servir cheia,55.00
5584,BRC0277N,Colher servir cheia,55.00
5585,BRC0044N,Colher servir cheia,55.00
5586,BRC1215A,Unidade média,80.00
5587,BRC0831B,Colher café cheia,4.00
5588,BRC0831B,Colher café rasa,1.00
5589,BRC0468E,Colher café rasa,2.00
5590,BRC0468E,Colher chá cheia,8.00
5591,BRC0468E,Colher chá rasa,3.00
5592,BRC0468E,Colher sobremesa cheia,21.00
5593,BRC0468E,Colher sobremesa rasa,11.00
5594,BRC0468E,Colher sopa cheia,22.00
5595,BRC0468E,Colher sopa rasa,17.00
5596,BRC0210T,Colher sopa rasa,20.00
5597,BRC0211T,Colher sopa rasa,20.00
5598,BRC0469E,Colher café rasa,2.00
5599,BRC0469E,Colher chá cheia,8.00
5600,BRC0469E,Colher chá rasa,3.00
5601,BRC0469E,Colher sobremesa cheia,21.00
5602,BRC0469E,Colher sobremesa rasa,11.00
5603,BRC0469E,Colher sopa cheia,22.00
5604,BRC0469E,Colher sopa rasa,17.00
5605,BRC0750A,Pedaço/ Unidade/ Fatia (M),80.00
5606,BRC0748A,Pedaço/ Unidade/ Fatia (M),80.00
5607,BRC0747A,Pedaço/ Unidade/ Fatia (M),80.00
5608,BRC0749A,Pedaço/ Unidade/ Fatia (M),80.00
5609,BRC0746A,Pedaço/ Unidade/ Fatia (M),80.00
5610,BRC0741A,Pedaço/ Unidade/ Fatia (M),80.00
5611,BRC0744A,Pedaço/ Unidade/ Fatia (M),80.00
5612,BRC0742A,Pedaço/ Unidade/ Fatia (M),80.00
5613,BRC0743A,Pedaço/ Unidade/ Fatia (M),80.00
5614,BRC0740A,Pedaço/ Unidade/ Fatia (M),80.00
5615,BRC0119K,Pedaço/ Unidade/ Fatia (M),60.00
5616,BRC0166A,Pedaço/ Unidade/ Fatia (M),50.00
5617,BRC1064A,Pedaço/ Unidade/ Fatia (M),50.00
5618,BRC0167A,Pedaço/ Unidade/ Fatia (M),50.00
5619,BRC0118K,Pedaço/ Unidade/ Fatia (M),60.00
5620,BRC0117K,Pedaço/ Unidade/ Fatia (M),60.00
5621,BRC0165A,Pedaço/ Unidade/ Fatia (M),50.00
5622,BRC0163A,Pedaço/ Unidade/ Fatia (M),50.00
5623,BRC0164A,Pedaço/ Unidade/ Fatia (M),50.00
5624,BRC0162A,Pedaço/ Unidade/ Fatia (M),30.00
5625,BRC0161A,Porção média,50.00
5626,BRC0168A,Pedaço/ Unidade/ Fatia (M),35.00
5627,BRC0032D,Colher café rasa,2.00
5628,BRC0032D,Colher chá cheia,8.00
5629,BRC0032D,Colher chá rasa,3.00
5630,BRC0032D,Colher sobremesa cheia,21.00
5631,BRC0032D,Colher sobremesa rasa,11.00
5632,BRC0032D,Colher sopa cheia,22.00
5633,BRC0032D,Colher sopa rasa,17.00
5634,BRC0151G,Colher café rasa,2.00
5635,BRC0151G,Colher chá cheia,8.00
5636,BRC0151G,Colher chá rasa,3.00
5637,BRC0151G,Colher sobremesa cheia,21.00
5638,BRC0151G,Colher sobremesa rasa,11.00
5639,BRC0151G,Colher sopa cheia,22.00
5640,BRC0151G,Colher sopa rasa,17.00
5641,BRC0152G,Colher café rasa,2.00
5642,BRC0152G,Colher chá cheia,8.00
5643,BRC0152G,Colher chá rasa,3.00
5644,BRC0152G,Colher sobremesa cheia,21.00
5645,BRC0152G,Colher sobremesa rasa,11.00
5646,BRC0152G,Colher sopa cheia,22.00
5647,BRC0152G,Colher sopa rasa,17.00
5648,BRC0148G,Colher café rasa,2.00
5649,BRC0148G,Colher chá cheia,8.00
5650,BRC0148G,Colher chá rasa,3.00
5651,BRC0148G,Colher sobremesa cheia,21.00
5652,BRC0148G,Colher sobremesa rasa,11.00
5653,BRC0148G,Colher sopa cheia,22.00
5654,BRC0148G,Colher sopa rasa,17.00
5655,BRC0033D,Colher café rasa,2.00
5656,BRC0033D,Colher chá cheia,8.00
5657,BRC0033D,Colher chá rasa,3.00
5658,BRC0033D,Colher sobremesa cheia,21.00
5659,BRC0033D,Colher sobremesa rasa,11.00
5660,BRC0033D,Colher sopa cheia,22.00
5661,BRC0033D,Colher sopa rasa,17.00
5662,BRC0034D,Colher café rasa,2.00
5663,BRC0034D,Colher chá cheia,8.00
5664,BRC0034D,Colher chá rasa,3.00
5665,BRC0034D,Colher sobremesa cheia,21.00
5666,BRC0034D,Colher sobremesa rasa,11.00
5667,BRC0034D,Colher sopa cheia,22.00
5668,BRC0034D,Colher sopa rasa,17.00
5669,BRC0217K,Colher servir cheia,55.00
5670,BRC0217K,Colher sobremesa cheia,20.00
5671,BRC0217K,Colher sopa cheia,35.00
5672,BRC0084K,Colher servir cheia,55.00
5673,BRC0084K,Colher sobremesa cheia,20.00
5674,BRC0084K,Colher sopa cheia,35.00
5675,BRC0139K,Colher servir cheia,55.00
5676,BRC0139K,Colher sobremesa cheia,20.00
5677,BRC0139K,Colher sopa cheia,35.00
5678,BRC0082K,Pedaço/ Unidade/ Fatia (M),30.00
5679,BRC0242E,Pedaço/ Unidade/ Fatia (M),100.00
5680,BRC0194E,Pedaço/ Unidade/ Fatia (M),100.00
5681,BRC0091E,Pedaço/ Unidade/ Fatia (M),100.00
5682,BRC0090E,Pedaço/ Unidade/ Fatia (M),100.00
5683,BRC0086E,Pedaço/ Unidade/ Fatia (M),120.00
5684,BRC0020E,Pedaço/ Unidade/ Fatia (M),120.00
5685,BRC0475E,Pedaço/ Unidade/ Fatia (M),100.00
5686,BRC0021E,Pedaço/ Unidade/ Fatia (M),120.00
5687,BRC0022E,Pedaço/ Unidade/ Fatia (M),100.00
5688,BRC0023E,Pedaço/ Unidade/ Fatia (M),100.00
5689,BRC0089E,Pedaço/ Unidade/ Fatia (M),100.00
5690,BRC0088E,Pedaço/ Unidade/ Fatia (M),100.00
5691,BRC0019E,Pedaço/ Unidade/ Fatia (M),120.00
5692,BRC0492E,Pedaço/ Unidade/ Fatia (M),120.00
5693,BRC0024E,Pedaço/ Unidade/ Fatia (M),120.00
5694,BRC0093E,Pedaço/ Unidade/ Fatia (M),100.00
5695,BRC0092E,Pedaço/ Unidade/ Fatia (M),100.00
5696,BRC0108E,Pedaço médio,100.00
5697,BRC0109E,Pedaço médio,100.00
5698,BRC0542E,Porção média,100.00
5699,BRC0117E,Pedaço/ Unidade/ Fatia (M),100.00
5700,BRC0116E,Pedaço/ Unidade/ Fatia (M),100.00
5701,BRC0115E,Porção média,100.00
5702,BRC0114E,Pedaço/ Unidade/ Fatia (M),100.00
5703,BRC0103E,Pedaço/ Unidade/ Fatia (M),100.00
5704,BRC0102E,Porção média,100.00
5705,BRC0087E,Pedaço/ Unidade/ Fatia (M),120.00
5706,BRC0113E,Pedaço/ Unidade/ Fatia (M),100.00
5707,BRC0112E,Pedaço/ Unidade/ Fatia (M),100.00
5708,BRC0107E,Pedaço/ Unidade/ Fatia (M),100.00
5709,BRC0106E,Pedaço/ Unidade/ Fatia (M),100.00
5710,BRC0104E,Pedaço/ Unidade/ Fatia (M),100.00
5711,BRC0105E,Pedaço/ Unidade/ Fatia (M),100.00
5712,BRC0111E,Pedaço/ Unidade/ Fatia (M),100.00
5713,BRC0110E,Pedaço/ Unidade/ Fatia (M),100.00
5714,BRC0025E,Pedaço/ Unidade/ Fatia (M),120.00
5715,BRC0026E,Pedaço/ Unidade/ Fatia (M),100.00
5716,BRC0027E,Pedaço/ Unidade/ Fatia (M),120.00
5717,BRC0095E,Pedaço/ Unidade/ Fatia (M),100.00
5718,BRC0094E,Pedaço/ Unidade/ Fatia (M),100.00
5719,BRC0028E,Pedaço/ Unidade/ Fatia (M),100.00
5720,BRC0097E,Pedaço/ Unidade/ Fatia (M),100.00
5721,BRC0096E,Pedaço/ Unidade/ Fatia (M),100.00
5722,BRC0029E,Pedaço/ Unidade/ Fatia (M),120.00
5723,BRC0030E,Pedaço/ Unidade/ Fatia (M),100.00
5724,BRC0550E,Porção média,100.00
5725,BRC0508E,Porção média,100.00
5726,BRC0474E,Pedaço/ Unidade/ Fatia (M),100.00
5727,BRC0482E,Pedaço/ Unidade/ Fatia (M),100.00
5728,BRC0479E,Porção média,100.00
5729,BRC0499E,Pedaço/ Unidade/ Fatia (M),100.00
5730,BRC0473E,Pedaço/ Unidade/ Fatia (M),100.00
5731,BRC0099E,Pedaço/ Unidade/ Fatia (M),100.00
5732,BRC0098E,Pedaço/ Unidade/ Fatia (M),100.00
5733,BRC0487E,Pedaço/ Unidade/ Fatia (M),100.00
5734,BRC0488E,Pedaço/ Unidade/ Fatia (M),100.00
5735,BRC0486E,Pedaço/ Unidade/ Fatia (M),100.00
5736,BRC0031E,Pedaço/ Unidade/ Fatia (M),120.00
5737,BRC0101E,Pedaço/ Unidade/ Fatia (M),100.00
5738,BRC0100E,Pedaço/ Unidade/ Fatia (M),100.00
5739,BRC0480E,Pedaço/ Unidade/ Fatia (M),100.00
5740,BRC0032E,Pedaço/ Unidade/ Fatia (M),120.00
5741,BRC0033E,Pedaço/ Unidade/ Fatia (M),120.00
5742,BRC0544E,Porção média,100.00
5743,BRC0543E,Porção média,100.00
5744,BRC0430E,Pedaço/ Unidade/ Fatia (M),100.00
5745,BRC0125E,Pedaço/ Unidade/ Fatia (M),100.00
5746,BRC0122E,Pedaço/ Unidade/ Fatia (M),100.00
5747,BRC0123E,Pedaço/ Unidade/ Fatia (M),100.00
5748,BRC0034E,Pedaço/ Unidade/ Fatia (M),100.00
5749,BRC0037E,Pedaço/ Unidade/ Fatia (M),100.00
5750,BRC0035E,Pedaço/ Unidade/ Fatia (M),120.00
5751,BRC0036E,Pedaço/ Unidade/ Fatia (M),100.00
5752,BRC0418E,Colher servir cheia,60.00
5753,BRC0418E,Colher servir rasa,45.00
5754,BRC0418E,Pedaço/ Unidade/ Fatia (M),100.00
5755,BRC0406E,Colher servir cheia,60.00
5756,BRC0406E,Colher servir rasa,45.00
5757,BRC0406E,Pedaço/ Unidade/ Fatia (M),100.00
5758,BRC0127E,Pedaço/ Unidade/ Fatia (M),100.00
5759,BRC0128E,Pedaço/ Unidade/ Fatia (M),100.00
5760,BRC0124E,Pedaço/ Unidade/ Fatia (M),100.00
5761,BRC0394E,Colher servir cheia,60.00
5762,BRC0394E,Colher servir rasa,45.00
5763,BRC0394E,Pedaço/ Unidade/ Fatia (M),100.00
5764,BRC0126E,Pedaço/ Unidade/ Fatia (M),100.00
5765,BRC0442E,Pedaço/ Unidade/ Fatia (M),100.00
5766,BRC0540E,Unidade média,15.00
5767,BRC0463E,Unidade média,15.00
5768,BRC0084E,Pedaço/ Unidade/ Fatia (M),60.00
5769,BRC0041E,Porção média,100.00
5770,BRC0431E,Pedaço/ Unidade/ Fatia (M),100.00
5771,BRC0134E,Pedaço/ Unidade/ Fatia (M),100.00
5772,BRC0130E,Pedaço/ Unidade/ Fatia (M),100.00
5773,BRC0129E,Pedaço/ Unidade/ Fatia (M),100.00
5774,BRC0040E,Pedaço/ Unidade/ Fatia (M),185.00
5775,BRC0352E,Pedaço/ Unidade/ Fatia (M),185.00
5776,BRC0419E,Colher servir cheia,60.00
5777,BRC0419E,Colher sobremesa rasa,45.00
5778,BRC0419E,Pedaço/ Unidade/ Fatia (M),100.00
5779,BRC0407E,Colher servir cheia,60.00
5780,BRC0407E,Colher servir rasa,45.00
5781,BRC0407E,Pedaço/ Unidade/ Fatia (M),100.00
5782,BRC0136E,Pedaço/ Unidade/ Fatia (M),100.00
5783,BRC0137E,Pedaço/ Unidade/ Fatia (M),100.00
5784,BRC0132E,Pedaço/ Unidade/ Fatia (M),100.00
5785,BRC0131E,Pedaço/ Unidade/ Fatia (M),100.00
5786,BRC0042E,Pedaço/ Unidade/ Fatia (M),120.00
5787,BRC0133E,Pedaço/ Unidade/ Fatia (M),100.00
5788,BRC0395E,Colher servir cheia,60.00
5789,BRC0395E,Colher servir rasa,45.00
5790,BRC0395E,Pedaço/ Unidade/ Fatia (M),100.00
5791,BRC0135E,Pedaço/ Unidade/ Fatia (M),100.00
5792,BRC0443E,Pedaço/ Unidade/ Fatia (M),100.00
5793,BRC0038E,Pedaço/ Unidade/ Fatia (M),185.00
5794,BRC0039E,Pedaço/ Unidade/ Fatia (M),185.00
5795,BRC0053N,Pedaço/ Unidade/ Fatia (M),185.00
5796,BRC0043E,Colher servir cheia,45.00
5797,BRC0368E,Pedaço/ Unidade/ Fatia (M),110.00
5798,BRC0365E,Pedaço/ Unidade/ Fatia (M),110.00
5799,BRC0044E,Colher servir rasa,40.00
5800,BRC0045E,Pedaço/ Unidade/ Fatia (M),100.00
5801,BRC0432E,Pedaço/ Unidade/ Fatia (M),100.00
5802,BRC0142E,Pedaço/ Unidade/ Fatia (M),100.00
5803,BRC0046E,Porção média,100.00
5804,BRC0047E,Porção média,100.00
5805,BRC0143E,Pedaço/ Unidade/ Fatia (M),100.00
5806,BRC0444E,Pedaço/ Unidade/ Fatia (M),100.00
5807,BRC0139E,Pedaço/ Unidade/ Fatia (M),100.00
5808,BRC0138E,Pedaço/ Unidade/ Fatia (M),100.00
5809,BRC0420E,Colher servir cheia,60.00
5810,BRC0420E,Colher servir rasa,45.00
5811,BRC0420E,Pedaço/ Unidade/ Fatia (M),100.00
5812,BRC0408E,Colher servir cheia,60.00
5813,BRC0408E,Colher servir rasa,45.00
5814,BRC0408E,Pedaço/ Unidade/ Fatia (M),100.00
5815,BRC0144E,Pedaço/ Unidade/ Fatia (M),100.00
5816,BRC0145E,Pedaço/ Unidade/ Fatia (M),100.00
5817,BRC0140E,Pedaço/ Unidade/ Fatia (M),100.00
5818,BRC0538E,Porção média,100.00
5819,BRC0141E,Pedaço/ Unidade/ Fatia (M),100.00
5820,BRC0396E,Colher servir cheia,60.00
5821,BRC0396E,Colher servir rasa,45.00
5822,BRC0396E,Pedaço/ Unidade/ Fatia (M),100.00
5823,BRC0048E,Pedaço/ Unidade/ Fatia (M),100.00
5824,BRC0433E,Pedaço/ Unidade/ Fatia (M),100.00
5825,BRC0149E,Pedaço/ Unidade/ Fatia (M),100.00
5826,BRC0146E,Pedaço/ Unidade/ Fatia (M),100.00
5827,BRC0421E,Colher servir cheia,60.00
5828,BRC0421E,Colher servir rasa,45.00
5829,BRC0421E,Pedaço/ Unidade/ Fatia (M),100.00
5830,BRC0409E,Colher servir cheia,60.00
5831,BRC0409E,Colher servir rasa,45.00
5832,BRC0409E,Pedaço/ Unidade/ Fatia (M),100.00
5833,BRC0151E,Pedaço/ Unidade/ Fatia (M),100.00
5834,BRC0152E,Pedaço/ Unidade/ Fatia (M),100.00
5835,BRC0147E,Pedaço/ Unidade/ Fatia (M),100.00
5836,BRC0148E,Pedaço/ Unidade/ Fatia (M),100.00
5837,BRC0397E,Colher servir cheia,60.00
5838,BRC0397E,Colher servir rasa,45.00
5839,BRC0397E,Pedaço/ Unidade/ Fatia (M),100.00
5840,BRC0150E,Pedaço/ Unidade/ Fatia (M),100.00
5841,BRC0445E,Pedaço/ Unidade/ Fatia (M),100.00
5842,BRC0050E,Pedaço/ Unidade/ Fatia (M),100.00
5843,BRC0051E,Pedaço/ Unidade/ Fatia (M),100.00
5844,BRC0049E,Pedaço/ Unidade/ Fatia (M),120.00
5845,BRC0493E,Porção média,100.00
5846,BRC0215E,Pedaço/ Unidade/ Fatia (M),100.00
5847,BRC0214E,Pedaço/ Unidade/ Fatia (M),100.00
5848,BRC0213E,Porção média,100.00
5849,BRC0441E,Pedaço/ Unidade/ Fatia (M),100.00
5850,BRC0219E,Pedaço/ Unidade/ Fatia (M),100.00
5851,BRC0417E,Colher servir cheia,60.00
5852,BRC0417E,Colher servir rasa,45.00
5853,BRC0417E,Pedaço/ Unidade/ Fatia (M),100.00
5854,BRC0221E,Pedaço/ Unidade/ Fatia (M),100.00
5855,BRC0222E,Pedaço/ Unidade/ Fatia (M),100.00
5856,BRC0429E,Colher servir cheia,60.00
5857,BRC0429E,Colher servir rasa,45.00
5858,BRC0429E,Pedaço/ Unidade/ Fatia (M),100.00
5859,BRC0217E,Pedaço/ Unidade/ Fatia (M),100.00
5860,BRC0216E,Pedaço médio,100.00
5861,BRC0218E,Porção média,100.00
5862,BRC0405E,Colher servir cheia,60.00
5863,BRC0405E,Colher servir rasa,45.00
5864,BRC0405E,Pedaço/ Unidade/ Fatia (M),100.00
5865,BRC0220E,Pedaço/ Unidade/ Fatia (M),100.00
5866,BRC0462E,Pedaço/ Unidade/ Fatia (M),100.00
5867,BRC0061E,Pedaço/ Unidade/ Fatia (M),100.00
5868,BRC0060E,Pedaço/ Unidade/ Fatia (M),100.00
5869,BRC0438E,Pedaço/ Unidade/ Fatia (M),100.00
5870,BRC0193E,Pedaço/ Unidade/ Fatia (M),100.00
5871,BRC0189E,Pedaço/ Unidade/ Fatia (M),100.00
5872,BRC0426E,Colher servir cheia,60.00
5873,BRC0426E,Colher servir rasa,45.00
5874,BRC0426E,Pedaço/ Unidade/ Fatia (M),100.00
5875,BRC0414E,Colher servir cheia,60.00
5876,BRC0414E,Colher servir rasa,45.00
5877,BRC0414E,Pedaço/ Unidade/ Fatia (M),100.00
5878,BRC0195E,Pedaço/ Unidade/ Fatia (M),100.00
5879,BRC0196E,Pedaço/ Unidade/ Fatia (M),100.00
5880,BRC0191E,Pedaço/ Unidade/ Fatia (M),100.00
5881,BRC0190E,Pedaço/ Unidade/ Fatia (M),100.00
5882,BRC0402E,Colher servir cheia,60.00
5883,BRC0402E,Colher servir rasa,45.00
5884,BRC0402E,Pedaço/ Unidade/ Fatia (M),100.00
5885,BRC0192E,Pedaço/ Unidade/ Fatia (M),100.00
5886,BRC0062E,Pedaço/ Unidade/ Fatia (M),100.00
5887,BRC0063E,Pedaço/ Unidade/ Fatia (M),120.00
5888,BRC0064E,Pedaço/ Unidade/ Fatia (M),100.00
5889,BRC0450E,Pedaço/ Unidade/ Fatia (M),100.00
5890,BRC0052E,Pedaço/ Unidade/ Fatia (M),120.00
5891,BRC0053E,Pedaço/ Unidade/ Fatia (M),100.00
5892,BRC0435E,Pedaço/ Unidade/ Fatia (M),100.00
5893,BRC0167E,Pedaço/ Unidade/ Fatia (M),100.00
5894,BRC0163E,Pedaço/ Unidade/ Fatia (M),100.00
5895,BRC0162E,Pedaço/ Unidade/ Fatia (M),100.00
5896,BRC0434E,Pedaço/ Unidade/ Fatia (M),100.00
5897,BRC0158E,Pedaço/ Unidade/ Fatia (M),100.00
5898,BRC0236E,Pedaço/ Unidade/ Fatia (M),100.00
5899,BRC0241E,Pedaço/ Unidade/ Fatia (M),100.00
5900,BRC0228E,Pedaço/ Unidade/ Fatia (M),100.00
5901,BRC0233E,Pedaço/ Unidade/ Fatia (M),100.00
5902,BRC0230E,Pedaço/ Unidade/ Fatia (M),100.00
5903,BRC0229E,Pedaço/ Unidade/ Fatia (M),100.00
5904,BRC0231E,Pedaço/ Unidade/ Fatia (M),100.00
5905,BRC0232E,Pedaço/ Unidade/ Fatia (M),100.00
5906,BRC0240E,Pedaço/ Unidade/ Fatia (M),100.00
5907,BRC0154E,Pedaço/ Unidade/ Fatia (M),100.00
5908,BRC0153E,Pedaço/ Unidade/ Fatia (M),100.00
5909,BRC0422E,Colher servir cheia,60.00
5910,BRC0422E,Colher servir rasa,45.00
5911,BRC0422E,Pedaço/ Unidade/ Fatia (M),100.00
5912,BRC0410E,Colher servir cheia,60.00
5913,BRC0410E,Colher servir rasa,45.00
5914,BRC0410E,Pedaço/ Unidade/ Fatia (M),100.00
5915,BRC0243E,Pedaço/ Unidade/ Fatia (M),100.00
5916,BRC0160E,Pedaço/ Unidade/ Fatia (M),100.00
5917,BRC0161E,Pedaço/ Unidade/ Fatia (M),100.00
5918,BRC0156E,Pedaço/ Unidade/ Fatia (M),100.00
5919,BRC0155E,Pedaço/ Unidade/ Fatia (M),100.00
5920,BRC0238E,Colher servir cheia,60.00
5921,BRC0238E,Colher servir rasa,45.00
5922,BRC0238E,Pedaço/ Unidade/ Fatia (M),100.00
5923,BRC0237E,Colher servir cheia,60.00
5924,BRC0237E,Colher servir rasa,45.00
5925,BRC0237E,Pedaço/ Unidade/ Fatia (M),100.00
5926,BRC0239E,Colher servir cheia,60.00
5927,BRC0239E,Colher servir rasa,45.00
5928,BRC0239E,Pedaço/ Unidade/ Fatia (M),100.00
5929,BRC0157E,Pedaço/ Unidade/ Fatia (M),100.00
5930,BRC0398E,Colher servir cheia,60.00
5931,BRC0398E,Colher servir rasa,45.00
5932,BRC0398E,Pedaço/ Unidade/ Fatia (M),100.00
5933,BRC0159E,Pedaço/ Unidade/ Fatia (M),100.00
5934,BRC0446E,Pedaço/ Unidade/ Fatia (M),100.00
5935,BRC0423E,Colher servir cheia,60.00
5936,BRC0423E,Colher servir rasa,45.00
5937,BRC0423E,Pedaço/ Unidade/ Fatia (M),100.00
5938,BRC0411E,Colher servir cheia,60.00
5939,BRC0411E,Colher servir rasa,45.00
5940,BRC0411E,Pedaço/ Unidade/ Fatia (M),100.00
5941,BRC0169E,Pedaço/ Unidade/ Fatia (M),100.00
5942,BRC0170E,Pedaço/ Unidade/ Fatia (M),100.00
5943,BRC0165E,Pedaço/ Unidade/ Fatia (M),100.00
5944,BRC0164E,Pedaço/ Unidade/ Fatia (M),100.00
5945,BRC0166E,Pedaço/ Unidade/ Fatia (M),100.00
5946,BRC0399E,Colher servir cheia,60.00
5947,BRC0399E,Colher servir rasa,45.00
5948,BRC0399E,Pedaço/ Unidade/ Fatia (M),100.00
5949,BRC0054E,Pedaço/ Unidade/ Fatia (M),100.00
5950,BRC0055E,Pedaço/ Unidade/ Fatia (M),120.00
5951,BRC0057E,Pedaço/ Unidade/ Fatia (M),100.00
5952,BRC0056E,Pedaço/ Unidade/ Fatia (M),100.00
5953,BRC0168E,Pedaço/ Unidade/ Fatia (M),100.00
5954,BRC0447E,Pedaço/ Unidade/ Fatia (M),100.00
5955,BRC0436E,Pedaço/ Unidade/ Fatia (M),100.00
5956,BRC0176E,Pedaço/ Unidade/ Fatia (M),100.00
5957,BRC0172E,Pedaço/ Unidade/ Fatia (M),100.00
5958,BRC0171E,Pedaço/ Unidade/ Fatia (M),100.00
5959,BRC0424E,Colher servir cheia,60.00
5960,BRC0424E,Colher servir rasa,45.00
5961,BRC0424E,Pedaço/ Unidade/ Fatia (M),100.00
5962,BRC0412E,Colher servir cheia,60.00
5963,BRC0412E,Colher servir rasa,45.00
5964,BRC0412E,Pedaço/ Unidade/ Fatia (M),100.00
5965,BRC0178E,Pedaço/ Unidade/ Fatia (M),100.00
5966,BRC0179E,Pedaço/ Unidade/ Fatia (M),100.00
5967,BRC0174E,Pedaço/ Unidade/ Fatia (M),100.00
5968,BRC0173E,Pedaço/ Unidade/ Fatia (M),100.00
5969,BRC0175E,Pedaço/ Unidade/ Fatia (M),100.00
5970,BRC0400E,Colher servir cheia,60.00
5971,BRC0400E,Colher servir rasa,45.00
5972,BRC0400E,Pedaço/ Unidade/ Fatia (M),100.00
5973,BRC0177E,Pedaço/ Unidade/ Fatia (M),100.00
5974,BRC0448E,Pedaço/ Unidade/ Fatia (M),100.00
5975,BRC0058E,Pedaço/ Unidade/ Fatia (M),120.00
5976,BRC0437E,Pedaço/ Unidade/ Fatia (M),100.00
5977,BRC0185E,Pedaço/ Unidade/ Fatia (M),100.00
5978,BRC0181E,Pedaço/ Unidade/ Fatia (M),100.00
5979,BRC0180E,Pedaço/ Unidade/ Fatia (M),100.00
5980,BRC0425E,Colher servir cheia,60.00
5981,BRC0425E,Colher servir rasa,45.00
5982,BRC0425E,Pedaço/ Unidade/ Fatia (M),100.00
5983,BRC0413E,Colher servir cheia,60.00
5984,BRC0413E,Colher servir rasa,45.00
5985,BRC0413E,Pedaço/ Unidade/ Fatia (M),100.00
5986,BRC0187E,Pedaço/ Unidade/ Fatia (M),100.00
5987,BRC0188E,Pedaço/ Unidade/ Fatia (M),100.00
5988,BRC0183E,Pedaço/ Unidade/ Fatia (M),100.00
5989,BRC0182E,Pedaço/ Unidade/ Fatia (M),100.00
5990,BRC0059E,Pedaço/ Unidade/ Fatia (M),120.00
5991,BRC0184E,Pedaço/ Unidade/ Fatia (M),100.00
5992,BRC0401E,Colher servir cheia,60.00
5993,BRC0401E,Colher servir rasa,45.00
5994,BRC0401E,Pedaço/ Unidade/ Fatia (M),100.00
5995,BRC0186E,Pedaço/ Unidade/ Fatia (M),100.00
5996,BRC0449E,Pedaço/ Unidade/ Fatia (M),100.00
5997,BRC0296E,Porção média,50.00
5998,BRC0066E,Pedaço/ Unidade/ Fatia (M),120.00
5999,BRC0439E,Pedaço/ Unidade/ Fatia (M),100.00
6000,BRC0201E,Pedaço/ Unidade/ Fatia (M),100.00
6001,BRC0197E,Pedaço/ Unidade/ Fatia (M),100.00
6002,BRC0427E,Colher servir cheia,60.00
6003,BRC0427E,Colher servir rasa,45.00
6004,BRC0427E,Pedaço/ Unidade/ Fatia (M),100.00
6005,BRC0415E,Colher servir cheia,60.00
6006,BRC0415E,Colher servir rasa,45.00
6007,BRC0415E,Pedaço/ Unidade/ Fatia (M),100.00
6008,BRC0203E,Pedaço/ Unidade/ Fatia (M),100.00
6009,BRC0204E,Pedaço/ Unidade/ Fatia (M),100.00
6010,BRC0199E,Pedaço/ Unidade/ Fatia (M),100.00
6011,BRC0198E,Pedaço/ Unidade/ Fatia (M),100.00
6012,BRC0200E,Pedaço/ Unidade/ Fatia (M),100.00
6013,BRC0403E,Colher servir cheia,60.00
6014,BRC0403E,Colher servir rasa,45.00
6015,BRC0403E,Pedaço/ Unidade/ Fatia (M),100.00
6016,BRC0202E,Pedaço/ Unidade/ Fatia (M),100.00
6017,BRC0460E,Pedaço/ Unidade/ Fatia (M),100.00
6018,BRC0065E,Pedaço médio,100.00
6019,BRC0067E,Pedaço/ Unidade/ Fatia (M),100.00
6020,BRC0068E,Pedaço/ Unidade/ Fatia (M),60.00
6021,BRC0205E,Pedaço/ Unidade/ Fatia (M),100.00
6022,BRC0071E,Pedaço/ Unidade/ Fatia (M),125.00
6023,BRC0440E,Pedaço/ Unidade/ Fatia (M),100.00
6024,BRC0209E,Pedaço/ Unidade/ Fatia (M),100.00
6025,BRC0074E,Pedaço/ Unidade/ Fatia (M),125.00
6026,BRC0072E,Pedaço/ Unidade/ Fatia (M),125.00
6027,BRC0073E,Pedaço/ Unidade/ Fatia (M),125.00
6028,BRC0428E,Colher servir cheia,60.00
6029,BRC0428E,Colher servir rasa,45.00
6030,BRC0428E,Pedaço/ Unidade/ Fatia (M),100.00
6031,BRC0416E,Colher servir cheia,60.00
6032,BRC0416E,Colher servir rasa,45.00
6033,BRC0416E,Pedaço/ Unidade/ Fatia (M),100.00
6034,BRC0211E,Pedaço/ Unidade/ Fatia (M),100.00
6035,BRC0212E,Pedaço/ Unidade/ Fatia (M),100.00
6036,BRC0207E,Pedaço/ Unidade/ Fatia (M),100.00
6037,BRC0206E,Pedaço/ Unidade/ Fatia (M),100.00
6038,BRC0075E,Pedaço/ Unidade/ Fatia (M),100.00
6039,BRC0070E,Pedaço/ Unidade/ Fatia (M),120.00
6040,BRC0208E,Pedaço/ Unidade/ Fatia (M),100.00
6041,BRC0404E,Colher servir cheia,60.00
6042,BRC0404E,Colher servir rasa,45.00
6043,BRC0404E,Pedaço/ Unidade/ Fatia (M),100.00
6044,BRC0210E,Pedaço/ Unidade/ Fatia (M),100.00
6045,BRC0461E,Pedaço/ Unidade/ Fatia (M),100.00
6046,BRC0077E,Pedaço/ Unidade/ Fatia (M),100.00
6047,BRC0069E,Pedaço/ Unidade/ Fatia (M),120.00
6048,BRC0082E,Pedaço/ Unidade/ Fatia (M),60.00
6049,BRC0078E,Pedaço/ Unidade/ Fatia (M),100.00
6050,BRC0079E,Pedaço/ Unidade/ Fatia (M),100.00
6051,BRC0080E,Pedaço/ Unidade/ Fatia (M),120.00
6052,BRC0081E,Pedaço/ Unidade/ Fatia (M),100.00
6053,BRC0465E,Pedaço/ Unidade/ Fatia (M),100.00
6054,BRC0466E,Pedaço/ Unidade/ Fatia (M),100.00
6055,BRC0076E,Pedaço/ Unidade/ Fatia (M),100.00
6056,BRC0362E,Pedaço/ Unidade/ Fatia (M),80.00
6057,BRC0030B,Colher sopa cheia,18.00
6058,BRC0484F,Fatia média,5.00
6059,BRC0930B,Colher sopa cheia,20.00
6060,BRC0929B,Colher sopa rasa,20.00
6061,BRC0173C,Pedaço/ Unidade/ Fatia (M),30.00
6062,BRC0030C,Pedaço/ Unidade/ Fatia (M),110.00
6063,BRC0196C,Pedaço/ Unidade/ Fatia (M),80.00
6064,BRC0193C,Pedaço/ Unidade/ Fatia (M),80.00
6065,BRC0052C,Pedaço/ Unidade/ Fatia (M),110.00
6066,BRC0053C,Pedaço/ Unidade/ Fatia (M),110.00
6067,BRC0197F,Porção média,110.00
6068,BRC0198F,Porção média,120.00
6069,BRC0920F,Porção média,110.00
6070,BRC0196F,Pedaço/ Unidade/ Fatia (M),20.00
6071,BRC0100C,Pedaço/ Unidade/ Fatia (M),50.00
6072,BRC0031C,Pedaço/ Unidade/ Fatia (M),60.00
6073,BRC0120K,Pedaço/ Unidade/ Fatia (M),40.00
6074,BRC0121K,Pedaço/ Unidade/ Fatia (M),80.00
6075,BRC0307C,Unidade média,7.00
6076,BRC0705B,Pedaço/ Unidade/ Fatia (M),40.00
6077,BRC0138K,Unidade média,65.00
6078,BRC0798B,Colher café cheia,4.00
6079,BRC0798B,Colher café rasa,1.00
6080,BRC1214B,Colher sopa rasa,6.00
6081,BRC0825B,Colher sopa rasa,10.00
6082,BRC0797B,Colher café cheia,4.00
6083,BRC0797B,Colher café rasa,1.00
6084,BRC0828B,Colher café cheia,4.00
6085,BRC0828B,Colher café rasa,1.00
6086,BRC1231B,Colher sopa rasa,9.00
6087,BRC0727B,Porção média,120.00
6088,BRC0726B,Pedaço/ Unidade/ Fatia (M),120.00
6089,BRC0476B,Colher sopa cheia,25.00
6090,BRC0476B,Colher sopa rasa,18.00
6091,BRC0475B,Colher sopa cheia,25.00
6092,BRC0475B,Colher sopa rasa,18.00
6093,BRC0468B,Colher sopa cheia,25.00
6094,BRC0468B,Colher sopa rasa,18.00
6095,BRC0467B,Colher sopa cheia,25.00
6096,BRC0039B,Colher sopa cheia,20.00
6097,BRC0039B,Colher sopa rasa,13.00
6098,BRC0484B,Colher sopa cheia,25.00
6099,BRC0484B,Colher sopa rasa,18.00
6100,BRC0483B,Colher sopa cheia,25.00
6101,BRC0483B,Colher sopa rasa,18.00
6102,BRC0474B,Colher sopa cheia,25.00
6103,BRC0474B,Colher sopa rasa,18.00
6104,BRC0473B,Colher sopa cheia,25.00
6105,BRC0473B,Colher sopa rasa,18.00
6106,BRC0466B,Colher sopa cheia,25.00
6107,BRC0466B,Colher sopa rasa,18.00
6108,BRC0465B,Colher sopa cheia,25.00
6109,BRC0465B,Colher sopa rasa,18.00
6110,BRC0031B,Colher sopa cheia,20.00
6111,BRC0031B,Colher sopa rasa,13.00
6112,BRC0482B,Colher sopa cheia,25.00
6113,BRC0482B,Colher sopa rasa,18.00
6114,BRC0481B,Colher sopa cheia,25.00
6115,BRC0481B,Colher sopa rasa,18.00
6116,BRC0478B,Colher sopa cheia,25.00
6117,BRC0478B,Colher sopa rasa,18.00
6118,BRC0477B,Colher sopa cheia,25.00
6119,BRC0477B,Colher sopa rasa,18.00
6120,BRC0470B,Colher sopa cheia,25.00
6121,BRC0470B,Colher sopa rasa,18.00
6122,BRC0469B,Colher sopa cheia,25.00
6123,BRC0469B,Colher sopa rasa,18.00
6124,BRC0037B,Colher sopa cheia,20.00
6125,BRC0037B,Colher sopa rasa,13.00
6126,BRC0486B,Colher sopa cheia,25.00
6127,BRC0486B,Colher sopa rasa,18.00
6128,BRC0485B,Colher sopa cheia,25.00
6129,BRC0485B,Colher sopa rasa,18.00
6130,BRC0480B,Colher sopa cheia,25.00
6131,BRC0480B,Colher sopa rasa,18.00
6132,BRC0479B,Colher sopa cheia,25.00
6133,BRC0479B,Colher sopa rasa,18.00
6134,BRC0472B,Colher sopa cheia,25.00
6135,BRC0472B,Colher sopa rasa,18.00
6136,BRC0471B,Colher sopa cheia,25.00
6137,BRC0471B,Colher sopa rasa,18.00
6138,BRC0038B,Colher sopa cheia,20.00
6139,BRC0038B,Colher sopa rasa,13.00
6140,BRC0488B,Colher sopa cheia,25.00
6141,BRC0488B,Colher sopa rasa,18.00
6142,BRC0487B,Colher sopa cheia,25.00
6143,BRC0487B,Colher sopa rasa,18.00
6144,BRC0084C,Pedaço/ Unidade/ Fatia (M),55.00
6145,BRC0007U,Pedaço/ Unidade/ Fatia (M),30.00
6146,BRC0809B,Concha cheia,130.00
6147,BRC0815B,Concha cheia,130.00
6148,BRC0807B,Concha cheia,130.00
6149,BRC0808B,Concha cheia,130.00
6150,BRC0481E,Pedaço/ Unidade/ Fatia (M),100.00
6151,BRC0015U,Porção média,30.00
6152,BRC0225C,Pedaço/ Unidade/ Fatia (M),120.00
6153,BRC0068C,Xícara chá,170.00
6154,BRC0085C,Pedaço/ Unidade/ Fatia (M),100.00
6155,BRC0682A,Pedaço/ Unidade/ Fatia (M),90.00
6156,BRC0681A,Pedaço/ Unidade/ Fatia (M),90.00
6157,BRC1082A,Pedaço/ Unidade/ Fatia (M),100.00
6158,BRC1024A,Pedaço/ Unidade/ Fatia (M),90.00
6159,BRC0677A,Fatia média,90.00
6160,BRC1081A,Pedaço/ Unidade/ Fatia (M),90.00
6161,BRC0690A,Pedaço/ Unidade/ Fatia (M),90.00
6162,BRC0691A,Pedaço/ Unidade/ Fatia (M),90.00
6163,BRC0689A,Pedaço/ Unidade/ Fatia (M),90.00
6164,BRC0979A,Pedaço/ Unidade/ Fatia (M),90.00
6165,BRC0678A,Pedaço/ Unidade/ Fatia (M),90.00
6166,BRC0684A,Pedaço/ Unidade/ Fatia (M),90.00
6167,BRC0425A,Pedaço/ Unidade/ Fatia (M),90.00
6168,BRC0676A,Pedaço/ Unidade/ Fatia (M),90.00
6169,BRC0685A,Fatia média,90.00
6170,BRC0248T,Pedaço/ Unidade/ Fatia (M),90.00
6171,BRC0199A,Fatia média,60.00
6172,BRC0688A,Pedaço/ Unidade/ Fatia (M),90.00
6173,BRC0875A,Pedaço/ Unidade/ Fatia (M),90.00
6174,BRC0686A,Pedaço/ Unidade/ Fatia (M),90.00
6175,BRC0427A,Pedaço/ Unidade/ Fatia (M),90.00
6176,BRC0429A,Pedaço/ Unidade/ Fatia (M),90.00
6177,BRC0096N,Pedaço/ Unidade/ Fatia (M),90.00
6178,BRC0426A,Pedaço/ Unidade/ Fatia (M),90.00
6179,BRC0683A,Pedaço/ Unidade/ Fatia (M),90.00
6180,BRC0225A,Pedaço/ Unidade/ Fatia (M),90.00
6181,BRC0428A,Pedaço/ Unidade/ Fatia (M),90.00
6182,BRC0679A,Pedaço/ Unidade/ Fatia (M),90.00
6183,BRC0680A,Pedaço/ Unidade/ Fatia (M),90.00
6184,BRC0687A,Pedaço/ Unidade/ Fatia (M),90.00
6185,BRC0672A,Colher servir rasa,45.00
6186,BRC0673A,Colher servir rasa,45.00
6187,BRC0674A,Colher servir rasa,45.00
6188,BRC0675A,Colher servir rasa,45.00
6189,BRC0097B,Colher sopa cheia,20.00
6190,BRC0549E,Porção média,100.00
6191,BRC0157H,Copo americano duplo,240.00
6192,BRC0157H,Copo americano pequeno,165.00
6193,BRC0158H,Copo americano duplo,240.00
6194,BRC0158H,Copo americano pequeno,165.00
6195,BRC0849F,Pedaço/ Unidade/ Fatia (M),110.00
6196,BRC0850A,Porção média,380.00
6197,BRC0528F,Pedaço/ Unidade/ Fatia (M),30.00
6198,BRC0200F,Pedaço/ Unidade/ Fatia (M),20.00
6199,BRC0201F,Pedaço/ Unidade/ Fatia (M),20.00
6200,BRC0202F,Pedaço/ Unidade/ Fatia (M),20.00
6201,BRC0204F,Pedaço/ Unidade/ Fatia (M),20.00
6202,BRC0199F,Pedaço/ Unidade/ Fatia (M),20.00
6203,BRC0248F,Pedaço/ Unidade/ Fatia (M),20.00
6204,BRC0203F,Pedaço/ Unidade/ Fatia (M),20.00
6205,BRC0236T,Pedaço/ Unidade/ Fatia (M),150.00
6206,BRC0227K,Colher sopa cheia,40.00
6207,BRC0227K,Colher sopa rasa,25.00
6208,BRC0227K,Pedaço/ Unidade/ Fatia (M),80.00
6209,BRC0122G,Colher sopa cheia,40.00
6210,BRC0122G,Colher sopa rasa,25.00
6211,BRC0122G,Pedaço/ Unidade/ Fatia (M),80.00
6212,BRC0124G,Colher sopa cheia,40.00
6213,BRC0124G,Colher sopa rasa,25.00
6214,BRC0124G,Pedaço/ Unidade/ Fatia (M),80.00
6215,BRC0050R,Colher sopa rasa,16.00
6216,BRC0068K,Colher sopa cheia,40.00
6217,BRC0047R,Colher sopa rasa,16.00
6218,BRC0048R,Colher sopa rasa,16.00
6219,BRC0049R,Colher sopa rasa,16.00
6220,BRC0023N,Colher sopa rasa,16.00
6221,BRC0053R,Colher sopa rasa,16.00
6222,BRC0140N,Colher sopa cheia,40.00
6223,BRC0069K,Colher sopa cheia,40.00
6224,BRC0029N,Colher sopa cheia,40.00
6225,BRC0024N,Colher sopa rasa,16.00
6226,BRC0051R,Colher sopa rasa,16.00
6227,BRC0070K,Colher sopa cheia,40.00
6228,BRC0052R,Colher sopa rasa,16.00
6229,BRC0025N,Colher sopa rasa,16.00
6230,BRC0026N,Colher sopa rasa,16.00
6231,BRC0071K,Colher sopa cheia,40.00
6232,BRC0054R,Colher sopa rasa,16.00
6233,BRC0055R,Colher sopa rasa,16.00
6234,BRC0056R,Colher sopa rasa,16.00
6235,BRC0027N,Colher sopa rasa,16.00
6236,BRC0028N,Colher sopa rasa,16.00
6237,BRC0066K,Colher sopa cheia,40.00
6238,BRC0135G,Colher sopa cheia,40.00
6239,BRC0135G,Colher sopa rasa,25.00
6240,BRC0135G,Pedaço/ Unidade/ Fatia (M),80.00
6241,BRC0072K,Colher sopa cheia,40.00
6242,BRC0057R,Colher sopa rasa,16.00
6243,BRC0058R,Colher sopa rasa,16.00
6244,BRC0046R,Colher sopa rasa,16.00
6245,BRC0022N,Colher sopa rasa,16.00
6246,BRC0067K,Colher sopa cheia,40.00
6247,BRC0059R,Colher sopa rasa,16.00
6248,BRC0008U,Pedaço/ Unidade/ Fatia (M),60.00
6249,BRC0127B,Colher servir cheia,80.00
6250,BRC0127B,Colher sopa cheia,45.00
6251,BRC0868B,Colher servir cheia,60.00
6252,BRC0868B,Colher servir rasa,40.00
6253,BRC0869B,Colher servir cheia,60.00
6254,BRC0869B,Colher servir rasa,40.00
6255,BRC1051B,Colher servir cheia,80.00
6256,BRC1051B,Colher sopa cheia,45.00
6257,BRC1050B,Colher servir cheia,80.00
6258,BRC1050B,Colher sopa cheia,45.00
6259,BRC1048B,Colher servir cheia,80.00
6260,BRC1048B,Colher sopa cheia,45.00
6261,BRC1049B,Colher servir cheia,80.00
6262,BRC1049B,Colher sopa cheia,45.00
6263,BRC1188B,Colher servir cheia,55.00
6264,BRC1237B,Colher servir cheia,55.00
6265,BRC1195B,Colher sopa cheia,35.00
6266,BRC0323B,Colher sopa cheia,35.00
6267,BRC0323B,Colher sopa rasa,24.00
6268,BRC1034B,Colher servir cheia,80.00
6269,BRC1034B,Colher sopa cheia,45.00
6270,BRC1035B,Colher servir cheia,80.00
6271,BRC1035B,Colher sopa cheia,45.00
6272,BRC1036B,Colher servir cheia,80.00
6273,BRC1036B,Colher sopa cheia,45.00
6274,BRC1037B,Colher servir cheia,80.00
6275,BRC1037B,Colher sopa cheia,45.00
6276,BRC0322B,Colher sopa cheia,35.00
6277,BRC0322B,Colher sopa rasa,24.00
6278,BRC1056B,Colher servir cheia,80.00
6279,BRC1056B,Colher sopa cheia,45.00
6280,BRC1057B,Colher servir cheia,80.00
6281,BRC1057B,Colher sopa cheia,45.00
6282,BRC0226T,Colher servir cheia,80.00
6283,BRC0226T,Colher sopa cheia,45.00
6284,BRC0227T,Colher servir cheia,80.00
6285,BRC0227T,Colher sopa cheia,45.00
6286,BRC1054B,Colher servir cheia,80.00
6287,BRC1054B,Colher sopa cheia,45.00
6288,BRC1055B,Colher servir cheia,80.00
6289,BRC1055B,Colher sopa cheia,45.00
6290,BRC1052B,Colher servir cheia,80.00
6291,BRC1052B,Colher sopa cheia,45.00
6292,BRC1053B,Colher servir cheia,80.00
6293,BRC1053B,Colher sopa cheia,45.00
6294,BRC0266T,Pedaço/ Unidade/ Fatia (M),30.00
6295,BRC0267T,Pedaço/ Unidade/ Fatia (M),30.00
6296,BRC0258C,Pedaço/ Unidade/ Fatia (M),30.00
6297,BRC0090G,Pedaço/ Unidade/ Fatia (M),30.00
6298,BRC0048G,Pedaço/ Unidade/ Fatia (M),50.00
6299,BRC0049G,Colher sopa cheia,30.00
6300,BRC0136G,Pedaço/ Unidade/ Fatia (M),30.00
6301,BRC0155G,Fatia média,30.00
6302,BRC0047G,Pedaço/ Unidade/ Fatia (M),30.00
6303,BRC0158G,Colher sopa cheia,25.00
6304,BRC0156G,Fatia média,30.00
6305,BRC0132G,Pedaço/ Unidade/ Fatia (M),30.00
6306,BRC0157G,Colher sopa cheia,25.00
6307,BRC0059G,Pedaço/ Unidade/ Fatia (M),20.00
6308,BRC0052G,Fatia média,30.00
6309,BRC0036N,Pedaço/ Unidade/ Fatia (M),30.00
6310,BRC0037N,Pedaço/ Unidade/ Fatia (M),30.00
6311,BRC0154G,Fatia média,30.00
6312,BRC0058G,Pedaço/ Unidade/ Fatia (M),30.00
6313,BRC0039N,Pedaço/ Unidade/ Fatia (M),30.00
6314,BRC0038N,Pedaço/ Unidade/ Fatia (M),30.00
6315,BRC0060G,Colher sobremesa rasa,4.00
6316,BRC0060G,Colher sopa cheia,15.00
6317,BRC0060G,Colher sopa rasa,7.00
6318,BRC0074N,Pedaço/ Unidade/ Fatia (M),30.00
6319,BRC0061G,Colher chá cheia,4.00
6320,BRC0061G,Colher chá rasa,2.00
6321,BRC0061G,Colher sobremesa cheia,8.00
6322,BRC0061G,Colher sobremesa rasa,4.00
6323,BRC0061G,Colher sopa cheia,15.00
6324,BRC0061G,Colher sopa rasa,7.00
6325,BRC0062G,Pedaço/ Unidade/ Fatia (M),20.00
6326,BRC0063G,Pedaço/ Unidade/ Fatia (M),20.00
6327,BRC0095N,Fatia média,30.00
6328,BRC0050G,Pedaço/ Unidade/ Fatia (M),45.00
6329,BRC0064G,Pedaço/ Unidade/ Fatia (M),20.00
6330,BRC0057G,Fatia média,20.00
6331,BRC0065G,Pedaço/ Unidade/ Fatia (M),20.00
6332,BRC0067G,Colher sopa cheia,30.00
6333,BRC0067G,Colher sopa rasa,15.00
6334,BRC0068G,Colher sopa cheia,30.00
6335,BRC0068G,Colher sopa rasa,15.00
6336,BRC0066G,Colher sopa cheia,30.00
6337,BRC0066G,Colher sopa rasa,15.00
6338,BRC0040N,Colher sopa cheia,30.00
6339,BRC0040N,Colher sopa rasa,15.00
6340,BRC0041N,Colher sopa cheia,30.00
6341,BRC0041N,Colher sopa rasa,15.00
6342,BRC0051G,Pedaço/ Unidade/ Fatia (M),30.00
6343,BRC0075N,Pedaço/ Unidade/ Fatia (M),30.00
6344,BRC0071G,Pedaço/ Unidade/ Fatia (M),30.00
6345,BRC0149H,Pedaço/ Unidade/ Fatia (M),200.00
6346,BRC0150H,Pedaço/ Unidade/ Fatia (M),200.00
6347,BRC0153H,Pedaço/ Unidade/ Fatia (M),200.00
6348,BRC0152H,Pedaço/ Unidade/ Fatia (M),200.00
6349,BRC0981A,Porção média,100.00
6350,BRC0224B,Colher sopa cheia,15.00
6351,BRC0224B,Colher sopa rasa,10.00
6352,BRC0223B,Colher sopa cheia,15.00
6353,BRC0223B,Colher sopa rasa,10.00
6354,BRC0155B,Colher sopa cheia,15.00
6355,BRC0155B,Colher sopa rasa,10.00
6356,BRC0200B,Colher sopa cheia,15.00
6357,BRC0200B,Colher sopa rasa,10.00
6358,BRC0199B,Colher sopa cheia,15.00
6359,BRC0199B,Colher sopa rasa,10.00
6360,BRC0055B,Colher sopa cheia,20.00
6361,BRC0055B,Colher sopa rasa,16.00
6362,BRC0032B,Colher sopa cheia,16.00
6363,BRC0032B,Colher sopa rasa,11.00
6364,BRC1079B,Pedaço/ Unidade/ Fatia (M),50.00
6365,BRC0984F,Pedaço/ Unidade/ Fatia (M),50.00
6366,BRC0985F,Porção média,100.00
6367,BRC0149T,Pedaço/ Unidade/ Fatia (M),50.00
6368,BRC0150T,Pedaço/ Unidade/ Fatia (M),50.00
6369,BRC0245T,Pedaço/ Unidade/ Fatia (M),50.00
6370,BRC0246T,Pedaço/ Unidade/ Fatia (M),50.00
6371,BRC0151T,Unidade média,50.00
6372,BRC0152T,Pedaço/ Unidade/ Fatia (M),50.00
6373,BRC0206F,Porção média,60.00
6374,BRC0830F,Pedaço/ Unidade/ Fatia (M),50.00
6375,BRC0205F,Porção média,50.00
6376,BRC0921F,Porção média,60.00
6377,BRC0877F,Pedaço/ Unidade/ Fatia (M),50.00
6378,BRC0207F,Porção média,50.00
6379,BRC1204B,Colher servir cheia,55.00
6380,BRC0959B,Colher sopa cheia,35.00
6381,BRC0959B,Colher sopa rasa,20.00
6382,BRC0959B,Escumadeira cheia,100.00
6383,BRC0959B,Escumadeira rasa,75.00
6384,BRC0131B,Colher sopa cheia,35.00
6385,BRC0131B,Colher sopa rasa,20.00
6386,BRC0131B,Escumadeira cheia,100.00
6387,BRC0131B,Escumadeira rasa,75.00
6388,BRC0652A,Porção média,90.00
6389,BRC0653A,Porção média,90.00
6390,BRC0555E,Porção média,90.00
6391,BRC0031K,Pedaço/ Unidade/ Fatia (M),55.00
6392,BRC0399A,Colher sopa cheia,25.00
6393,BRC0398A,Colher sopa cheia,25.00
6394,BRC0515F,Pedaço/ Unidade/ Fatia (M),110.00
6395,BRC0514F,Pedaço/ Unidade/ Fatia (M),110.00
6396,BRC0321B,Colher servir cheia,40.00
6397,BRC0321B,Colher servir rasa,25.00
6398,BRC0320B,Colher servir cheia,40.00
6399,BRC0320B,Colher servir rasa,25.00
6400,BRC0079B,Colher sopa cheia,20.00
6401,BRC0079B,Pedaço/ Unidade/ Fatia (M),50.00
6402,BRC0306C,Unidade média,20.00
6403,BRC0030K,Pedaço/ Unidade/ Fatia (M),35.00
6404,BRC0717B,Colher servir cheia,60.00
6405,BRC0717B,Colher servir rasa,40.00
6406,BRC0718B,Colher servir cheia,60.00
6407,BRC0718B,Colher servir rasa,40.00
6408,BRC0984A,Porção média,100.00
6409,BRC0983A,Porção média,100.00
6410,BRC0982A,Porção média,100.00
6411,BRC0629A,Porção média,100.00
6412,BRC0628A,Porção média,100.00
6413,BRC0554E,Porção média,70.00
6414,BRC0002S,Porção média,200.00
6415,BRC0001S,Porção média,260.00
6416,BRC0003S,Porção média,200.00
6417,BRC0093N,Colher sopa rasa,15.00
6418,BRC0047N,Copo americano duplo,240.00
6419,BRC0047N,Copo americano pequeno,165.00
6420,BRC0047N,Pedaço/ Unidade/ Fatia (M),350.00
6421,BRC0028H,Copo americano duplo,240.00
6422,BRC0028H,Copo americano pequeno,165.00
6423,BRC0028H,Pedaço/ Unidade/ Fatia (M),350.00
6424,BRC0048N,Copo americano duplo,240.00
6425,BRC0048N,Copo americano pequeno,165.00
6426,BRC0048N,Pedaço/ Unidade/ Fatia (M),350.00
6427,BRC0029H,Copo americano duplo,240.00
6428,BRC0029H,Copo americano pequeno,165.00
6429,BRC0029H,Pedaço/ Unidade/ Fatia (M),350.00
6430,BRC0049N,Copo americano duplo,240.00
6431,BRC0049N,Copo americano pequeno,165.00
6432,BRC0049N,Pedaço/ Unidade/ Fatia (M),350.00
6433,BRC0030H,Copo americano duplo,240.00
6434,BRC0030H,Copo americano pequeno,165.00
6435,BRC0030H,Pedaço/ Unidade/ Fatia (M),350.00
6436,BRC0050N,Copo americano duplo,240.00
6437,BRC0050N,Copo americano pequeno,165.00
6438,BRC0050N,Pedaço/ Unidade/ Fatia (M),350.00
6439,BRC0031H,Copo americano duplo,240.00
6440,BRC0031H,Copo americano pequeno,165.00
6441,BRC0031H,Pedaço/ Unidade/ Fatia (M),350.00
6442,BRC0051N,Copo americano duplo,240.00
6443,BRC0051N,Copo americano pequeno,165.00
6444,BRC0051N,Pedaço/ Unidade/ Fatia (M),350.00
6445,BRC0032H,Copo americano duplo,240.00
6446,BRC0032H,Copo americano pequeno,165.00
6447,BRC0032H,Pedaço/ Unidade/ Fatia (M),350.00
6448,BRC0052N,Copo americano duplo,240.00
6449,BRC0052N,Copo americano pequeno,165.00
6450,BRC0052N,Pedaço/ Unidade/ Fatia (M),350.00
6451,BRC0033H,Copo americano duplo,240.00
6452,BRC0033H,Copo americano pequeno,165.00
6453,BRC0033H,Pedaço/ Unidade/ Fatia (M),350.00
6454,BRC0260B,Colher servir cheia,30.00
6455,BRC0260B,Colher servir rasa,25.00
6456,BRC0259B,Colher servir cheia,30.00
6457,BRC0259B,Colher servir rasa,25.00
6458,BRC0218B,Colher servir cheia,45.00
6459,BRC0218B,Colher servir rasa,35.00
6460,BRC0218B,Colher sopa cheia,20.00
6461,BRC0218B,Colher sopa rasa,12.00
6462,BRC0217B,Colher servir cheia,45.00
6463,BRC0217B,Colher servir rasa,35.00
6464,BRC0217B,Colher sopa cheia,20.00
6465,BRC0217B,Colher sopa rasa,12.00
6466,BRC0148B,Colher servir cheia,45.00
6467,BRC0148B,Colher servir rasa,35.00
6468,BRC0148B,Colher sopa cheia,20.00
6469,BRC0148B,Colher sopa rasa,12.00
6470,BRC0056B,Colher sopa cheia,20.00
6471,BRC0056B,Colher sopa rasa,12.00
6472,BRC0033B,Colher sopa cheia,10.00
6473,BRC0033B,Colher sopa rasa,5.00
6474,BRC0161B,Colher sopa cheia,20.00
6475,BRC0160B,Colher sopa cheia,20.00
6476,BRC0928B,Colher servir cheia,20.00
6477,BRC0927B,Colher sopa rasa,20.00
6478,BRC0080B,Colher sopa cheia,10.00
6479,BRC0080B,Colher sopa rasa,5.00
6480,BRC0899B,Colher servir rasa,35.00
6481,BRC0899B,Colher sopa cheia,20.00
6482,BRC0899B,Colher sopa rasa,12.00
6483,BRC0899B,Concha cheia,130.00
6484,BRC0109B,Colher servir rasa,35.00
6485,BRC0109B,Colher sopa rasa,12.00
6486,BRC0109B,Escumadeira rasa,45.00
6487,BRC0144G,Colher sopa cheia,25.00
6488,BRC0448A,Pedaço/ Unidade/ Fatia (M),60.00
6489,BRC0987A,Pedaço/ Unidade/ Fatia (M),60.00
6490,BRC0442A,Pedaço/ Unidade/ Fatia (M),60.00
6491,BRC0441A,Pedaço/ Unidade/ Fatia (M),60.00
6492,BRC0988A,Pedaço/ Unidade/ Fatia (M),60.00
6493,BRC0440A,Pedaço/ Unidade/ Fatia (M),60.00
6494,BRC0625A,Colher servir cheia,60.00
6495,BRC0625A,Colher servir rasa,45.00
6496,BRC0626A,Colher servir cheia,60.00
6497,BRC0626A,Colher servir rasa,45.00
6498,BRC0624A,Colher servir cheia,60.00
6499,BRC0624A,Colher servir rasa,45.00
6500,BRC0623A,Colher servir cheia,60.00
6501,BRC0623A,Colher servir rasa,45.00
6502,BRC0464A,Colher servir cheia,60.00
6503,BRC0464A,Colher servir rasa,45.00
6504,BRC1087A,Colher servir cheia,60.00
6505,BRC1087A,Colher servir rasa,45.00
6506,BRC0113K,Pedaço/ Unidade/ Fatia (M),70.00
6507,BRC0140K,Pedaço/ Unidade/ Fatia (M),70.00
6508,BRC0114K,Pedaço/ Unidade/ Fatia (M),70.00
6509,BRC0954F,Pedaço/ Unidade/ Fatia (M),110.00
6510,BRC0986A,Pedaço/ Unidade/ Fatia (M),100.00
6511,BRC0627A,Pedaço/ Unidade/ Fatia (M),60.00
6512,BRC0086C,Colher sopa cheia,15.00
6513,BRC0086C,Pedaço/ Unidade/ Fatia (M),240.00
6514,BRC0646A,Porção média,100.00
6515,BRC0645A,Porção média,100.00
6516,BRC0636A,Porção média,100.00
6517,BRC0635A,Porção média,100.00
6518,BRC0638A,Porção média,100.00
6519,BRC0637A,Porção média,100.00
6520,BRC0634A,Porção média,100.00
6521,BRC0633A,Porção média,100.00
6522,BRC0640A,Pedaço/ Unidade/ Fatia (M),100.00
6523,BRC0639A,Porção média,100.00
6524,BRC0643A,Porção média,100.00
6525,BRC0644A,Porção média,100.00
6526,BRC0642A,Porção média,100.00
6527,BRC0641A,Porção média,100.00
6528,BRC0198A,Pedaço/ Unidade/ Fatia (M),30.00
6529,BRC0561F,Pedaço/ Unidade/ Fatia (M),110.00
6530,BRC0560F,Pedaço/ Unidade/ Fatia (M),110.00
6531,BRC0320E,Colher servir cheia,45.00
6532,BRC0320E,Colher servir cheia,60.00
6533,BRC0137T,Porção média,100.00
6534,BRC0952B,Colher sopa cheia,25.00
6535,BRC0081B,Colher sopa cheia,7.00
6536,BRC0965B,Colher sopa cheia,25.00
6537,BRC0074K,Colher sopa cheia,30.00
6538,BRC0061R,Colher sopa rasa,15.00
6539,BRC0075K,Colher sopa cheia,30.00
6540,BRC0083K,Colher sopa cheia,30.00
6541,BRC0091K,Colher sopa cheia,30.00
6542,BRC0062R,Colher sopa rasa,15.00
6543,BRC0060R,Colher sopa rasa,15.00
6544,BRC0073K,Colher sopa cheia,30.00
6545,BRC0063R,Colher sopa rasa,15.00
6546,BRC0064R,Colher sopa rasa,15.00
6547,BRC0076K,Colher sopa cheia,30.00
6548,BRC0065R,Colher sopa rasa,15.00
6549,BRC0066R,Colher sopa rasa,15.00
6550,BRC0077K,Colher sopa cheia,30.00
6551,BRC0034L,Colher sobremesa cheia,17.00
6552,BRC0034L,Colher sobremesa rasa,11.00
6553,BRC0034L,Colher sopa cheia,22.00
6554,BRC0034L,Colher sopa rasa,12.00
6555,BRC0017L,Colher sobremesa cheia,17.00
6556,BRC0017L,Colher sobremesa rasa,11.00
6557,BRC0017L,Colher sopa cheia,22.00
6558,BRC0017L,Colher sopa rasa,12.00
6559,BRC0018L,Colher sopa cheia,31.00
6560,BRC0018L,Colher sopa rasa,21.00
6561,BRC0020L,Colher sobremesa cheia,17.00
6562,BRC0020L,Colher sobremesa rasa,11.00
6563,BRC0020L,Colher sopa cheia,22.00
6564,BRC0020L,Colher sopa rasa,12.00
6565,BRC0091C,Colher servir rasa,55.00
6566,BRC0091C,Colher sopa cheia,38.00
6567,BRC0188C,Colher servir rasa,55.00
6568,BRC0188C,Colher sopa cheia,38.00
6569,BRC0187C,Colher servir rasa,55.00
6570,BRC0187C,Colher sopa cheia,38.00
6571,BRC0956B,Colher servir cheia,55.00
6572,BRC0956B,Colher sopa cheia,30.00
6573,BRC0132B,Colher servir cheia,70.00
6574,BRC0132B,Colher sopa cheia,38.00
6575,BRC0919B,Colher servir cheia,50.00
6576,BRC0972B,Colher servir cheia,55.00
6577,BRC0972B,Colher sopa cheia,30.00
6578,BRC0678B,Porção média,70.00
6579,BRC0325B,Colher sopa cheia,20.00
6580,BRC0325B,Colher sopa rasa,15.00
6581,BRC0644B,Porção média,90.00
6582,BRC0646B,Porção média,90.00
6583,BRC0647B,Porção média,90.00
6584,BRC0649B,Porção média,90.00
6585,BRC0645B,Porção média,90.00
6586,BRC0648B,Porção média,90.00
6587,BRC0639B,Porção média,90.00
6588,BRC0641B,Porção média,90.00
6589,BRC0642B,Porção média,90.00
6590,BRC0640B,Porção média,90.00
6591,BRC0643B,Porção média,90.00
6592,BRC0192B,Colher sopa cheia,20.00
6593,BRC0191B,Colher sopa cheia,20.00
6594,BRC0990B,Porção média,90.00
6595,BRC0433B,Porção média,90.00
6596,BRC0381B,Porção média,90.00
6597,BRC0432B,Porção média,90.00
6598,BRC0374B,Porção média,90.00
6599,BRC0198B,Colher sopa rasa,15.00
6600,BRC0197B,Colher sopa rasa,15.00
6601,BRC0508B,Porção média,90.00
6602,BRC0976B,Porção média,90.00
6603,BRC0506B,Porção média,90.00
6604,BRC0513B,Porção média,90.00
6605,BRC0514B,Porção média,90.00
6606,BRC0510B,Porção média,90.00
6607,BRC0516B,Porção média,90.00
6608,BRC0977B,Porção média,90.00
6609,BRC0512B,Porção média,90.00
6610,BRC0515B,Porção média,90.00
6611,BRC0509B,Porção média,90.00
6612,BRC0505B,Porção média,90.00
6613,BRC0507B,Porção média,90.00
6614,BRC0511B,Porção média,90.00
6615,BRC0500B,Porção média,70.00
6616,BRC0502B,Porção média,70.00
6617,BRC0503B,Porção média,70.00
6618,BRC0339B,Colher sopa cheia,22.00
6619,BRC0339B,Colher sopa rasa,15.00
6620,BRC0338B,Colher sopa cheia,22.00
6621,BRC0338B,Colher sopa rasa,15.00
6622,BRC0501B,Porção média,70.00
6623,BRC0504B,Porção média,70.00
6624,BRC0597B,Porção média,40.00
6625,BRC0599B,Porção média,40.00
6626,BRC0600B,Porção média,40.00
6627,BRC0602B,Porção média,40.00
6628,BRC0987B,Colher sopa cheia,12.00
6629,BRC0598B,Porção média,40.00
6630,BRC0419B,Porção média,90.00
6631,BRC0420B,Porção média,90.00
6632,BRC0206B,Colher sopa cheia,12.00
6633,BRC0205B,Colher sopa cheia,12.00
6634,BRC0601B,Porção média,40.00
6635,BRC0988B,Porção média,90.00
6636,BRC0562B,Porção média,90.00
6637,BRC0564B,Porção média,90.00
6638,BRC0565B,Porção média,90.00
6639,BRC0566B,Porção média,90.00
6640,BRC0563B,Porção média,90.00
6641,BRC0567B,Porção média,90.00
6642,BRC0194B,Colher servir cheia,45.00
6643,BRC0194B,Colher servir rasa,28.00
6644,BRC0194B,Colher sopa cheia,20.00
6645,BRC0194B,Colher sopa rasa,15.00
6646,BRC0194B,Escumadeira cheia,110.00
6647,BRC0194B,Escumadeira rasa,60.00
6648,BRC0193B,Colher servir cheia,45.00
6649,BRC0193B,Colher servir rasa,28.00
6650,BRC0193B,Colher sopa cheia,20.00
6651,BRC0193B,Colher sopa rasa,15.00
6652,BRC0193B,Escumadeira cheia,110.00
6653,BRC0193B,Escumadeira rasa,60.00
6654,BRC0517B,Porção média,70.00
6655,BRC0519B,Porção média,70.00
6656,BRC0520B,Porção média,70.00
6657,BRC0518B,Porção média,70.00
6658,BRC0521B,Porção média,70.00
6659,BRC0174B,Colher sopa cheia,15.00
6660,BRC0173B,Colher sopa cheia,15.00
6661,BRC0568B,Porção média,90.00
6662,BRC0570B,Porção média,90.00
6663,BRC0571B,Porção média,90.00
6664,BRC0182B,Colher sopa cheia,25.00
6665,BRC0182B,Colher sopa rasa,15.00
6666,BRC0181B,Colher sopa cheia,25.00
6667,BRC0181B,Colher sopa rasa,15.00
6668,BRC0569B,Porção média,90.00
6669,BRC0572B,Porção média,90.00
6670,BRC0983B,Porção média,40.00
6671,BRC0573B,Porção média,40.00
6672,BRC0575B,Porção média,40.00
6673,BRC0576B,Porção média,40.00
6674,BRC0578B,Porção média,40.00
6675,BRC0574B,Porção média,40.00
6676,BRC0577B,Porção média,40.00
6677,BRC0603B,Porção média,90.00
6678,BRC0605B,Porção média,90.00
6679,BRC0606B,Porção média,90.00
6680,BRC0604B,Porção média,90.00
6681,BRC0607B,Porção média,90.00
6682,BRC0184B,Colher sopa cheia,25.00
6683,BRC0183B,Colher sopa cheia,25.00
6684,BRC0173T,Porção média,90.00
6685,BRC0176T,Porção média,90.00
6686,BRC0177T,Porção média,90.00
6687,BRC0403B,Porção média,70.00
6688,BRC0452B,Porção média,70.00
6689,BRC0454B,Porção média,90.00
6690,BRC0455B,Porção média,90.00
6691,BRC0404B,Porção média,70.00
6692,BRC0405B,Porção média,70.00
6693,BRC0406B,Porção média,90.00
6694,BRC0453B,Porção média,70.00
6695,BRC0391B,Porção média,40.00
6696,BRC0397B,Porção média,70.00
6697,BRC0399B,Porção média,70.00
6698,BRC0400B,Porção média,40.00
6699,BRC0394B,Pedaço/ Unidade/ Fatia (M),40.00
6700,BRC0393B,Porção média,40.00
6701,BRC0392B,Porção média,40.00
6702,BRC0398B,Porção média,40.00
6703,BRC0401B,Porção média,40.00
6704,BRC0395B,Porção média,40.00
6705,BRC0402B,Porção média,70.00
6706,BRC0396B,Porção média,70.00
6707,BRC0174T,Porção média,90.00
6708,BRC0178T,Porção média,90.00
6709,BRC0179T,Porção média,90.00
6710,BRC0412B,Porção média,90.00
6711,BRC0456B,Porção média,90.00
6712,BRC0364B,Porção média,90.00
6713,BRC0369B,Porção média,90.00
6714,BRC0366B,Porção média,90.00
6715,BRC0371B,Porção média,90.00
6716,BRC0372B,Porção média,90.00
6717,BRC0367B,Porção média,90.00
6718,BRC0365B,Porção média,90.00
6719,BRC0370B,Porção média,90.00
6720,BRC0373B,Porção média,90.00
6721,BRC0368B,Porção média,90.00
6722,BRC0175T,Porção média,90.00
6723,BRC0180T,Porção média,90.00
6724,BRC0181T,Porção média,90.00
6725,BRC0939A,Colher servir cheia,50.00
6726,BRC0939A,Colher servir rasa,25.00
6727,BRC0939A,Escumadeira cheia,110.00
6728,BRC0939A,Escumadeira rasa,90.00
6729,BRC0940A,Colher servir cheia,50.00
6730,BRC0940A,Colher servir rasa,25.00
6731,BRC0940A,Escumadeira cheia,110.00
6732,BRC0940A,Escumadeira rasa,90.00
6733,BRC0938A,Colher servir cheia,50.00
6734,BRC0938A,Colher servir rasa,25.00
6735,BRC0938A,Escumadeira cheia,110.00
6736,BRC0938A,Escumadeira rasa,90.00
6737,BRC0989A,Colher servir cheia,50.00
6738,BRC0989A,Colher servir rasa,25.00
6739,BRC0989A,Escumadeira cheia,110.00
6740,BRC0989A,Escumadeira rasa,90.00
6741,BRC0990A,Colher servir cheia,50.00
6742,BRC0990A,Colher servir rasa,25.00
6743,BRC0990A,Escumadeira cheia,110.00
6744,BRC0990A,Escumadeira rasa,90.00
6745,BRC0222A,Colher servir cheia,50.00
6746,BRC0222A,Escumadeira cheia,110.00
6747,BRC0222A,Escumadeira rasa,90.00
6748,BRC0221A,Colher servir cheia,50.00
6749,BRC0221A,Escumadeira cheia,110.00
6750,BRC0221A,Escumadeira rasa,90.00
6751,BRC0254B,Porção média,70.00
6752,BRC0253B,Porção média,70.00
6753,BRC0992B,Porção média,90.00
6754,BRC0421B,Porção média,90.00
6755,BRC0422B,Porção média,90.00
6756,BRC0608B,Porção média,90.00
6757,BRC0609B,Porção média,90.00
6758,BRC0612B,Porção média,90.00
6759,BRC0522B,Porção média,70.00
6760,BRC0524B,Porção média,70.00
6761,BRC0525B,Porção média,70.00
6762,BRC0527B,Porção média,70.00
6763,BRC0978B,Porção média,70.00
6764,BRC0523B,Porção média,70.00
6765,BRC0528B,Porção média,70.00
6766,BRC0530B,Porção média,70.00
6767,BRC0531B,Porção média,70.00
6768,BRC0533B,Porção média,70.00
6769,BRC0979B,Porção média,70.00
6770,BRC0529B,Porção média,70.00
6771,BRC0532B,Porção média,70.00
6772,BRC0526B,Porção média,70.00
6773,BRC0540B,Porção média,70.00
6774,BRC0542B,Porção média,70.00
6775,BRC0543B,Porção média,70.00
6776,BRC0541B,Porção média,70.00
6777,BRC0545B,Porção média,70.00
6778,BRC0547B,Porção média,70.00
6779,BRC0548B,Porção média,70.00
6780,BRC0549B,Porção média,70.00
6781,BRC0546B,Porção média,70.00
6782,BRC0544B,Porção média,70.00
6783,BRC0550B,Porção média,70.00
6784,BRC0710B,Porção média,90.00
6785,BRC0711B,Porção média,90.00
6786,BRC0712B,Porção média,90.00
6787,BRC0708B,Porção média,90.00
6788,BRC0709B,Porção média,90.00
6789,BRC0981B,Porção média,70.00
6790,BRC0980B,Porção média,70.00
6791,BRC0534B,Porção média,70.00
6792,BRC0536B,Porção média,70.00
6793,BRC0537B,Porção média,70.00
6794,BRC0539B,Porção média,70.00
6795,BRC0535B,Porção média,70.00
6796,BRC0538B,Porção média,70.00
6797,BRC1015B,Colher servir cheia,45.00
6798,BRC1015B,Colher servir rasa,35.00
6799,BRC1015B,Colher sopa cheia,20.00
6800,BRC1015B,Colher sopa rasa,12.00
6801,BRC1016B,Colher servir cheia,45.00
6802,BRC1016B,Colher servir rasa,35.00
6803,BRC1016B,Colher sopa cheia,20.00
6804,BRC1016B,Colher sopa rasa,12.00
6805,BRC0622B,Porção média,70.00
6806,BRC0319B,Colher servir cheia,40.00
6807,BRC0319B,Colher servir rasa,25.00
6808,BRC0318B,Colher servir cheia,40.00
6809,BRC0318B,Colher servir rasa,25.00
6810,BRC0624B,Porção média,70.00
6811,BRC0625B,Porção média,70.00
6812,BRC0623B,Porção média,70.00
6813,BRC0626B,Porção média,70.00
6814,BRC1013B,Colher servir cheia,45.00
6815,BRC1013B,Colher servir rasa,35.00
6816,BRC1013B,Colher sopa cheia,20.00
6817,BRC1013B,Colher sopa rasa,12.00
6818,BRC1014B,Colher servir cheia,45.00
6819,BRC1014B,Colher servir rasa,35.00
6820,BRC1014B,Colher sopa cheia,20.00
6821,BRC1014B,Colher sopa rasa,12.00
6822,BRC0627B,Porção média,70.00
6823,BRC0629B,Porção média,70.00
6824,BRC0630B,Porção média,70.00
6825,BRC0632B,Porção média,70.00
6826,BRC0628B,Porção média,70.00
6827,BRC0631B,Porção média,70.00
6828,BRC1028B,Colher servir cheia,45.00
6829,BRC1028B,Colher servir rasa,35.00
6830,BRC1028B,Colher sopa cheia,20.00
6831,BRC1028B,Colher sopa rasa,12.00
6832,BRC1029B,Colher servir cheia,45.00
6833,BRC1029B,Colher servir rasa,35.00
6834,BRC1029B,Colher sopa cheia,20.00
6835,BRC1029B,Colher sopa rasa,12.00
6836,BRC0982B,Colher servir cheia,45.00
6837,BRC0982B,Colher servir rasa,35.00
6838,BRC0982B,Colher sopa cheia,20.00
6839,BRC0982B,Colher sopa rasa,12.00
6840,BRC0551B,Porção média,70.00
6841,BRC0553B,Porção média,70.00
6842,BRC0554B,Porção média,70.00
6843,BRC0186B,Colher servir cheia,45.00
6844,BRC0186B,Colher servir rasa,35.00
6845,BRC0186B,Colher sopa cheia,20.00
6846,BRC0186B,Colher sopa rasa,12.00
6847,BRC0185B,Colher servir cheia,45.00
6848,BRC0185B,Colher servir rasa,35.00
6849,BRC0185B,Colher sopa cheia,20.00
6850,BRC0185B,Colher sopa rasa,12.00
6851,BRC0552B,Porção média,70.00
6852,BRC0555B,Porção média,70.00
6853,BRC0423B,Porção média,90.00
6854,BRC0424B,Porção média,90.00
6855,BRC0633B,Porção média,40.00
6856,BRC0635B,Porção média,40.00
6857,BRC0636B,Porção média,40.00
6858,BRC0638B,Porção média,40.00
6859,BRC0991B,Porção média,40.00
6860,BRC0634B,Porção média,40.00
6861,BRC0637B,Porção média,40.00
6862,BRC0193T,Porção média,90.00
6863,BRC0557B,Porção média,70.00
6864,BRC0559B,Porção média,70.00
6865,BRC0560B,Porção média,70.00
6866,BRC0558B,Porção média,70.00
6867,BRC0561B,Porção média,70.00
6868,BRC0656B,Porção média,90.00
6869,BRC0657B,Porção média,90.00
6870,BRC0428B,Porção média,90.00
6871,BRC0429B,Pedaço/ Unidade/ Fatia (M),90.00
6872,BRC0430B,Porção média,90.00
6873,BRC0993B,Porção média,90.00
6874,BRC0989B,Porção média,90.00
6875,BRC0650B,Porção média,90.00
6876,BRC0652B,Porção média,90.00
6877,BRC0653B,Porção média,90.00
6878,BRC0654B,Porção média,90.00
6879,BRC0651B,Porção média,90.00
6880,BRC0655B,Porção média,90.00
6881,BRC0425B,Porção média,90.00
6882,BRC0616B,Porção média,90.00
6883,BRC0376B,Porção média,70.00
6884,BRC0407B,Porção média,90.00
6885,BRC0410B,Porção média,90.00
6886,BRC0619B,Porção média,90.00
6887,BRC0378B,Porção média,70.00
6888,BRC0379B,Porção média,70.00
6889,BRC0409B,Porção média,90.00
6890,BRC0621B,Porção média,90.00
6891,BRC0617B,Porção média,90.00
6892,BRC0408B,Porção média,90.00
6893,BRC0426B,Porção média,90.00
6894,BRC0377B,Porção média,70.00
6895,BRC0618B,Porção média,90.00
6896,BRC0620B,Porção média,40.00
6897,BRC0411B,Porção média,90.00
6898,BRC0427B,Porção média,90.00
6899,BRC0380B,Porção média,70.00
6900,BRC0448B,Porção média,70.00
6901,BRC0450B,Porção média,70.00
6902,BRC0449B,Porção média,70.00
6903,BRC0451B,Porção média,70.00
6904,BRC0375B,Porção média,90.00
6905,BRC0431B,Porção média,90.00
6906,BRC0209F,Pedaço/ Unidade/ Fatia (M),5.00
6907,BRC0210F,Pedaço/ Unidade/ Fatia (M),5.00
6908,BRC0208F,Pedaço/ Unidade/ Fatia (M),5.00
6909,BRC0211F,Pedaço/ Unidade/ Fatia (M),5.00
6910,BRC0212F,Pedaço/ Unidade/ Fatia (M),5.00
6911,BRC0062N,Porção média,50.00
6912,BRC0804A,Porção média,50.00
6913,BRC0212A,Pedaço/ Unidade/ Fatia (M),50.00
6914,BRC0991A,Pedaço/ Unidade/ Fatia (M),80.00
6915,BRC0308E,Porção média,100.00
6916,BRC0958B,Colher servir cheia,40.00
6917,BRC0958B,Colher servir rasa,25.00
6918,BRC0958B,Colher sopa cheia,25.00
6919,BRC0958B,Colher sopa rasa,20.00
6920,BRC0134B,Colher servir cheia,40.00
6921,BRC0134B,Colher servir rasa,25.00
6922,BRC0134B,Colher sopa cheia,25.00
6923,BRC0134B,Colher sopa rasa,20.00
6924,BRC0134B,Escumadeira cheia,50.00
6925,BRC0134B,Escumadeira rasa,30.00
6926,BRC0057B,Colher sopa cheia,10.00
6927,BRC0034B,Colher sopa cheia,6.00
6928,BRC0034B,Colher sopa rasa,4.00
6929,BRC1199B,Colher sopa rasa,6.00
6930,BRC0859F,Pedaço/ Unidade/ Fatia (M),30.00
6931,BRC0214F,Pedaço/ Unidade/ Fatia (M),50.00
6932,BRC0215F,Unidade média,50.00
6933,BRC0066N,Unidade média,30.00
6934,BRC0216F,Pedaço/ Unidade/ Fatia (M),60.00
6935,BRC0213F,Pedaço/ Unidade/ Fatia (M),50.00
6936,BRC1091F,Unidade média,50.00
6937,BRC1093F,Porção média,100.00
6938,BRC0217F,Pedaço/ Unidade/ Fatia (M),60.00
6939,BRC1196B,Colher sopa rasa,6.00
6940,BRC0286A,Pedaço/ Unidade/ Fatia (M),90.00
6941,BRC0285A,Pedaço/ Unidade/ Fatia (M),90.00
6942,BRC0283A,Pedaço/ Unidade/ Fatia (M),90.00
6943,BRC0289A,Pedaço/ Unidade/ Fatia (M),80.00
6944,BRC0288A,Pedaço/ Unidade/ Fatia (M),90.00
6945,BRC0259A,Pedaço/ Unidade/ Fatia (M),190.00
6946,BRC0258A,Pedaço/ Unidade/ Fatia (M),210.00
6947,BRC0257A,Pedaço/ Unidade/ Fatia (M),210.00
6948,BRC0256A,Pedaço/ Unidade/ Fatia (M),210.00
6949,BRC0411A,Porção média,190.00
6950,BRC0383A,Pedaço/ Unidade/ Fatia (M),220.00
6951,BRC0385A,Pedaço/ Unidade/ Fatia (M),220.00
6952,BRC0387A,Pedaço/ Unidade/ Fatia (M),190.00
6953,BRC0386A,Pedaço/ Unidade/ Fatia (M),210.00
6954,BRC0384A,Pedaço/ Unidade/ Fatia (M),210.00
6955,BRC0001M,Unidade média,200.00
6956,BRC0493A,Unidade média,165.00
6957,BRC0240A,Porção média,170.00
6958,BRC0243A,Unidade média,150.00
6959,BRC0242A,Pedaço/ Unidade/ Fatia (M),210.00
6960,BRC0241A,Unidade média,305.00
6961,BRC0366A,Pedaço/ Unidade/ Fatia (M),150.00
6962,BRC0363A,Pedaço/ Unidade/ Fatia (M),190.00
6963,BRC0364A,Pedaço/ Unidade/ Fatia (M),325.00
6964,BRC0365A,Pedaço/ Unidade/ Fatia (M),210.00
6965,BRC0253A,Unidade média,215.00
6966,BRC0252A,Unidade média,235.00
6967,BRC0865A,Pedaço/ Unidade/ Fatia (M),160.00
6968,BRC0866A,Pedaço/ Unidade/ Fatia (M),160.00
6969,BRC0863A,Pedaço/ Unidade/ Fatia (M),160.00
6970,BRC0864A,Pedaço/ Unidade/ Fatia (M),160.00
6971,BRC0248A,Unidade média,170.00
6972,BRC0007M,Unidade média,200.00
6973,BRC0010M,Unidade média,200.00
6974,BRC0011M,Unidade média,200.00
6975,BRC0008M,Unidade média,200.00
6976,BRC0291A,Pedaço/ Unidade/ Fatia (M),180.00
6977,BRC0293A,Pedaço/ Unidade/ Fatia (M),210.00
6978,BRC0294A,Pedaço/ Unidade/ Fatia (M),210.00
6979,BRC0848A,Pedaço/ Unidade/ Fatia (M),210.00
6980,BRC0292A,Pedaço/ Unidade/ Fatia (M),200.00
6981,BRC0841A,Pedaço/ Unidade/ Fatia (M),170.00
6982,BRC0245A,Unidade média,140.00
6983,BRC0244A,Unidade média,200.00
6984,BRC0246A,Unidade média,160.00
6985,BRC0249A,Unidade média,190.00
6986,BRC0247A,Unidade média,220.00
6987,BRC0250A,Unidade média,185.00
6988,BRC0251A,Unidade média,205.00
6989,BRC1075A,Pedaço/ Unidade/ Fatia (M),180.00
6990,BRC1060A,Pedaço/ Unidade/ Fatia (M),160.00
6991,BRC0318A,Pedaço/ Unidade/ Fatia (M),210.00
6992,BRC0413A,Pedaço/ Unidade/ Fatia (M),90.00
6993,BRC1209A,Porção média,90.00
6994,BRC0264A,Pedaço/ Unidade/ Fatia (M),110.00
6995,BRC0261A,Pedaço/ Unidade/ Fatia (M),120.00
6996,BRC0263A,Pedaço/ Unidade/ Fatia (M),120.00
6997,BRC0271A,Pedaço/ Unidade/ Fatia (M),120.00
6998,BRC0260A,Pedaço/ Unidade/ Fatia (M),90.00
6999,BRC0262A,Pedaço/ Unidade/ Fatia (M),90.00
7000,BRC0269A,Pedaço/ Unidade/ Fatia (M),120.00
7001,BRC0267A,Porção média,90.00
7002,BRC0266A,Pedaço/ Unidade/ Fatia (M),120.00
7003,BRC0265A,Pedaço/ Unidade/ Fatia (M),120.00
7004,BRC0268A,Pedaço/ Unidade/ Fatia (M),120.00
7005,BRC0270A,Pedaço/ Unidade/ Fatia (M),120.00
7006,BRC0473A,Pedaço/ Unidade/ Fatia (M),65.00
7007,BRC0474A,Pedaço/ Unidade/ Fatia (M),80.00
7008,BRC0472A,Pedaço/ Unidade/ Fatia (M),65.00
7009,BRC0877A,Pedaço/ Unidade/ Fatia (M),90.00
7010,BRC0491A,Porção média,110.00
7011,BRC0767A,Pedaço/ Unidade/ Fatia (M),110.00
7012,BRC0763A,Pedaço/ Unidade/ Fatia (M),110.00
7013,BRC0500A,Pedaço/ Unidade/ Fatia (M),110.00
7014,BRC0476A,Pedaço/ Unidade/ Fatia (M),65.00
7015,BRC0452A,Pedaço/ Unidade/ Fatia (M),140.00
7016,BRC0325A,Pedaço/ Unidade/ Fatia (M),160.00
7017,BRC0477A,Pedaço/ Unidade/ Fatia (M),80.00
7018,BRC0331A,Pedaço/ Unidade/ Fatia (M),120.00
7019,BRC0343A,Pedaço/ Unidade/ Fatia (M),110.00
7020,BRC0355A,Pedaço/ Unidade/ Fatia (M),110.00
7021,BRC0330A,Pedaço/ Unidade/ Fatia (M),140.00
7022,BRC0332A,Pedaço/ Unidade/ Fatia (M),130.00
7023,BRC0338A,Pedaço/ Unidade/ Fatia (M),130.00
7024,BRC0342A,Pedaço/ Unidade/ Fatia (M),130.00
7025,BRC0344A,Pedaço/ Unidade/ Fatia (M),120.00
7026,BRC0350A,Pedaço/ Unidade/ Fatia (M),120.00
7027,BRC0354A,Pedaço/ Unidade/ Fatia (M),130.00
7028,BRC0356A,Pedaço/ Unidade/ Fatia (M),120.00
7029,BRC0362A,Pedaço/ Unidade/ Fatia (M),120.00
7030,BRC0302A,Pedaço/ Unidade/ Fatia (M),80.00
7031,BRC0304A,Pedaço/ Unidade/ Fatia (M),100.00
7032,BRC0306A,Pedaço/ Unidade/ Fatia (M),90.00
7033,BRC0309A,Pedaço/ Unidade/ Fatia (M),90.00
7034,BRC0381A,Pedaço/ Unidade/ Fatia (M),130.00
7035,BRC0378A,Pedaço/ Unidade/ Fatia (M),130.00
7036,BRC0392A,Pedaço/ Unidade/ Fatia (M),185.00
7037,BRC0388A,Pedaço/ Unidade/ Fatia (M),175.00
7038,BRC0852A,Pedaço/ Unidade/ Fatia (M),180.00
7039,BRC0390A,Pedaço/ Unidade/ Fatia (M),225.00
7040,BRC0393A,Pedaço/ Unidade/ Fatia (M),225.00
7041,BRC0755A,Pedaço/ Unidade/ Fatia (M),110.00
7042,BRC0389A,Pedaço/ Unidade/ Fatia (M),185.00
7043,BRC0813A,Pedaço/ Unidade/ Fatia (M),120.00
7044,BRC0391A,Pedaço/ Unidade/ Fatia (M),175.00
7045,BRC0394A,Pedaço/ Unidade/ Fatia (M),175.00
7046,BRC0321A,Pedaço/ Unidade/ Fatia (M),90.00
7047,BRC0475A,Pedaço/ Unidade/ Fatia (M),65.00
7048,BRC0759A,Pedaço/ Unidade/ Fatia (M),100.00
7049,BRC0499A,Porção média,140.00
7050,BRC0492A,Porção média,100.00
7051,BRC0768A,Pedaço/ Unidade/ Fatia (M),110.00
7052,BRC0764A,Pedaço/ Unidade/ Fatia (M),110.00
7053,BRC0557A,Porção média,140.00
7054,BRC0622A,Pedaço/ Unidade/ Fatia (M),160.00
7055,BRC0323A,Pedaço/ Unidade/ Fatia (M),140.00
7056,BRC0713A,Porção média,150.00
7057,BRC0451A,Pedaço/ Unidade/ Fatia (M),160.00
7058,BRC0326A,Pedaço/ Unidade/ Fatia (M),160.00
7059,BRC0328A,Pedaço/ Unidade/ Fatia (M),110.00
7060,BRC0340A,Pedaço/ Unidade/ Fatia (M),110.00
7061,BRC0352A,Pedaço/ Unidade/ Fatia (M),110.00
7062,BRC0327A,Pedaço/ Unidade/ Fatia (M),130.00
7063,BRC0329A,Pedaço/ Unidade/ Fatia (M),130.00
7064,BRC0336A,Pedaço/ Unidade/ Fatia (M),130.00
7065,BRC0339A,Pedaço/ Unidade/ Fatia (M),140.00
7066,BRC0341A,Pedaço/ Unidade/ Fatia (M),120.00
7067,BRC0348A,Pedaço/ Unidade/ Fatia (M),120.00
7068,BRC0351A,Pedaço/ Unidade/ Fatia (M),130.00
7069,BRC0353A,Pedaço/ Unidade/ Fatia (M),120.00
7070,BRC0360A,Pedaço/ Unidade/ Fatia (M),120.00
7071,BRC0301A,Pedaço/ Unidade/ Fatia (M),100.00
7072,BRC0303A,Pedaço/ Unidade/ Fatia (M),90.00
7073,BRC0307A,Pedaço/ Unidade/ Fatia (M),90.00
7074,BRC0380A,Pedaço/ Unidade/ Fatia (M),130.00
7075,BRC0377A,Pedaço/ Unidade/ Fatia (M),130.00
7076,BRC0756A,Pedaço/ Unidade/ Fatia (M),110.00
7077,BRC0760A,Pedaço/ Unidade/ Fatia (M),100.00
7078,BRC0501A,Porção média,110.00
7079,BRC0298A,Pedaço/ Unidade/ Fatia (M),90.00
7080,BRC0254A,Unidade média,175.00
7081,BRC1205A,Porção média,70.00
7082,BRC0766A,Pedaço/ Unidade/ Fatia (M),110.00
7083,BRC0762A,Pedaço/ Unidade/ Fatia (M),110.00
7084,BRC0494A,Pedaço/ Unidade/ Fatia (M),190.00
7085,BRC0496A,Unidade média,190.00
7086,BRC0495A,Porção média,150.00
7087,BRC0497A,Pedaço/ Unidade/ Fatia (M),190.00
7088,BRC0498A,Porção média,140.00
7089,BRC0419A,Porção média,60.00
7090,BRC0312A,Pedaço/ Unidade/ Fatia (M),80.00
7091,BRC0310A,Pedaço/ Unidade/ Fatia (M),90.00
7092,BRC0311A,Pedaço/ Unidade/ Fatia (M),90.00
7093,BRC0313A,Pedaço/ Unidade/ Fatia (M),180.00
7094,BRC0471A,Pedaço/ Unidade/ Fatia (M),80.00
7095,BRC0334A,Pedaço/ Unidade/ Fatia (M),120.00
7096,BRC0346A,Pedaço/ Unidade/ Fatia (M),130.00
7097,BRC0358A,Pedaço/ Unidade/ Fatia (M),110.00
7098,BRC0333A,Pedaço/ Unidade/ Fatia (M),140.00
7099,BRC0335A,Pedaço/ Unidade/ Fatia (M),120.00
7100,BRC0337A,Pedaço/ Unidade/ Fatia (M),130.00
7101,BRC0347A,Pedaço/ Unidade/ Fatia (M),130.00
7102,BRC0345A,Pedaço/ Unidade/ Fatia (M),130.00
7103,BRC0349A,Pedaço/ Unidade/ Fatia (M),120.00
7104,BRC0357A,Pedaço/ Unidade/ Fatia (M),130.00
7105,BRC0359A,Pedaço/ Unidade/ Fatia (M),120.00
7106,BRC0361A,Pedaço/ Unidade/ Fatia (M),120.00
7107,BRC0300A,Pedaço/ Unidade/ Fatia (M),80.00
7108,BRC0299A,Pedaço/ Unidade/ Fatia (M),90.00
7109,BRC0308A,Pedaço/ Unidade/ Fatia (M),90.00
7110,BRC0382A,Pedaço/ Unidade/ Fatia (M),130.00
7111,BRC0255A,Pedaço/ Unidade/ Fatia (M),140.00
7112,BRC0379A,Pedaço/ Unidade/ Fatia (M),130.00
7113,BRC0317A,Pedaço/ Unidade/ Fatia (M),90.00
7114,BRC0754A,Pedaço/ Unidade/ Fatia (M),110.00
7115,BRC0315A,Pedaço/ Unidade/ Fatia (M),100.00
7116,BRC0316A,Pedaço/ Unidade/ Fatia (M),100.00
7117,BRC0414A,Porção média,100.00
7118,BRC0320A,Pedaço/ Unidade/ Fatia (M),160.00
7119,BRC0758A,Pedaço/ Unidade/ Fatia (M),100.00
7120,BRC0297A,Pedaço/ Unidade/ Fatia (M),80.00
7121,BRC0295A,Pedaço/ Unidade/ Fatia (M),90.00
7122,BRC0296A,Pedaço/ Unidade/ Fatia (M),90.00
7123,BRC0769A,Pedaço/ Unidade/ Fatia (M),130.00
7124,BRC0765A,Pedaço/ Unidade/ Fatia (M),130.00
7125,BRC0845A,Pedaço/ Unidade/ Fatia (M),170.00
7126,BRC0844A,Pedaço/ Unidade/ Fatia (M),170.00
7127,BRC0842A,Porção média,150.00
7128,BRC0936A,Porção média,150.00
7129,BRC0843A,Pedaço/ Unidade/ Fatia (M),170.00
7130,BRC0757A,Pedaço/ Unidade/ Fatia (M),130.00
7131,BRC0761A,Pedaço/ Unidade/ Fatia (M),100.00
7132,BRC0367A,Pedaço/ Unidade/ Fatia (M),190.00
7133,BRC0371A,Pedaço/ Unidade/ Fatia (M),160.00
7134,BRC0372A,Pedaço/ Unidade/ Fatia (M),180.00
7135,BRC0370A,Pedaço/ Unidade/ Fatia (M),180.00
7136,BRC0376A,Pedaço/ Unidade/ Fatia (M),210.00
7137,BRC0373A,Pedaço/ Unidade/ Fatia (M),160.00
7138,BRC0374A,Pedaço/ Unidade/ Fatia (M),180.00
7139,BRC0369A,Pedaço/ Unidade/ Fatia (M),150.00
7140,BRC0375A,Pedaço/ Unidade/ Fatia (M),190.00
7141,BRC0368A,Pedaço/ Unidade/ Fatia (M),190.00
7142,BRC0275A,Pedaço/ Unidade/ Fatia (M),90.00
7143,BRC0272A,Pedaço/ Unidade/ Fatia (M),90.00
7144,BRC0284A,Pedaço/ Unidade/ Fatia (M),90.00
7145,BRC0281A,Pedaço/ Unidade/ Fatia (M),100.00
7146,BRC0277A,Pedaço/ Unidade/ Fatia (M),80.00
7147,BRC0276A,Pedaço/ Unidade/ Fatia (M),100.00
7148,BRC0274A,Pedaço/ Unidade/ Fatia (M),90.00
7149,BRC0278A,Pedaço/ Unidade/ Fatia (M),90.00
7150,BRC0287A,Pedaço/ Unidade/ Fatia (M),90.00
7151,BRC0273A,Pedaço/ Unidade/ Fatia (M),90.00
7152,BRC0279A,Pedaço/ Unidade/ Fatia (M),90.00
7153,BRC0280A,Pedaço/ Unidade/ Fatia (M),100.00
7154,BRC0290A,Pedaço/ Unidade/ Fatia (M),100.00
7155,BRC0282A,Pedaço/ Unidade/ Fatia (M),90.00
7156,BRC0502A,Porção média,140.00
7157,BRC0009M,Unidade média,200.00
7158,BRC0412A,Porção média,160.00
7159,BRC1127F,Colher sopa cheia,20.00
7160,BRC1071F,Colher sopa cheia,20.00
7161,BRC0916F,Concha cheia,100.00
7162,BRC0227F,Concha cheia,100.00
7163,BRC0024U,Colher sobremesa rasa,10.00
7164,BRC0024U,Colher sopa rasa,15.00
7165,BRC0025U,Colher sobremesa rasa,10.00
7166,BRC0025U,Colher sopa rasa,15.00
7167,BRC1212B,Colher sopa rasa,10.00
7168,BRC1236B,Colher sopa rasa,9.00
7169,BRC1231A,Colher sopa cheia,9.00
7170,BRC0869A,Porção média,45.00
7171,BRC0234B,Colher sopa cheia,14.00
7172,BRC0234B,Colher sopa rasa,8.00
7173,BRC0233B,Colher sopa cheia,14.00
7174,BRC0233B,Colher sopa rasa,8.00
7175,BRC0082B,Xícara chá,30.00
7176,BRC0236B,Colher sopa cheia,14.00
7177,BRC0236B,Colher sopa rasa,8.00
7178,BRC0235B,Colher sopa cheia,14.00
7179,BRC0235B,Colher sopa rasa,8.00
7180,BRC0262C,Colher sopa cheia,25.00
7181,BRC0262C,Colher sopa rasa,15.00
7182,BRC0126K,Colher servir cheia,60.00
7183,BRC0126K,Colher servir rasa,40.00
7184,BRC0042T,Copo americano duplo,240.00
7185,BRC0042T,Copo americano pequeno,165.00
7186,BRC0182T,Copo americano duplo,240.00
7187,BRC0182T,Copo americano pequeno,165.00
7188,BRC0043T,Copo americano duplo,240.00
7189,BRC0043T,Copo americano pequeno,165.00
7190,BRC0045T,Copo americano duplo,240.00
7191,BRC0045T,Copo americano pequeno,165.00
7192,BRC0044T,Copo americano duplo,240.00
7193,BRC0044T,Copo americano pequeno,165.00
7194,BRC0046T,Copo americano duplo,240.00
7195,BRC0046T,Copo americano pequeno,165.00
7196,BRC0047T,Copo americano duplo,240.00
7197,BRC0047T,Copo americano pequeno,165.00
7198,BRC0048T,Colher sobremesa cheia,7.00
7199,BRC0048T,Colher sobremesa rasa,4.00
7200,BRC0048T,Colher sopa cheia,12.00
7201,BRC0048T,Colher sopa cheia,12.00
7202,BRC0048T,Colher sopa rasa,7.00
7203,BRC0282T,Colher sopa rasa,10.00
7204,BRC0040T,Colher sopa cheia,15.00
7205,BRC0041T,Colher sopa rasa,15.00
7206,BRC0039T,Colher sopa rasa,15.00
7207,BRC0212T,Colher sopa rasa,18.00
7208,BRC0213T,Colher sopa rasa,18.00
7209,BRC0148T,Colher sopa rasa,18.00
7210,BRC0147T,Colher sopa rasa,18.00
7211,BRC0049T,Colher sopa cheia,21.00
7212,BRC0049T,Colher sopa rasa,16.00
7213,BRC0050T,Colher sopa rasa,18.00
7214,BRC0054T,Colher sopa rasa,18.00
7215,BRC0051T,Colher sopa cheia,21.00
7216,BRC0051T,Colher sopa rasa,16.00
7217,BRC0052T,Colher sopa cheia,21.00
7218,BRC0052T,Colher sopa rasa,16.00
7219,BRC0053T,Colher sopa cheia,21.00
7220,BRC0053T,Colher sopa rasa,16.00
7221,BRC0055T,Colher sopa cheia,10.00
7222,BRC0055T,Colher sopa rasa,7.00
7223,BRC0169T,Colher sopa cheia,25.00
7224,BRC0170T,Colher sopa cheia,30.00
7225,BRC1053A,Pedaço/ Unidade/ Fatia (M),50.00
7226,BRC0896A,Pedaço/ Unidade/ Fatia (M),50.00
7227,BRC0838A,Pedaço/ Unidade/ Fatia (M),50.00
7228,BRC0202A,Pedaço/ Unidade/ Fatia (M),50.00
7229,BRC0662A,Pedaço/ Unidade/ Fatia (M),50.00
7230,BRC0837A,Pedaço/ Unidade/ Fatia (M),50.00
7231,BRC0736B,Colher sopa cheia,20.00
7232,BRC0736B,Concha cheia,130.00
7233,BRC0737B,Colher sopa cheia,20.00
7234,BRC0737B,Concha cheia,130.00
7235,BRC0738B,Colher sopa cheia,20.00
7236,BRC0738B,Concha cheia,130.00
7237,BRC0739B,Colher sopa cheia,20.00
7238,BRC0739B,Concha cheia,130.00
7239,BRC0886A,Colher sopa cheia,20.00
7240,BRC0886A,Colher sopa rasa,13.00
7241,BRC0886A,Concha cheia,130.00
7242,BRC0961F,Colher sopa cheia,20.00
7243,BRC0961F,Concha cheia,130.00
7244,BRC0962F,Colher sopa cheia,20.00
7245,BRC0962F,Concha cheia,130.00
7246,BRC0268B,Colher sopa cheia,20.00
7247,BRC0268B,Concha cheia,130.00
7248,BRC0267B,Colher sopa cheia,20.00
7249,BRC0267B,Concha cheia,130.00
7250,BRC0745B,Colher sopa cheia,20.00
7251,BRC0745B,Concha cheia,130.00
7252,BRC0743B,Colher sopa cheia,20.00
7253,BRC0743B,Concha cheia,130.00
7254,BRC0744B,Colher sopa cheia,20.00
7255,BRC0744B,Concha cheia,130.00
7256,BRC0143B,Colher sopa cheia,20.00
7257,BRC0143B,Concha cheia,130.00
7258,BRC0142B,Colher sopa cheia,20.00
7259,BRC0142B,Concha cheia,130.00
7260,BRC0248E,Colher sopa cheia,20.00
7261,BRC0248E,Concha cheia,130.00
7262,BRC0249E,Colher sopa cheia,20.00
7263,BRC0249E,Concha cheia,130.00
7264,BRC0891B,Colher sopa cheia,20.00
7265,BRC0891B,Colher sopa rasa,13.00
7266,BRC0891B,Concha cheia,130.00
7267,BRC0890B,Colher sopa cheia,20.00
7268,BRC0890B,Colher sopa rasa,13.00
7269,BRC0890B,Concha cheia,130.00
7270,BRC0068R,Colher sopa rasa,13.00
7271,BRC1111F,Colher sopa cheia,20.00
7272,BRC1111F,Concha cheia,130.00
7273,BRC1058A,Colher sopa cheia,20.00
7274,BRC1058A,Concha cheia,130.00
7275,BRC0959F,Colher sopa cheia,20.00
7276,BRC0959F,Concha cheia,130.00
7277,BRC1059A,Colher sopa cheia,20.00
7278,BRC1059A,Concha cheia,130.00
7279,BRC0960F,Colher sopa cheia,20.00
7280,BRC0960F,Concha cheia,130.00
7281,BRC1112F,Colher sopa cheia,20.00
7282,BRC1112F,Concha cheia,130.00
7283,BRC1109F,Colher sopa cheia,20.00
7284,BRC1109F,Concha cheia,130.00
7285,BRC1110F,Colher sopa cheia,20.00
7286,BRC1110F,Concha cheia,130.00
7287,BRC0069R,Colher sopa rasa,13.00
7288,BRC0846A,Concha cheia,130.00
7289,BRC0846A,Pedaço/ Unidade/ Fatia (M),200.00
7290,BRC0070R,Colher sopa rasa,13.00
7291,BRC0833A,Concha cheia,130.00
7292,BRC0071R,Colher sopa rasa,13.00
7293,BRC0072R,Colher sopa rasa,13.00
7294,BRC0073R,Colher sopa rasa,13.00
7295,BRC0125B,Concha cheia,130.00
7296,BRC0126B,Concha cheia,130.00
7297,BRC0067R,Colher sopa rasa,13.00
7298,BRC0228T,Colher sopa cheia,20.00
7299,BRC0228T,Concha cheia,130.00
7300,BRC0230T,Colher sopa cheia,20.00
7301,BRC0230T,Concha cheia,130.00
7302,BRC0232T,Colher sopa cheia,20.00
7303,BRC0232T,Concha cheia,130.00
7304,BRC0229T,Colher sopa cheia,20.00
7305,BRC0229T,Concha cheia,130.00
7306,BRC0231T,Colher sopa cheia,20.00
7307,BRC0231T,Concha cheia,130.00
7308,BRC0233T,Colher sopa cheia,20.00
7309,BRC0233T,Concha cheia,130.00
7310,BRC0234T,Colher sopa cheia,20.00
7311,BRC0234T,Concha cheia,130.00
7312,BRC0238T,Colher sopa cheia,20.00
7313,BRC0238T,Concha cheia,130.00
7314,BRC0235T,Colher sopa rasa,20.00
7315,BRC0235T,Concha cheia,130.00
7316,BRC0237T,Colher sopa cheia,20.00
7317,BRC0237T,Concha cheia,130.00
7318,BRC0132T,Colher sopa cheia,20.00
7319,BRC0132T,Concha cheia,130.00
7320,BRC0129T,Colher sopa cheia,20.00
7321,BRC0129T,Concha cheia,130.00
7322,BRC0131T,Colher sopa cheia,20.00
7323,BRC0131T,Concha cheia,130.00
7324,BRC0130T,Colher sopa cheia,20.00
7325,BRC0130T,Concha cheia,130.00
7326,BRC0127T,Colher sopa cheia,20.00
7327,BRC0127T,Concha cheia,130.00
7328,BRC0126T,Colher sopa cheia,20.00
7329,BRC0126T,Concha cheia,130.00
7330,BRC0133T,Colher sopa cheia,20.00
7331,BRC0133T,Concha cheia,130.00
7332,BRC0134T,Colher sopa cheia,20.00
7333,BRC0134T,Concha cheia,130.00
7334,BRC0128T,Colher sopa cheia,20.00
7335,BRC0128T,Concha cheia,130.00
7336,BRC0665A,Colher sopa cheia,20.00
7337,BRC0665A,Concha cheia,130.00
7338,BRC0074R,Colher sopa rasa,13.00
7339,BRC0947B,Colher sopa cheia,20.00
7340,BRC0947B,Concha cheia,130.00
7341,BRC0945B,Colher sopa cheia,20.00
7342,BRC0945B,Concha cheia,130.00
7343,BRC0946B,Colher sopa cheia,20.00
7344,BRC0946B,Concha cheia,130.00
7345,BRC0272B,Colher sopa cheia,20.00
7346,BRC0272B,Concha cheia,130.00
7347,BRC0271B,Colher sopa cheia,20.00
7348,BRC0271B,Concha cheia,130.00
7349,BRC1054A,Colher sopa cheia,20.00
7350,BRC1054A,Concha cheia,130.00
7351,BRC1056A,Colher sopa cheia,20.00
7352,BRC1056A,Concha cheia,130.00
7353,BRC1055A,Colher sopa cheia,20.00
7354,BRC1055A,Concha cheia,130.00
7355,BRC1057A,Colher sopa cheia,20.00
7356,BRC1057A,Concha cheia,130.00
7357,BRC0742B,Colher sopa cheia,20.00
7358,BRC0742B,Concha cheia,130.00
7359,BRC0829B,Colher sopa cheia,20.00
7360,BRC0829B,Concha cheia,130.00
7361,BRC0830B,Colher sopa cheia,20.00
7362,BRC0830B,Concha cheia,130.00
7363,BRC0740B,Colher sopa cheia,20.00
7364,BRC0740B,Concha cheia,130.00
7365,BRC0741B,Colher sopa rasa,20.00
7366,BRC0741B,Concha cheia,130.00
7367,BRC1030B,Colher sopa cheia,20.00
7368,BRC1030B,Concha cheia,130.00
7369,BRC0666A,Colher sopa cheia,20.00
7370,BRC0666A,Concha cheia,130.00
7371,BRC0668A,Colher sopa cheia,20.00
7372,BRC0668A,Concha cheia,130.00
7373,BRC0667A,Colher sopa cheia,20.00
7374,BRC0667A,Concha cheia,130.00
7375,BRC0663A,Colher sopa cheia,20.00
7376,BRC0663A,Concha cheia,130.00
7377,BRC0664A,Colher sopa cheia,20.00
7378,BRC0664A,Concha cheia,130.00
7379,BRC0939F,Colher sopa cheia,20.00
7380,BRC0939F,Concha cheia,130.00
7381,BRC0940F,Colher sopa cheia,20.00
7382,BRC0940F,Concha cheia,130.00
7383,BRC0957F,Colher sopa cheia,20.00
7384,BRC0957F,Concha cheia,130.00
7385,BRC0501F,Colher sopa cheia,20.00
7386,BRC0501F,Concha cheia,130.00
7387,BRC0958F,Colher sopa cheia,20.00
7388,BRC0958F,Concha cheia,130.00
7389,BRC0502F,Colher sopa cheia,20.00
7390,BRC0502F,Concha cheia,130.00
7391,BRC0499F,Colher sopa cheia,20.00
7392,BRC0499F,Concha cheia,130.00
7393,BRC0500F,Colher sopa cheia,20.00
7394,BRC0500F,Concha cheia,130.00
7395,BRC0251E,Colher sopa cheia,20.00
7396,BRC0251E,Concha cheia,130.00
7397,BRC0252E,Colher sopa cheia,20.00
7398,BRC0252E,Concha cheia,130.00
7399,BRC0258B,Colher sopa cheia,20.00
7400,BRC0258B,Concha cheia,130.00
7401,BRC0257B,Colher sopa cheia,20.00
7402,BRC0257B,Concha cheia,130.00
7403,BRC0734B,Colher sopa cheia,20.00
7404,BRC0734B,Concha cheia,130.00
7405,BRC0735B,Colher sopa cheia,20.00
7406,BRC0735B,Concha cheia,130.00
7407,BRC0820B,Colher sopa cheia,20.00
7408,BRC0820B,Concha cheia,130.00
7409,BRC1088B,Concha cheia,130.00
7410,BRC1089B,Concha cheia,130.00
7411,BRC1090B,Concha cheia,130.00
7412,BRC0246E,Colher sopa cheia,20.00
7413,BRC0246E,Concha cheia,130.00
7414,BRC0247E,Colher sopa cheia,20.00
7415,BRC0247E,Concha cheia,130.00
7416,BRC0817B,Colher sopa cheia,20.00
7417,BRC0817B,Concha cheia,130.00
7418,BRC0818B,Colher sopa cheia,20.00
7419,BRC0818B,Concha cheia,130.00
7420,BRC0123T,Colher sopa cheia,20.00
7421,BRC0123T,Concha cheia,130.00
7422,BRC0122T,Colher sopa cheia,20.00
7423,BRC0122T,Concha cheia,130.00
7424,BRC0135T,Colher sopa cheia,20.00
7425,BRC0135T,Concha cheia,130.00
7426,BRC0749B,Colher sopa cheia,20.00
7427,BRC0749B,Concha cheia,130.00
7428,BRC0750B,Colher sopa cheia,20.00
7429,BRC0750B,Concha cheia,130.00
7430,BRC0746B,Colher sopa cheia,20.00
7431,BRC0746B,Concha cheia,130.00
7432,BRC0747B,Colher sopa cheia,200.00
7433,BRC0747B,Concha cheia,130.00
7434,BRC0141K,Porção média,50.00
7435,BRC0059N,Porção média,50.00
7436,BRC0193K,Pedaço/ Unidade/ Fatia (M),80.00
7437,BRC0099K,Pedaço/ Unidade/ Fatia (M),60.00
7438,BRC0295C,Porção média,50.00
7439,BRC0482F,Pedaço/ Unidade/ Fatia (M),100.00
7440,BRC0218F,Colher sopa cheia,25.00
7441,BRC0218F,Concha cheia,100.00
7442,BRC0888F,Concha cheia,100.00